"Time (s)","Linear Acceleration x (m/s^2)","Linear Acceleration y (m/s^2)","Linear Acceleration z (m/s^2)","Absolute acceleration (m/s^2)"
3.513069500E-2,2.489805222E-3,-1.356311142E-3,-3.356647491E-2,3.368600523E-2
4.514054100E-2,2.875971794E-2,1.072672009E-2,-9.582138062E-2,1.006176967E-1
5.515038700E-2,4.066818953E-2,-8.321054280E-3,-7.906627655E-2,8.930071484E-2
6.512946400E-2,3.681778908E-2,1.126114279E-2,-8.698463440E-2,9.512460014E-2
7.513931000E-2,4.217225313E-2,4.009015858E-3,-6.340980530E-2,7.625860312E-2
8.514915600E-2,3.407967091E-2,4.062429070E-3,-7.808685303E-2,8.529644726E-2
9.512831000E-2,3.647917509E-2,-7.325187325E-4,-9.031772614E-2,9.740923187E-2
1.051380790E-1,5.168589950E-2,8.841089904E-3,-7.377147675E-2,9.050871703E-2
1.151479260E-1,4.011240602E-2,1.381136477E-3,-6.717014313E-2,7.824794427E-2
1.251270790E-1,3.334146738E-2,-3.476724029E-3,-7.445716858E-2,8.165544079E-2
1.351368490E-1,3.711512685E-2,6.150320172E-3,-8.648109436E-2,9.430980204E-2
1.451464640E-1,2.256852388E-2,1.475647092E-3,-7.691478729E-2,8.017106903E-2
1.551258490E-1,8.227080107E-3,1.346085966E-2,-7.028961182E-2,7.203824761E-2
1.651356180E-1,2.659857273E-3,-2.005796134E-2,-6.541824341E-2,6.847585870E-2
1.751454640E-1,-1.776576042E-3,-9.732991457E-4,-6.288242340E-2,6.291504356E-2
1.851246180E-1,-1.284116507E-2,1.420900226E-3,-5.313491821E-2,5.468303221E-2
1.951343870E-1,-2.100169659E-2,-1.061583310E-2,-7.687759399E-2,8.039857978E-2
2.051442330E-1,-1.416850090E-2,6.077289581E-3,-4.791450500E-2,5.033368312E-2
2.151233870E-1,-2.866417170E-2,-1.553975046E-2,-5.963897705E-2,6.797003874E-2
2.251332330E-1,-3.818535805E-2,-3.634914756E-3,-5.219650269E-2,6.477506516E-2
2.351430030E-1,-5.469846725E-2,-1.246878505E-2,-3.963375092E-2,6.868935239E-2
2.451221570E-1,-6.402450800E-2,-2.955235541E-3,-2.977848053E-2,7.067268881E-2
2.551319260E-1,-4.566514492E-2,8.447647095E-3,-2.182769775E-2,5.131390251E-2
2.651417720E-1,-6.780260801E-2,-1.070937514E-2,-2.158927917E-2,7.195819164E-2
2.751513870E-1,-4.783546925E-2,1.041373610E-2,-2.535247803E-2,5.513099092E-2
2.851306950E-1,-5.447441339E-2,-1.504376531E-3,-1.799774170E-2,5.739027417E-2
2.951405410E-1,-3.164374828E-2,-5.364105105E-3,-1.257038116E-2,3.446904280E-2
3.051503880E-1,-3.840798140E-2,-5.829408765E-4,-2.691078186E-2,4.690099184E-2
3.151294640E-1,-4.072546959E-2,1.184049994E-2,-4.454612732E-3,4.264510390E-2
3.251393110E-1,8.175909519E-3,2.196542919E-3,-3.326988220E-2,3.433009407E-2
3.351491570E-1,1.320654154E-2,6.973899901E-3,-4.537391663E-2,4.776861239E-2
3.451283110E-1,2.265632153E-2,4.628621042E-3,-2.398109436E-2,3.331404996E-2
3.551380800E-1,4.133743048E-2,-9.624496102E-3,-3.134059906E-2,5.276028083E-2
3.651479260E-1,2.398043871E-2,2.342872322E-3,-4.109859467E-2,4.764079108E-2
3.751270800E-1,2.817708254E-2,9.644918144E-3,-5.804061890E-2,6.523561810E-2
3.851368490E-1,3.488272429E-2,2.578340471E-3,-3.666782379E-2,5.067525624E-2
3.951464650E-1,3.704112768E-2,2.746768296E-3,-4.400920868E-2,5.758819605E-2
4.051258490E-1,4.907816648E-2,5.058549345E-3,-5.851268768E-2,7.653750693E-2
4.151356190E-1,5.898392200E-2,9.937889874E-3,-3.708934784E-2,7.038099483E-2
4.251454650E-1,3.590005636E-2,-4.330612719E-3,-5.154609680E-2,6.296481834E-2
4.351246190E-1,4.445493221E-2,-4.294045269E-3,-5.400085449E-2,7.007690139E-2
4.451343880E-1,4.863762856E-2,-6.701871753E-3,-4.924869537E-2,6.954112447E-2
4.551442340E-1,4.834419489E-2,1.488561928E-2,-4.447746277E-2,6.735716395E-2
4.651233880E-1,3.195101023E-2,-6.672717631E-3,-5.403232574E-2,6.312594111E-2
4.751332340E-1,3.027743101E-2,-1.896351576E-3,-5.638408661E-2,6.402721453E-2
4.851430030E-1,4.808479548E-2,7.658801973E-3,-4.435062408E-2,6.586184525E-2
4.951221570E-1,4.456341267E-2,-1.377309859E-2,-3.948879242E-2,6.111432500E-2
5.051320030E-1,1.011770964E-2,3.095902503E-3,-2.503776550E-2,2.718165488E-2
5.151417730E-1,9.390175343E-3,2.228824049E-2,-2.254486084E-2,3.306375368E-2
5.251513880E-1,2.063775063E-2,7.942274213E-3,-2.005100250E-2,2.985027926E-2
5.351306960E-1,1.280885935E-2,3.176689148E-3,-2.952289581E-2,3.233820664E-2
5.451405420E-1,4.898905754E-3,-1.523286104E-3,-2.224254608E-2,2.282653137E-2
5.551503880E-1,6.232559681E-3,1.286214590E-2,-2.216243744E-2,2.637144726E-2
5.651294650E-1,-9.496033192E-3,9.173899889E-4,-1.731204987E-2,1.976672257E-2
5.751393110E-1,-4.007875919E-3,-8.557140827E-3,-5.557823181E-2,5.637577121E-2
5.851491570E-1,5.940496922E-3,1.069525629E-2,-1.964282990E-2,2.314127864E-2
5.951283110E-1,1.313138008E-2,5.939178169E-3,-3.640270233E-2,3.915180350E-2
6.051380810E-1,1.260602474E-2,1.069702208E-2,-3.164577484E-2,3.570424634E-2
6.151479270E-1,1.184707880E-2,3.551572561E-3,-1.972103119E-2,2.327844529E-2
6.251270810E-1,1.791048050E-2,5.980074406E-3,-3.176021576E-2,3.694939657E-2
6.351368500E-1,3.345215321E-2,-1.061371714E-2,-1.986408234E-2,4.032715354E-2
6.451464650E-1,1.288169622E-2,6.180658937E-3,-3.431510925E-2,3.717075955E-2
6.551258500E-1,2.109396458E-2,1.829825342E-2,-2.960968018E-2,4.070030196E-2
6.651356190E-1,1.501142979E-2,3.969267011E-3,-2.968883514E-2,3.350410478E-2
6.751454650E-1,2.102100849E-2,8.789166808E-3,-3.694152832E-2,4.340286587E-2
6.851246190E-1,2.002525330E-2,-8.078441024E-4,-4.418182373E-2,4.851491451E-2
6.951343880E-1,1.448559761E-2,4.016011953E-3,-3.943920135E-2,4.220677071E-2
7.051442350E-1,5.229157209E-2,8.769191802E-3,-3.228664398E-2,6.207845533E-2
7.151233880E-1,3.274047375E-2,8.791357279E-3,-3.709888458E-2,5.025488853E-2
7.251332350E-1,3.483414650E-2,8.747585118E-3,-4.190444946E-2,5.518986223E-2
7.351430040E-1,-1.225531101E-3,-8.027255535E-4,-3.473091125E-2,3.476179644E-2
7.451221580E-1,9.717881680E-2,-1.274581999E-2,-9.457206726E-2,1.361985839E-1
7.551319270E-1,7.586187124E-2,1.365505904E-2,-9.216403961E-2,1.201486344E-1
7.651417730E-1,5.373817682E-2,2.558720857E-2,-1.065254211E-2,6.046464706E-2
7.751513890E-1,3.541463614E-2,6.383173168E-3,-7.749652863E-2,8.544386052E-2
7.851307730E-1,2.301913500E-2,6.391815841E-3,-1.498603821E-2,2.820136924E-2
7.951405430E-1,-2.226316929E-2,2.321305871E-2,-3.144454956E-2,4.498060136E-2
8.051503890E-1,-4.109871387E-2,1.125588268E-2,-7.190704346E-3,4.321464342E-2
8.151294660E-1,-6.036937237E-2,6.497688591E-3,-6.902694702E-3,6.110915047E-2
8.251393120E-1,-6.415706873E-2,-5.552098155E-3,1.006793976E-2,6.517912759E-2
8.351491580E-1,-8.139491081E-2,1.604154706E-2,7.793426514E-3,8.332586774E-2
8.451283120E-1,-6.412947178E-2,-5.411222577E-3,1.261138916E-2,6.558138163E-2
8.551380810E-1,-3.391277790E-2,-7.820069790E-3,-2.575302124E-2,4.329489692E-2
8.651479270E-1,-7.197260857E-4,6.586790085E-3,-9.161949158E-3,1.130686171E-2
8.751270810E-1,-6.646513939E-3,9.014427662E-3,-1.416969299E-2,1.806145767E-2
8.851368500E-1,-6.099760532E-3,9.162992239E-3,-4.855155945E-3,1.203079567E-2
8.951464660E-1,1.049315929E-2,-9.830839932E-3,-1.081104279E-1,1.090624427E-1
9.051258500E-1,1.747632027E-2,4.579566419E-3,-1.264476776E-2,2.205185594E-2
9.151356200E-1,5.116105080E-2,1.192724705E-2,-1.015090942E-1,1.142970190E-1
9.251454660E-1,9.167069197E-2,-2.265140414E-3,-5.392360687E-2,1.063785787E-1
9.351246200E-1,7.377970219E-2,7.241308689E-3,-1.403226852E-1,1.587020384E-1
9.451343890E-1,7.194459438E-2,-7.139295340E-3,1.758670807E-2,7.440622622E-2
9.551442350E-1,4.018050432E-2,4.935517907E-3,-9.019088745E-2,9.885964012E-2
9.651233890E-1,4.508227110E-2,7.253110409E-3,-3.990554810E-2,6.064215981E-2
9.751332350E-1,4.844886065E-2,-4.677198827E-3,-8.533859253E-2,9.824379706E-2
9.851430050E-1,1.896089315E-2,7.212176919E-3,-1.820373535E-2,2.725631937E-2
9.951221580E-1,-1.457828283E-2,7.187165320E-3,-1.087951660E-2,1.955877187E-2
1.005131928E0,-3.831017017E-2,1.913554966E-2,-5.860900879E-2,7.258687423E-2
1.015141774E0,-3.605258465E-2,1.684539020E-2,1.334953308E-2,4.197339710E-2
1.025151389E0,-3.880304098E-2,9.655602276E-3,-2.004718781E-2,4.473026250E-2
1.035130697E0,-4.509049654E-2,4.863619804E-3,3.028488159E-2,5.453422530E-2
1.045140543E0,-2.125304937E-2,2.505980432E-3,-3.436470032E-2,4.048338762E-2
1.055150389E0,1.442909241E-3,7.272891700E-3,1.583862305E-2,1.748825094E-2
1.065129466E0,4.267770052E-2,1.684254408E-2,-8.004093170E-2,9.225837718E-2
1.075139312E0,1.053247452E-1,7.298357785E-3,-6.100654602E-2,1.219359120E-1
1.085149159E0,1.525598764E-1,-9.438827634E-3,-1.209001541E-1,1.948857476E-1
1.095128312E0,1.801607311E-1,9.648256004E-3,-8.969974518E-2,2.014870273E-1
1.105138082E0,2.127363086E-1,-1.667228341E-2,-1.301717758E-1,2.499587831E-1
1.115147928E0,2.072253525E-1,7.202640176E-3,-7.710933685E-2,2.212240371E-1
1.125127082E0,1.429732740E-1,9.382702410E-3,-1.794490814E-1,2.296331096E-1
1.135136851E0,1.439511478E-1,-2.187682688E-2,7.035636902E-2,1.617113081E-1
1.145146697E0,-1.181889176E-1,-5.412176251E-3,-1.947307587E-2,1.199045979E-1
1.155125851E0,-4.805040359E-2,2.077141404E-2,1.326704025E-1,1.426244321E-1
1.165135620E0,3.250980377E-2,1.114636660E-2,4.624366760E-3,3.467727783E-2
1.175145467E0,3.409791291E-1,1.086759716E-1,-2.649431229E-1,4.452775445E-1
1.185124620E0,3.285503983E-1,2.885848284E-3,1.693973541E-1,3.696608661E-1
1.195134390E0,5.329513550E-1,-1.891752332E-2,-2.961893082E-1,6.100189552E-1
1.205144236E0,5.862634182E-1,2.138420194E-2,-3.853225708E-2,5.879173534E-1
1.215123390E0,6.013597846E-1,4.062777013E-2,-1.666212082E-1,6.253373756E-1
1.225133236E0,4.712780118E-1,1.427748054E-2,-1.808614731E-1,5.049927557E-1
1.235143005E0,-2.954792976E-2,1.441229880E-2,3.168010712E-2,4.565548923E-2
1.245122159E0,-1.857724190E-1,-3.090929985E-2,-2.909660339E-2,1.905607221E-1
1.255131928E0,-3.586843014E-1,-8.811187744E-2,-3.298006058E-1,4.951631757E-1
1.265141774E0,-4.926493168E-1,-1.475626230E-1,-4.370136261E-1,6.748770158E-1
1.275151390E0,-4.720039368E-1,9.017740935E-2,1.216856956E0,1.308304450E0
1.285130698E0,-7.765648365E-1,1.767547727E-1,1.171469688E0,1.416557950E0
1.295140544E0,-2.937948704E-1,-4.856891185E-2,-9.541807175E-1,9.995675098E-1
1.305150390E0,-3.933241367E-1,-9.567074478E-2,-2.211618423E-1,4.612692581E-1
1.315129467E0,1.201697588E-1,-1.878618598E-1,9.193878174E-1,9.460479946E-1
1.325139313E0,-3.558691740E-1,2.351477742E-4,-3.731918335E-1,5.156695346E-1
1.335149159E0,-7.441246510E-1,7.422648370E-3,-7.244768143E-1,1.038577511E0
1.345128313E0,-8.340169191E-1,1.056992859E-1,2.181959152E-1,8.685424675E-1
1.355138082E0,-7.383227348E-1,1.997166127E-2,-2.164840698E-4,7.385928343E-1
1.365147929E0,-1.240455389E0,4.905575514E-2,-9.686079025E-1,1.574591156E0
1.375127082E0,-1.092938900E0,-5.625150353E-2,7.693843842E-1,1.337771281E0
1.385136852E0,-8.829667568E-1,-1.073939800E-1,1.103931427E0,1.417684152E0
1.395146467E0,-9.584608078E-1,9.042086452E-2,-1.780974865E0,2.024523283E0
1.405125852E0,-1.360430956E0,3.127778322E-2,-7.807397842E-1,1.568854772E0
1.415135621E0,-1.165797949E0,-1.516140997E-1,7.781505585E-2,1.178187963E0
1.425145467E0,-7.638478279E-1,-8.735915273E-2,6.599225998E-1,1.013209240E0
1.435124621E0,2.266163826E-1,-1.453859359E-2,4.257868767E0,4.263919886E0
1.445134390E0,3.922033310E-1,-8.070735633E-2,1.800270081E0,1.844263943E0
1.455144236E0,-7.393140793E-1,-1.838006973E-1,8.984441757E-1,1.177951587E0
1.465123390E0,-1.393208504E0,-2.061766982E-1,2.982301712E-1,1.439611059E0
1.475133236E0,-1.330123663E0,-2.002933323E-1,-8.693552017E-1,1.601600713E0
1.485143006E0,-1.408343315E0,-1.751591116E-1,-1.737298965E-1,1.429787986E0
1.495122160E0,-1.250715733E0,-2.281690538E-1,-1.834001541E-1,1.284518033E0
1.505131929E0,-1.093347311E0,-2.206766307E-1,-1.805763245E-1,1.129917841E0
1.515141775E0,-1.113610506E0,-1.667284220E-1,-5.672168732E-2,1.127450254E0
1.525151390E0,-1.157364368E0,-4.677639902E-2,-1.289720535E-1,1.165467333E0
1.535130698E0,-1.184198618E0,3.032290936E-2,-2.584438324E-1,1.212451673E0
1.545140544E0,-1.053476572E0,1.147756577E-1,-2.337360382E-1,1.085181494E0
1.555150391E0,-1.103999853E0,1.228377074E-1,-2.218122482E-1,1.132742447E0
1.565129467E0,-1.144292355E0,1.524832398E-1,-1.671056747E-1,1.166439213E0
1.575139314E0,-1.221934795E0,1.191245019E-1,-6.891822815E-2,1.229660528E0
1.585149160E0,-1.378053188E0,1.372577995E-1,-2.544784546E-2,1.385105731E0
1.595128314E0,-1.389238358E0,1.151997745E-1,-7.802391052E-2,1.396188359E0
1.605138083E0,-1.319606781E0,1.120515615E-1,-2.119207382E-1,1.341203940E0
1.615147929E0,-1.413062096E0,9.391456842E-2,-2.161703110E-1,1.432582994E0
1.625127083E0,-1.348412514E0,8.420184255E-3,-1.383352280E-1,1.355516080E0
1.635136852E0,-1.031212330E0,8.762109280E-2,4.018497467E-2,1.035708046E0
1.645146468E0,-1.278968811E0,-8.787089586E-2,-5.615901947E-2,1.283213291E0
1.655125852E0,-1.001340866E0,-8.658109605E-2,-1.983442307E-1,1.024460956E0
1.665135622E0,-5.296630859E-1,-9.924799204E-2,-9.794235229E-2,5.477096429E-1
1.675145468E0,-2.525987625E-1,-4.257594049E-2,-2.729539871E-1,3.743297004E-1
1.685124622E0,1.790904999E-2,1.184576750E-2,-4.950246811E-1,4.954901524E-1
1.695134391E0,1.740198135E-1,2.912473679E-2,-5.216441154E-1,5.506757022E-1
1.705144237E0,1.848883629E-1,4.345953465E-2,-6.562004089E-1,6.831335262E-1
1.715123391E0,1.251511574E-1,1.133596897E-2,-6.652607918E-1,6.770252857E-1
1.725133237E0,1.879076958E-1,-4.893438518E-2,-6.065211296E-1,6.368451592E-1
1.735143006E0,2.925691605E-1,-5.421330035E-2,-5.151858330E-1,5.949388524E-1
1.745122160E0,5.328416824E-1,-2.034928203E-1,-4.719138145E-1,7.402919929E-1
1.755131929E0,5.469608307E-1,-3.125686049E-1,-2.519841194E-1,6.784992849E-1
1.765141776E0,4.451169968E-1,-3.546991050E-1,-1.336874962E-1,5.846477081E-1
1.775120929E0,3.337826729E-1,-3.209314942E-1,-4.863691330E-2,4.655893534E-1
1.785130699E0,2.744579315E-1,-2.025744021E-1,-7.414054871E-2,3.490850405E-1
1.795140545E0,2.542643547E-1,-1.104953140E-1,-1.440739632E-1,3.124370070E-1
1.805150391E0,2.540836334E-1,-9.265124798E-2,-1.532526016E-1,3.108522260E-1
1.815129468E0,2.141919136E-1,-1.191899478E-1,-4.416513443E-2,2.490682208E-1
1.825139314E0,1.772699356E-1,-1.284086406E-1,-1.169185638E-1,2.481599477E-1
1.835149160E0,1.517200470E-1,-9.898811579E-2,-1.501893997E-1,2.353178181E-1
1.845128314E0,1.808004379E-1,-3.518831730E-2,-1.895279884E-1,2.642874844E-1
1.855138084E0,1.934585571E-1,5.731198192E-2,-3.320684433E-1,3.885618710E-1
1.865147930E0,1.321749687E-1,8.294969797E-2,-3.651871681E-1,3.971303848E-1
1.875127084E0,1.529035568E-1,1.306642592E-1,-4.421615601E-1,4.857566176E-1
1.885136853E0,-1.574287415E-1,3.563933671E-1,1.010489464E-1,4.025058140E-1
1.895146468E0,-9.705467224E-1,2.078172863E-1,-9.619603157E-1,1.382214388E0
1.905125853E0,-3.885583878E-1,2.469168603E-1,-4.747920036E-1,6.613418203E-1
1.915135622E0,-1.971502304E-1,2.317961454E-1,-7.547683716E-1,8.138015490E-1
1.925145468E0,-1.075224876E-1,1.915636957E-1,-6.041336060E-1,6.428336867E-1
1.935124622E0,-6.532192230E-3,2.070018947E-1,-7.143545151E-1,7.437706818E-1
1.945134391E0,1.252737045E-1,1.592428386E-1,-7.858576775E-1,8.115565735E-1
1.955144238E0,2.717404366E-1,6.242260337E-2,-6.981973648E-1,7.518104858E-1
1.965123391E0,5.165328979E-1,4.008510709E-2,-9.241943359E-1,1.059503762E0
1.975133238E0,6.077384949E-1,-8.895714581E-2,-7.886075974E-1,9.995806093E-1
1.985143007E0,6.371440887E-1,-7.911145687E-3,-9.000477791E-1,1.102769777E0
1.995122161E0,5.081295967E-1,-1.176047325E-2,-6.014719009E-1,7.874658363E-1
2.005131930E0,4.748511314E-1,1.836711168E-2,-5.986347198E-1,7.643196161E-1
2.015141776E0,5.430026054E-1,1.491856575E-2,-5.678181648E-1,7.858065038E-1
2.025120930E0,5.792217255E-1,-4.902750254E-3,-5.775871277E-1,8.180028938E-1
2.035130776E0,5.480937958E-1,-3.849802911E-2,-4.948344231E-1,7.394254617E-1
2.045140546E0,5.137624741E-1,-5.616180599E-2,-4.104752541E-1,6.599969412E-1
2.055150392E0,5.199666023E-1,-7.510998845E-2,-4.150524139E-1,6.695336319E-1
2.065129469E0,5.289173126E-1,-1.022617519E-1,-3.858647346E-1,6.626481592E-1
2.075139315E0,5.043573380E-1,-7.868234813E-2,-4.540710449E-1,6.831893955E-1
2.085149161E0,5.625829697E-1,-6.699462235E-2,-4.883160591E-1,7.479575194E-1
2.095128315E0,4.344420433E-1,2.359750867E-2,-4.755167961E-1,6.445253717E-1
2.105138084E0,3.394036293E-1,1.146365851E-1,-4.119687080E-1,5.459437578E-1
2.115147930E0,2.564353943E-1,1.982961446E-1,-4.668388367E-1,5.683475801E-1
2.125127084E0,8.461380005E-2,3.262994885E-1,-3.928651810E-1,5.176619571E-1
2.135136853E0,6.262493134E-2,3.511406779E-1,-2.816972733E-1,4.545052381E-1
2.145146469E0,5.943393707E-2,3.676472008E-1,-1.794180870E-1,4.133856639E-1
2.155125853E0,8.423614502E-2,3.397189081E-1,-1.445569992E-1,3.786837607E-1
2.165135623E0,9.824848175E-2,2.791789174E-1,-1.346411705E-1,3.251490072E-1
2.175145469E0,1.152954102E-1,2.442335635E-1,-1.569123268E-1,3.123532351E-1
2.185124623E0,4.758167267E-2,2.200569361E-1,-1.671957970E-1,2.804344937E-1
2.195134392E0,-2.225399017E-2,2.248712778E-1,-1.581864357E-1,2.758356034E-1
2.205144238E0,7.290940285E-1,1.330495328E-1,3.393840790E-2,7.419111106E-1
2.215123392E0,-1.742105484E-1,1.790364981E-1,-1.013450623E-1,2.695815358E-1
2.225133238E0,-6.624450684E-1,1.075000167E-1,-6.543421745E-1,9.373117963E-1
2.235143008E0,-1.652145386E-1,1.768417060E-1,-2.347979546E-1,3.371926930E-1
2.245122161E0,-1.947488785E-1,1.746432930E-1,-3.858718872E-1,4.661807791E-1
2.255131931E0,-2.335109711E-1,2.317030877E-1,-3.561763763E-1,4.848456512E-1
2.265141777E0,-2.230443954E-1,2.495213747E-1,-3.664207458E-1,4.962598934E-1
2.275120931E0,-1.789293289E-1,2.494099587E-1,-3.829193115E-1,4.907629075E-1
2.285130777E0,-1.744489670E-1,1.359793693E-1,-3.051643372E-1,3.768926951E-1
2.295140546E0,-1.810607910E-1,6.986336410E-2,-2.379560471E-1,3.070618505E-1
2.305150392E0,-9.351253510E-2,3.028202057E-2,-2.265081406E-1,2.469160439E-1
2.315129469E0,1.670169830E-2,1.106637716E-2,-2.531528473E-1,2.539444339E-1
2.325139315E0,4.902458191E-2,1.279574633E-2,-2.890262604E-1,2.934336721E-1
2.335149162E0,-4.005336761E-2,9.273636341E-2,-2.295937538E-1,2.508338038E-1
2.345128315E0,-9.692668915E-2,8.887714148E-2,-2.274379730E-1,2.627203093E-1
2.355138085E0,-2.829323769E0,7.652542591E-1,3.397109032E0,4.486762401E0
2.365147931E0,7.851532459E0,-2.127046585E0,-1.058092117E1,1.334641457E1
2.375127085E0,-1.284525871E0,-7.271927595E-2,5.346819878E0,5.499434299E0
2.385136854E0,7.154703140E-1,-6.019998193E-1,-1.468709230E0,1.741094011E0
2.395146469E0,-6.674547195E-1,-6.101582944E-2,4.502792358E-1,8.074466696E-1
2.405125854E0,-1.063444138E0,6.621542573E-1,3.409705162E-1,1.298315288E0
2.415135623E0,-4.917020798E-1,2.355308235E-1,-1.680085659E-1,5.705020441E-1
2.425145469E0,-2.617206573E-1,-4.349850118E-2,-1.113035679E-1,2.877121935E-1
2.435124623E0,-2.473468781E-1,-3.134153783E-1,-4.774584770E-1,6.223955934E-1
2.445134393E0,-4.038953781E-1,-1.982152462E-1,-4.636356831E-1,6.460486103E-1
2.455144239E0,-2.908487320E-1,-2.015121728E-1,-7.282061577E-1,8.096198792E-1
2.465123393E0,-3.336219788E-1,-2.061458826E-1,-5.328052044E-1,6.615747391E-1
2.475133239E0,-2.869501114E-1,-2.020641863E-1,-5.236632824E-1,6.303915729E-1
2.485143008E0,-2.621955872E-1,-1.638309658E-1,-3.839128017E-1,4.929261107E-1
2.495122162E0,-2.628574371E-1,-2.172358185E-1,-1.101524830E-1,3.583559719E-1
2.505131931E0,-2.030391693E-1,-1.115629375E-1,-5.030980110E-1,5.538761612E-1
2.515141777E0,-1.987743378E-1,1.492496580E-2,-4.929475784E-1,5.317248415E-1
2.525120931E0,-1.581459045E-1,-3.695636988E-4,-5.511767864E-1,5.734161783E-1
2.535130701E0,-1.910610199E-1,-3.722776473E-2,-6.074774265E-1,6.379020642E-1
2.545140547E0,-2.563610077E-1,-7.038658857E-2,-6.265869141E-1,6.806514519E-1
2.555150393E0,-2.645778656E-1,-9.977628291E-2,-6.030728817E-1,6.660733100E-1
2.565129470E0,-2.924451828E-1,-8.401903510E-2,-6.089568138E-1,6.807435525E-1
2.575139316E0,-2.393140793E-1,-5.196494609E-2,-6.304085255E-1,6.763035510E-1
2.585149162E0,-1.744852066E-1,9.994592518E-3,-6.223964691E-1,6.464691361E-1
2.595128316E0,-1.147851944E-1,-2.276711166E-4,-7.024264336E-1,7.117433437E-1
2.605138085E0,-8.278179169E-2,1.063005626E-1,-2.564244270E-1,2.896655337E-1
2.615147931E0,5.702400208E-2,9.619060904E-2,-2.466776371E-1,2.708398544E-1
2.625127085E0,-4.335117340E-2,1.509067416E-2,-4.965789318E-1,4.986959877E-1
2.635136855E0,-8.858108521E-2,4.502294585E-2,-4.810357094E-1,4.911914372E-1
2.645146470E0,-8.334159851E-2,4.231916741E-2,-7.261439562E-1,7.321350825E-1
2.655125855E0,-1.221542358E-1,2.825418487E-2,-6.570266485E-1,6.688826303E-1
2.665135624E0,-1.376085281E-1,-1.376483589E-2,-5.643692017E-1,5.810664106E-1
2.675145470E0,-1.155195236E-1,1.870674640E-2,-6.501104832E-1,6.605591140E-1
2.685124624E0,-5.362129211E-2,6.124328822E-3,-5.007978678E-1,5.036975826E-1
2.695134393E0,-2.389411926E-1,9.388583153E-2,-5.318880081E-1,5.906033323E-1
2.705144239E0,-4.548282623E-1,-2.638548613E-1,-9.867956638E-1,1.118147494E0
2.715123393E0,-1.806240082E-1,-1.841749549E-1,-4.636316299E-1,5.305654857E-1
2.725133239E0,-7.507228851E-2,-2.673471719E-2,-1.446323395E-1,1.651336042E-1
2.735143009E0,-3.754520416E-2,-4.693849757E-2,-5.110253096E-1,5.145480851E-1
2.745122163E0,-5.070114136E-2,6.642462313E-2,-4.226268530E-1,4.308088824E-1
2.755131932E0,-6.670188904E-2,-3.784618527E-2,-2.005728483E-1,2.147345879E-1
2.765141778E0,7.275676727E-2,1.579429209E-2,-2.382102013E-1,2.495738505E-1
2.775120932E0,1.016540527E-1,6.929609179E-2,-1.851198673E-1,2.222720406E-1
2.785130701E0,8.265304565E-2,2.274170145E-2,-2.061983347E-1,2.233080029E-1
2.795140547E0,4.697132111E-2,2.223696560E-2,-2.717816830E-1,2.767057478E-1
2.805150393E0,3.053951263E-2,1.505501941E-2,-3.644646406E-1,3.660516216E-1
2.815129470E0,9.303092957E-2,4.642865062E-2,-3.892167807E-1,4.028648356E-1
2.825139317E0,-1.293392181E-1,1.845270023E-2,-4.424685240E-1,4.613540183E-1
2.835149163E0,-7.409286499E-2,-1.743513346E-1,-2.348725796E-1,3.017503424E-1
2.845128317E0,5.778312683E-2,7.409487665E-2,-4.702916741E-1,4.795864878E-1
2.855138086E0,5.978679657E-2,8.241757751E-4,-4.491671026E-1,4.531293704E-1
2.865147932E0,3.755664825E-2,3.024630621E-2,-4.807079136E-1,4.831205223E-1
2.875127086E0,4.817008972E-2,1.613404602E-2,-5.121744871E-1,5.146876434E-1
2.885136855E0,-1.869773865E-2,1.319864765E-2,-5.894897580E-1,5.899338815E-1
2.895146471E0,-2.062606812E-1,4.287059233E-2,-7.863777876E-1,8.141077208E-1
2.905125855E0,3.998339176E0,3.131691515E-1,-2.660123348E0,4.812592577E0
2.915135625E0,-9.754972458E-1,3.161875606E-1,2.311786890E0,2.529017215E0
2.925145471E0,-1.291249275E0,-2.483553886E0,-1.234345436E0,3.059243902E0
2.935124625E0,-7.925701141E-1,-1.715968013E0,-4.235816956E0,4.638411246E0
2.945134394E0,8.666753769E-1,-1.513255954E0,-6.388670444E0,6.622399855E0
2.955144240E0,3.471431732E-1,2.000393867E-1,1.326440334E0,1.385629135E0
2.965123394E0,2.939835548E0,7.498877048E-1,-1.426280141E0,3.352497526E0
2.975133240E0,1.374186516E0,-5.694251508E-2,-4.123518467E0,4.346842024E0
2.985143009E0,-3.387833595E0,-1.794358015E0,-1.809866875E-1,3.837954317E0
2.995122163E0,-7.399559021E-3,-2.385712862E-1,3.259281397E0,3.268009522E0
3.005131932E0,-5.116462708E-3,8.466506004E-1,2.598205805E0,2.732675762E0
3.015141779E0,-1.559438705E-1,1.135358214E0,-1.147471428E0,1.621742101E0
3.025120932E0,5.958623886E-1,1.059195995E-1,1.011542678E0,1.178766108E0
3.035130702E0,6.079473495E-1,-9.631043673E-1,-4.602738857E0,4.741558287E0
3.045140548E0,-6.850233078E-1,9.344934821E-1,3.151404142E0,3.357660356E0
3.055150394E0,4.403553009E-1,-2.064914852E-1,-1.901342750E0,1.962563572E0
3.065129471E0,-2.851638794E-1,5.725245550E-2,5.235358477E-1,5.989040537E-1
3.075139317E0,-1.558952332E-1,-6.396707892E-2,-5.869973898E-1,6.107053680E-1
3.085149163E0,-1.032390594E-1,4.089000821E-2,-2.397819757E-1,2.642455147E-1
3.095128317E0,2.606868744E-2,-6.827296317E-2,-5.844944715E-1,5.890454662E-1
3.105138087E0,1.099128723E-1,-1.312326938E-1,-9.124357700E-1,9.283544010E-1
3.115147933E0,2.136516571E-2,-3.208089992E-2,-7.100485563E-1,7.110939507E-1
3.125127087E0,-1.352872849E-1,-2.541245520E-2,1.558089852E-1,2.079059456E-1
3.135136856E0,-6.977653503E-2,-2.238295227E-2,-8.607278466E-1,8.638415291E-1
3.145146471E0,2.799606323E-2,-1.306559145E-1,3.099286854E-1,3.375063520E-1
3.155125856E0,-4.916667938E-2,-3.044131771E-2,-2.319651544E-1,2.390645709E-1
3.165135625E0,-1.061344147E-2,1.839824319E-1,4.433072805E-1,4.800869977E-1
3.175145471E0,-6.303215027E-2,1.447219998E-1,4.382494092E-1,4.658111783E-1
3.185124625E0,-1.754951477E-2,4.040631652E-2,-1.768751442E-1,1.822785575E-1
3.195134394E0,-8.948326111E-2,5.631649494E-2,-7.548806071E-2,1.299124664E-1
3.205144241E0,-7.773399353E-2,2.894866653E-2,-1.456950009E-1,1.676533099E-1
3.215123394E0,-2.522468567E-2,3.648293763E-2,-1.122615337E-1,1.207060125E-1
3.225133241E0,-2.294540405E-2,8.149841800E-3,-9.229248762E-2,9.545058805E-2
3.235143010E0,-4.941272736E-2,6.069675088E-2,-3.687082529E-1,3.769237177E-1
3.245122164E0,-5.905437469E-2,1.022606436E-2,7.121172547E-2,9.307578314E-2
3.255131933E0,-4.013061523E-3,-2.630757727E-2,-3.661965430E-1,3.671622276E-1
3.265141779E0,-6.859397888E-2,-7.491773367E-2,-2.722270489E-1,2.905604359E-1
3.275120933E0,-9.006595612E-2,1.485058200E-2,-1.115548313E-1,1.441419322E-1
3.285130702E0,-1.328182220E-2,5.683349818E-2,4.414882064E-1,4.453294171E-1
3.295140548E0,1.796913147E-2,5.856741592E-2,6.605495214E-1,6.633842794E-1
3.305150395E0,-7.779884338E-2,2.254972905E-1,2.391653359E-1,3.377894995E-1
3.315129472E0,1.308209419E0,3.966507912E-1,3.056459427E-1,1.400772350E0
3.325139318E0,-4.291725159E-2,-5.368151665E-1,-2.097953081E0,2.165968500E0
3.335149164E0,-2.921772003E-1,3.445611000E-1,2.367046595E0,2.409771659E0
3.345128318E0,5.672264099E-2,6.390978098E-1,-3.481108546E-1,7.299620782E-1
3.355138087E0,4.039764404E-3,-2.490105629E-1,-2.880178988E-1,3.807583094E-1
3.365147933E0,-9.178447723E-2,-2.928092182E-1,4.819032550E-1,5.713076016E-1
3.375127087E0,1.978244781E-1,4.818060622E-2,-8.901550174E-1,9.131439371E-1
3.385136856E0,1.907472610E-1,-1.877470464E-1,-4.491478205E-3,2.676819837E-1
3.395146472E0,-1.421852112E-1,-1.586281359E-1,-5.398299098E-1,5.803411508E-1
3.405125856E0,-2.929744720E-1,1.962336451E-1,3.234083652E-1,4.784711647E-1
3.415135626E0,-3.600873947E-1,1.943847239E-1,1.887690127E-1,4.506463057E-1
3.425145472E0,-2.044134140E-1,1.796029061E-1,5.299175978E-1,5.956968257E-1
3.435124626E0,-3.193922043E-1,-9.432087094E-2,4.187690318E-1,5.350470155E-1
3.445134395E0,-4.847574234E-1,-5.699957907E-2,4.180009365E-1,6.426223576E-1
3.455144241E0,-5.977296829E-1,3.314977139E-2,5.986322165E-1,8.466051097E-1
3.465123395E0,-6.582660675E-1,-1.978065819E-2,6.790689230E-1,9.459598788E-1
3.475133241E0,-7.628593445E-1,9.573373012E-3,8.993570805E-1,1.179359651E0
3.485143010E0,-8.083829880E-1,7.233173400E-2,9.454624057E-1,1.246039364E0
3.495122164E0,-7.638120651E-1,8.945654333E-2,8.159440756E-1,1.121238636E0
3.505131934E0,-7.180337906E-1,8.220168203E-2,9.719237089E-1,1.211183445E0
3.515141780E0,-5.612068176E-1,8.659275621E-2,5.612333417E-1,7.983948030E-1
3.525120934E0,-6.191158295E-1,3.581665084E-2,7.958253622E-1,1.008922817E0
3.535130703E0,-4.540052414E-1,-1.631681919E-1,1.273187995E-1,4.989535998E-1
3.545140549E0,-4.825973511E-1,-2.353650518E-3,8.230564594E-1,9.541109361E-1
3.555150395E0,-4.113016129E-1,6.056363136E-2,4.407938719E-1,6.059176575E-1
3.565129472E0,-3.257684708E-1,4.221409559E-2,4.998744130E-1,5.981484391E-1
3.575139318E0,-3.105211258E-1,7.648988068E-2,4.552104473E-1,5.563188139E-1
3.585149165E0,-1.941547394E-1,-1.844546571E-2,5.113017559E-1,5.472346696E-1
3.595128318E0,7.159233093E-2,6.619367003E-2,-1.297873259E-1,1.623324174E-1
3.605138088E0,2.395038605E-1,-7.994693518E-1,-2.656815529E0,2.784812758E0
3.615147934E0,-1.014347076E-1,1.688973010E-1,3.134637833E0,3.140823083E0
3.625127088E0,8.372783661E-2,5.925455093E-1,7.634948492E-1,9.700746961E-1
3.635136857E0,3.099536896E-2,7.040689886E-2,-6.779839993E-1,6.823343371E-1
3.645146472E0,5.682268143E-1,1.341493130E-1,3.043324947E-1,6.584041449E-1
3.655125857E0,2.854547501E-1,1.948562264E-1,2.331705093E-1,4.169194763E-1
3.665135626E0,5.053586960E-1,1.696564555E-1,-8.448843956E-1,9.989996829E-1
3.675145472E0,5.563631058E-1,-7.114143111E-3,-1.399881840E-1,5.737483840E-1
3.685124626E0,5.270090103E-1,-6.898081303E-2,-5.623755455E-1,7.737978442E-1
3.695134396E0,5.288791656E-1,-8.461911976E-2,-5.738701820E-1,7.849844286E-1
3.705144242E0,4.355659485E-1,-4.488631338E-2,-2.068581581E-1,4.842755148E-1
3.715123396E0,3.940191269E-1,2.345613390E-2,-2.893955708E-1,4.894395355E-1
3.725133242E0,4.332008362E-1,2.818308771E-2,-4.813489914E-1,6.481929515E-1
3.735143011E0,4.233570099E-1,-2.587086521E-2,-4.424867630E-1,6.129396340E-1
3.745122165E0,2.992219925E-1,-6.375621259E-2,-5.640666485E-1,6.416929479E-1
3.755131934E0,4.049921036E-1,-8.146481961E-2,-4.329922199E-1,5.984458065E-1
3.765141780E0,4.090909958E-1,-7.966478169E-2,-6.845145226E-1,8.014125354E-1
3.775120934E0,4.061565399E-1,-5.393923819E-2,-4.921140671E-1,6.403505535E-1
3.785130704E0,3.118782043E-1,-1.857238077E-2,-3.817744255E-1,4.933200377E-1
3.795140550E0,3.414916992E-1,-5.034267902E-2,-5.227718353E-1,6.264514010E-1
3.805150396E0,3.411512375E-1,-9.600435942E-2,-2.362399101E-1,4.259228792E-1
3.815129473E0,3.086433411E-1,-1.475523263E-1,-5.785703659E-1,6.721428935E-1
3.825139319E0,3.131752014E-1,-2.032306641E-1,-3.877706528E-1,5.382819789E-1
3.835149165E0,3.170576096E-1,-2.366759777E-1,-3.217983246E-1,5.099953018E-1
3.845128319E0,3.205175400E-1,-2.212421298E-1,-3.249654770E-1,5.072298637E-1
3.855138088E0,3.147468567E-1,-1.810415685E-1,-2.502627373E-1,4.409910101E-1
3.865147934E0,2.721261978E-1,-1.972891688E-1,-2.393035889E-1,4.126037946E-1
3.875127088E0,4.419355392E-1,-1.129888892E-1,-2.639865875E-1,5.270317147E-1
3.885136858E0,4.209623337E-1,-8.335337043E-4,-3.780879974E-1,5.658272837E-1
3.895146473E0,5.277853012E-1,1.246522367E-2,-1.942439079E-1,5.625330228E-1
3.905125858E0,6.122941971E-1,-1.812587678E-2,-4.669880867E-1,7.702665800E-1
3.915135627E0,6.011261940E-1,-7.410049438E-2,-3.615746498E-1,7.053933738E-1
3.925145473E0,7.223205566E-1,-7.888605446E-2,-3.482475281E-1,8.057582373E-1
3.935124627E0,7.521324158E-1,-4.807627201E-2,-4.822530746E-1,8.947527741E-1
3.945134396E0,8.948316574E-1,-1.451009512E-2,-3.205122948E-1,9.506115763E-1
3.955144242E0,8.255286217E-1,7.224304229E-2,-6.978392601E-1,1.083372602E0
3.965123396E0,1.017744541E0,2.088498175E-1,-4.524421692E-1,1.133192885E0
3.975133242E0,1.206868172E0,2.821016610E-1,-7.783913612E-1,1.463559101E0
3.985143012E0,1.230338097E0,3.534091711E-1,-7.733554840E-1,1.495562964E0
3.995122166E0,1.201150417E0,4.039503634E-1,-5.082464218E-1,1.365376375E0
4.005131935E0,1.219167709E0,4.494274855E-1,-5.361065865E-1,1.405619166E0
4.015141781E0,1.262507915E0,5.365008116E-1,-6.281652451E-1,1.508758076E0
4.025120935E0,1.220531940E0,5.204334855E-1,-6.281409264E-1,1.468029378E0
4.035130704E0,1.157054901E0,4.979755878E-1,-4.150714874E-1,1.326288080E0
4.045140550E0,1.093333244E0,4.694653451E-1,-5.395879745E-1,1.306495494E0
4.055150396E0,1.200051308E0,4.526346922E-1,-5.037803650E-1,1.377968055E0
4.065129473E0,1.343020916E0,4.442506731E-1,-3.563532829E-1,1.458784255E0
4.075139320E0,1.550558567E0,4.470749497E-1,-8.339800835E-1,1.816488552E0
4.085149166E0,1.624257088E0,3.853410184E-1,-8.844394684E-1,1.889161708E0
4.095128320E0,1.569223881E0,4.014832079E-1,-7.812776566E-1,1.798345665E0
4.105138089E0,1.180897236E0,4.017351568E-1,-6.377096176E-1,1.400922187E0
4.115147935E0,1.118021488E0,3.686993718E-1,-2.423734665E-1,1.201938506E0
4.125127089E0,8.776154518E-1,2.753699720E-1,-2.604284286E-1,9.559604956E-1
4.135136858E0,9.833426476E-1,5.946783349E-2,-1.046838760E-1,9.906855705E-1
4.145146474E0,1.471531391E0,-2.810433209E-1,-5.625905991E-1,1.600280652E0
4.155125858E0,1.503484011E0,-4.787737727E-1,-9.887361526E-1,1.862065433E0
4.165135627E0,1.579299927E0,-5.648407340E-1,-8.549995422E-1,1.882619858E0
4.175145474E0,1.335418224E0,-5.469124913E-1,-2.855138779E-1,1.471044962E0
4.185124628E0,8.944735527E-1,-4.589070082E-1,-7.292928696E-1,1.241993023E0
4.195134397E0,6.537985802E-1,-3.017278612E-1,-3.075990677E-1,7.830130727E-1
4.205144243E0,4.548428059E-1,-2.309867591E-1,2.716493607E-1,5.779534895E-1
4.215123397E0,4.643509388E-1,-2.505177259E-1,-5.982780457E-2,5.309993329E-1
4.225133243E0,4.463016987E-1,-3.998568654E-1,1.014995575E-2,5.993110550E-1
4.235143012E0,5.839111805E-1,-4.009524584E-1,3.673238754E-1,7.978984710E-1
4.245122166E0,5.675144196E-1,-3.950842023E-1,-5.397510529E-2,6.935974735E-1
4.255131935E0,5.551881790E-1,-4.026160538E-1,-1.844987869E-1,7.101925114E-1
4.265141782E0,6.365725994E-1,-3.516598344E-1,6.475639343E-2,7.301251290E-1
4.275120935E0,5.441944599E-1,-2.921347618E-1,-1.089267731E-1,6.271804933E-1
4.285130705E0,5.747809410E-1,-1.474785507E-1,9.438800812E-2,6.008595086E-1
4.295140551E0,5.760545731E-1,-1.150349975E-1,-1.509952545E-1,6.065241039E-1
4.305150397E0,6.010448933E-1,-9.344762564E-2,8.432579041E-2,6.140832691E-1
4.315129474E0,6.188870668E-1,-6.518372893E-2,2.207069397E-1,6.602890831E-1
4.325139320E0,6.765124798E-1,-2.684584260E-2,2.553749084E-2,6.775263818E-1
4.335149166E0,6.921828985E-1,5.968502164E-2,-7.847595215E-2,6.991694658E-1
4.345128320E0,6.948657036E-1,1.722205281E-1,-9.978866577E-2,7.228112023E-1
4.355138089E0,7.266691923E-1,2.631129324E-1,-1.053600311E-1,7.799854271E-1
4.365147936E0,7.056604624E-1,3.302335441E-1,-3.529930115E-2,7.799082783E-1
4.375127090E0,6.431703568E-1,2.221520841E-1,-2.658863068E-1,7.305581321E-1
4.385136859E0,5.940469503E-1,5.031614304E-1,3.206882477E-1,8.419644627E-1
4.395146474E0,8.156740665E-1,5.956083536E-1,-3.852767944E-1,1.080977198E0
4.405125859E0,7.927463651E-1,7.283236980E-1,-6.710042953E-1,1.268522358E0
4.415135628E0,7.261627913E-1,8.461229205E-1,1.706438065E-1,1.127987458E0
4.425145474E0,8.977636695E-1,7.621381283E-1,-9.584426880E-4,1.177639610E0
4.435124628E0,8.245179653E-1,6.194590330E-1,-2.157449722E-1,1.053615329E0
4.445134397E0,6.207014322E-1,4.623053968E-1,1.622409821E-1,7.907709429E-1
4.455144244E0,4.992299676E-1,2.579441369E-1,-2.061719894E-1,5.985587920E-1
4.465123397E0,1.987540722E-1,1.458029151E-1,-1.173477173E-1,2.730057838E-1
4.475133244E0,7.325058579E-1,2.251884639E-1,-4.500226974E-1,8.887041715E-1
4.485143013E0,2.312009335E-1,1.198542595E0,-7.231076241E0,7.333377245E0
4.495122167E0,2.099598646E0,4.973432124E-1,5.921610355E0,6.302470464E0
4.505131936E0,2.862657547E0,-7.338327169E-1,2.765771866E0,4.047568740E0
4.515141782E0,3.053331852E0,1.390435696E0,-1.350041389E0,3.616456633E0
4.525120936E0,-2.111974478E0,3.538299322E0,-2.512861252E0,4.826434498E0
4.535130705E0,2.298694134E0,3.746911287E-1,1.568834305E0,2.808136257E0
4.545140551E0,9.249137044E-1,3.487807512E-1,4.583955288E0,4.689323987E0
4.555150398E0,3.180278242E-1,1.494643390E-1,-6.121826172E-1,7.058674397E-1
4.565129475E0,-2.274487257E0,7.752043009E-1,-7.420634270E0,7.800003010E0
4.575139321E0,-6.113042831E-1,2.068107873E-1,1.140877724E0,1.310750018E0
4.585149167E0,1.966077685E-1,-2.259975970E-1,1.912045479E0,1.935367521E0
4.595128321E0,6.340200305E-1,-2.734467983E-1,7.971639633E-1,1.054620754E0
4.605138090E0,4.368528724E-1,6.348192692E-2,3.353853226E-1,5.543948969E-1
4.615147936E0,1.174078226E0,-1.946712136E-1,-1.762167931E0,2.126403625E0
4.625127090E0,4.508673251E-1,1.157661751E-1,3.926725388E-1,6.089949711E-1
4.635136859E0,5.179798603E-1,1.684653759E-2,5.556068420E-1,7.597933301E-1
4.645146475E0,5.791019201E-1,-1.799611002E-1,-7.397212982E-1,9.565211082E-1
4.655125859E0,1.626293212E-1,7.513667643E-2,8.594779968E-1,8.779500232E-1
4.665135629E0,5.892475843E-1,-1.524865031E-1,-3.180599213E-1,6.867510195E-1
4.675145475E0,4.251717329E-1,-1.705220044E-1,3.095846176E-1,5.528936533E-1
4.685078231E0,4.413074851E-1,-2.651713490E-1,1.193370819E-1,5.284973793E-1
4.695088000E0,4.322667122E-1,-2.556152642E-1,-5.035896301E-1,7.111934964E-1
4.705097846E0,3.041500449E-1,-3.032127023E-1,4.816312790E-1,6.453013881E-1
4.715077000E0,1.235596091E-1,-2.420589626E-1,2.269325256E-1,3.540591611E-1
4.725086846E0,-3.599834442E-2,-2.143423855E-1,-3.196268082E-1,3.865227491E-1
4.735096615E0,-6.728757918E-2,-2.278459072E-1,-8.949279785E-3,2.377424349E-1
4.745075769E0,-8.324509114E-2,-1.889583766E-1,2.060413361E-1,2.916985524E-1
4.755085539E0,-1.113131642E-3,-4.062178731E-2,1.769504547E-1,1.815566911E-1
4.765095385E0,-1.058532894E-1,4.056023657E-1,-7.925128937E-2,4.266133669E-1
4.775074539E0,-2.928774059E-2,4.425817728E-1,-3.208475113E-1,5.474299251E-1
4.785084385E0,5.993987620E-2,4.027150869E-1,5.842218399E-1,7.121006869E-1
4.795094154E0,3.099919856E-2,4.059783220E-1,-1.912841797E-1,4.498544050E-1
4.805104000E0,-1.302552223E-2,3.563396335E-1,-2.054491043E-1,4.115299905E-1
4.815083077E0,-4.387434572E-2,2.924717367E-1,4.867677689E-1,5.695678500E-1
4.825092923E0,-3.477533162E-2,2.553301156E-1,1.301956177E-2,2.580160859E-1
4.835102770E0,-8.255228400E-2,3.176274598E-1,-2.836017609E-1,4.337419066E-1
4.845081923E0,-1.253481209E-2,3.995685279E-1,2.481985092E-1,4.705471602E-1
4.855091693E0,7.640138268E-3,4.200661778E-1,1.790695190E-1,4.567054391E-1
4.865101539E0,7.147343457E-2,4.491343498E-1,-2.324104309E-1,5.107296001E-1
4.875080693E0,1.725345850E-3,4.508497417E-1,7.199668884E-2,4.565654275E-1
4.885090462E0,-3.466963768E-3,5.538774729E-1,1.753778458E-1,5.809902440E-1
4.895100077E0,1.068985462E-2,5.431649685E-1,-1.426200867E-1,5.616786849E-1
4.905079462E0,-1.101014018E-2,5.283162594E-1,1.426773071E-1,5.473537312E-1
4.915089231E0,-4.682213068E-3,5.046993494E-1,8.798408508E-2,5.123324659E-1
4.925099077E0,-1.892511547E-2,4.788988233E-1,-5.499076843E-2,4.824170680E-1
4.935078231E0,-3.945171833E-3,4.172133803E-1,4.607105255E-2,4.197679252E-1
4.945088001E0,-2.986478060E-2,3.368011713E-1,8.951663971E-2,3.497715867E-1
4.955097847E0,2.975289524E-2,2.929394245E-1,1.550006866E-2,2.948541900E-1
4.965077001E0,3.242492676E-3,2.214332819E-1,4.912471771E-2,2.268401419E-1
4.975086847E0,1.250740886E-2,1.594068855E-1,5.874919891E-2,1.703480519E-1
4.985096616E0,5.235806108E-3,1.157455146E-1,3.482818604E-2,1.209852899E-1
4.995075770E0,7.516548038E-3,9.675239772E-2,3.722476959E-2,1.039384839E-1
5.005085539E0,2.521410584E-3,8.709377050E-2,7.792377472E-2,1.168922454E-1
5.015095385E0,9.652495384E-3,5.996507406E-2,3.003215790E-2,6.775626379E-2
5.025074539E0,2.448260784E-3,5.814907700E-2,2.523994446E-2,6.343787459E-2
5.035084308E0,-1.417267323E-2,2.633446082E-2,6.833171844E-2,7.458949148E-2
5.045094155E0,3.126433492E-2,6.204362959E-2,5.635070801E-2,8.945542411E-2
5.055104001E0,1.211294532E-2,3.857447952E-2,6.069183350E-3,4.088458024E-2
5.065083078E0,2.601677179E-2,3.698471189E-2,5.873107910E-2,7.412206811E-2
5.075092924E0,1.130005717E-2,-2.385754511E-2,8.027076721E-2,8.450011727E-2
5.085102770E0,3.933636844E-2,-8.904665709E-2,-1.790142059E-2,9.898039139E-2
5.095081924E0,3.684493899E-2,-1.990394294E-1,6.350135803E-2,2.121477468E-1
5.105091693E0,-2.293837070E-2,-2.944469452E-1,3.477096558E-2,2.973788702E-1
5.115101539E0,-4.879564792E-2,-3.183731139E-1,-4.422569275E-2,3.251128524E-1
5.125080693E0,-1.410245299E-1,-2.121944427E-1,-6.095981598E-2,2.619742330E-1
5.135090463E0,-1.168815047E-1,-1.160965636E-1,3.481864929E-2,1.683806300E-1
5.145100078E0,-4.878772050E-2,-3.908754885E-2,2.478466034E-1,2.556091097E-1
5.155079463E0,1.868004352E-1,3.561558574E-2,1.016664505E-1,2.156361280E-1
5.165089232E0,2.603409886E-1,5.397746712E-2,3.002166748E-1,4.010249982E-1
5.175099078E0,2.896992564E-1,3.713816404E-1,7.716741562E-1,9.040635959E-1
5.185078232E0,-5.154435635E-1,5.254386067E-1,-1.023946762E0,1.261045109E0
5.195088001E0,-3.135060072E-1,2.048726678E-1,-2.982769012E-1,4.787775437E-1
5.205097847E0,-2.544900179E-1,-2.546005249E-1,2.981967926E-1,4.674483112E-1
5.215077001E0,-1.898093373E-1,-7.537021637E-1,1.523408890E-1,7.920241679E-1
5.225086847E0,-8.168171346E-2,-8.852360845E-1,4.372568130E-1,9.907110316E-1
5.235096617E0,6.211170554E-2,-8.491655588E-1,1.953573227E-1,8.735585234E-1
5.245075771E0,2.618510425E-1,-6.056612134E-1,-5.206203461E-1,8.404980777E-1
5.255085540E0,1.238266081E-1,-5.080431104E-1,-1.074409485E-2,5.230260667E-1
5.265095386E0,7.358784974E-2,-6.320880055E-1,3.842611313E-1,7.433754337E-1
5.275074540E0,-1.195332855E-1,-1.522572041E-1,-1.442823410E-1,2.414287813E-1
5.285084309E0,-3.003901243E-2,2.406393141E-1,2.550735474E-1,3.519547362E-1
5.295094155E0,6.185859442E-2,4.487004280E-1,2.479429245E-1,5.163663947E-1
5.305104001E0,4.526625574E-2,4.536803961E-1,-4.294786453E-1,6.263599943E-1
5.315083078E0,-2.610288560E-2,4.469542503E-1,9.768009186E-2,4.582476000E-1
5.325092925E0,4.350394011E-3,5.037607551E-1,3.641328812E-1,6.216000156E-1
5.335102771E0,1.007036567E-1,4.114730954E-1,-3.248147964E-1,5.338126888E-1
5.345081925E0,2.120046318E-2,3.319732249E-1,-1.066083908E-1,3.493150879E-1
5.355091694E0,-3.630322218E-2,2.469283193E-1,2.263717651E-1,3.369505823E-1
5.365101540E0,-1.126650870E-1,2.673049867E-1,-2.212944031E-1,3.648514637E-1
5.375080694E0,-2.083896846E-2,3.259526491E-1,8.757972717E-2,3.381561779E-1
5.385090463E0,1.819461584E-2,3.013670743E-1,6.165504456E-3,3.019787591E-1
5.395100079E0,-4.347398132E-2,2.269608825E-1,-1.375074387E-1,2.689043044E-1
5.405079463E0,-2.172113955E-2,1.411149502E-1,-3.455162048E-3,1.428186795E-1
5.415089232E0,-3.299430758E-2,1.033241004E-1,2.042961121E-2,1.103714776E-1
5.425099079E0,6.902357936E-2,7.120916247E-2,4.907512665E-2,1.106497509E-1
5.435078233E0,5.313608050E-2,8.281335980E-2,1.926269531E-1,2.163021930E-1
5.445088002E0,7.318022847E-2,1.138248965E-1,7.520484924E-2,1.548135080E-1
5.455097848E0,2.379721403E-2,1.522779465E-1,-1.403379440E-1,2.084457217E-1
5.465077002E0,-3.755463660E-2,1.049827561E-1,9.187030792E-2,1.444710465E-1
5.475086848E0,1.102834940E-3,4.734967649E-2,2.570362091E-1,2.613633886E-1
5.485096617E0,-2.205911279E-2,-5.868680030E-2,-7.339572906E-2,9.652812042E-2
5.495075771E0,2.202653885E-2,-2.041400224E-1,1.372680664E-1,2.469834796E-1
5.505085540E0,-3.212086856E-2,-2.740172744E-1,7.264232635E-2,2.852965552E-1
5.515095387E0,5.483183265E-2,-3.470935524E-1,7.505416870E-2,3.593237985E-1
5.525074540E0,2.443420887E-1,-4.760622382E-1,3.440284729E-2,5.362106553E-1
5.535084310E0,9.899426997E-2,-5.235965848E-1,2.188110352E-1,5.760481909E-1
5.545094156E0,2.557215989E-1,-6.869550943E-1,3.203201294E-2,7.337076309E-1
5.555104002E0,-6.554403156E-2,-5.958486199E-1,-5.655097961E-2,6.021043192E-1
5.565083079E0,-1.664040238E-1,-4.327048063E-1,2.259902954E-1,5.157473821E-1
5.575092925E0,2.435970306E-2,-3.006593585E-1,2.115964890E-1,3.684596574E-1
5.585102771E0,6.728643179E-2,-1.358487308E-1,-2.482070923E-1,2.908420572E-1
5.595081925E0,1.152562797E-1,-8.505497873E-2,4.852294922E-2,1.512376806E-1
5.605091694E0,4.032866657E-2,-3.254667670E-2,2.710914612E-1,2.760004852E-1
5.615101541E0,-2.219873667E-2,5.182452500E-2,-8.327674866E-2,1.005663073E-1
5.625080695E0,-3.772629797E-2,1.141402721E-1,-3.060531616E-2,1.240482191E-1
5.635090464E0,-1.770351827E-2,1.717996597E-1,2.088279724E-1,2.709938370E-1
5.645100079E0,-6.073653698E-3,2.001737654E-1,-1.862239838E-2,2.011298569E-1
5.655079464E0,-1.520052552E-2,2.556354403E-1,-2.819538116E-2,2.576344578E-1
5.665089233E0,-2.241504192E-2,2.505231500E-1,1.465826035E-1,2.911198077E-1
5.675099079E0,-3.471821547E-3,2.633389235E-1,1.012325287E-2,2.635562983E-1
5.685078233E0,-5.783036351E-3,2.549065948E-1,-3.054809570E-2,2.567956419E-1
5.695088002E0,-3.406079113E-2,2.331829965E-1,7.484531403E-2,2.472574941E-1
5.705097849E0,-2.657918632E-2,2.128463984E-1,7.010555267E-2,2.256653074E-1
5.715077002E0,-1.659277081E-2,1.733430326E-1,1.747989655E-2,1.750104962E-1
5.725086849E0,-2.306462824E-2,1.463056803E-1,4.625701904E-2,1.551677833E-1
5.735096618E0,-1.531471312E-2,9.588059783E-2,4.389858246E-2,1.065585052E-1
5.745075772E0,-1.710961759E-2,5.642980710E-2,3.674507141E-2,6.947850327E-2
5.755085541E0,-9.358584881E-3,3.751982003E-3,7.028579712E-2,7.100530795E-2
5.765095387E0,-1.136706769E-2,-2.894650772E-2,4.157257080E-2,5.191713764E-2
5.775074541E0,8.113905787E-3,-8.223809302E-2,2.242374420E-2,8.562571877E-2
5.785084310E0,1.547731459E-2,-2.688619494E-1,4.174699783E-1,4.967972201E-1
5.795094156E0,1.200991869E-1,-4.359307587E-1,1.283454895E-2,4.523540281E-1
5.805104003E0,1.690139621E-1,-2.382835150E-1,-3.744316101E-2,2.945280007E-1
5.815083080E0,4.325911403E-1,4.055861235E-1,-4.922542572E-1,7.706811610E-1
5.825092926E0,3.621415794E-2,8.203782439E-1,1.088155746E0,1.363236904E0
5.835102772E0,-2.948892117E-2,3.068341911E-1,7.433872223E-1,8.047616912E-1
5.845081926E0,9.418661892E-2,-2.086919844E-1,-1.796810150E0,1.811339333E0
5.855091695E0,-1.259496063E-1,-2.878828645E-1,1.809997559E-1,3.626303333E-1
5.865101541E0,-8.844087273E-2,-4.684394002E-1,1.078987122E0,1.179606065E0
5.875080695E0,-4.702523351E-2,-8.758082986E-1,-2.936935425E-2,8.775614551E-1
5.885090464E0,1.287245452E-1,-1.217452645E0,-2.566757202E-1,1.250857057E0
5.895100080E0,-6.699897349E-2,-1.288256645E0,1.120147705E-1,1.294851866E0
5.905079464E0,-1.049299091E-1,-1.219723821E0,1.023311615E-1,1.228498332E0
5.915089234E0,-1.177357584E-1,-7.486997247E-1,6.381511688E-2,7.605822478E-1
5.925099080E0,-1.120016426E-1,-2.636261880E-1,-8.489990234E-2,2.987492734E-1
5.935078234E0,-1.162247807E-1,1.537052840E-1,-2.575578690E-1,3.216668616E-1
5.945088003E0,1.015347987E-1,2.862638235E-1,-7.102108002E-2,3.119299373E-1
5.955097849E0,-2.535457537E-2,4.055692852E-1,-2.865762711E-1,4.972476834E-1
5.965077003E0,-1.192515343E-1,4.454668164E-1,-1.357660294E-1,4.807224019E-1
5.975086849E0,-1.620680839E-1,4.117219448E-1,9.647655487E-2,4.528672535E-1
5.985096618E0,-5.197872967E-2,2.626520097E-1,-3.758716583E-2,2.703713402E-1
5.995075772E0,-2.133020665E-3,6.667741388E-2,-8.547973633E-2,1.084306812E-1
6.005085618E0,3.082588315E-2,-1.699594706E-1,-6.488800049E-3,1.728541618E-1
6.015095388E0,-1.269156672E-2,-3.228689432E-1,7.851600647E-3,3.232136723E-1
6.025074542E0,-4.345007986E-2,-4.102720022E-1,7.963943481E-2,4.201826565E-1
6.035084311E0,-5.706692487E-2,-4.481362402E-1,5.801391602E-2,4.554649692E-1
6.045094157E0,-9.216909111E-2,-3.121464252E-1,4.114627838E-2,3.280602816E-1
6.055104003E0,-5.730101094E-2,5.710294843E-2,-3.317356110E-2,8.743361899E-2
6.065083080E0,-3.812970221E-2,5.484465361E-1,-1.314020157E-1,5.652556650E-1
6.075092926E0,-3.931229934E-2,5.550661683E-1,-6.682014465E-2,5.604541371E-1
6.085102773E0,-1.623772830E-2,5.140742064E-1,-3.335571289E-2,5.154110564E-1
6.095081926E0,1.839465350E-1,2.923462987E-1,1.748952866E-1,3.871576518E-1
6.105091696E0,1.123034880E-1,1.498760283E-1,6.273145676E-1,6.546743190E-1
6.115101542E0,6.433552504E-2,1.865396202E-1,1.556167603E-1,2.513019414E-1
6.125080696E0,5.542071164E-2,2.438189387E-1,-4.645204544E-1,5.275399347E-1
6.135090465E0,7.967409492E-2,2.616136670E-1,4.644699097E-1,5.390008990E-1
6.145100080E0,2.306237668E-1,2.643344402E-1,5.195569992E-1,6.268967168E-1
6.155079465E0,1.942994446E-1,2.951424718E-1,-4.548740387E-1,5.759963054E-1
6.165089234E0,-4.211679846E-2,2.557436824E-1,1.580715179E-1,3.035873195E-1
6.175099080E0,-1.723543257E-1,2.004465908E-1,4.240036011E-1,4.996637900E-1
6.185078234E0,-1.236440837E-1,8.650684357E-2,-1.959247589E-1,2.473010404E-1
6.195088004E0,-8.221745491E-2,2.417714149E-2,2.206039429E-2,8.849240113E-2
6.205097850E0,-1.491471380E-1,5.479914695E-2,1.897287369E-1,2.474768855E-1
6.215077004E0,-6.797318161E-2,1.496156454E-1,-8.313369751E-2,1.841640748E-1
6.225086850E0,3.483653069E-2,1.544451267E-1,2.705669403E-2,1.606205021E-1
6.235096619E0,2.937726676E-2,1.661070436E-1,1.396131516E-1,2.189666774E-1
6.245075773E0,3.671288490E-3,9.199617803E-2,7.258510590E-2,1.172406616E-1
6.255085619E0,-3.748555481E-2,3.089912236E-2,-8.303260803E-2,9.619946247E-2
6.265095388E0,-1.064130813E-1,-2.542108297E-2,1.133184433E-1,1.575152212E-1
6.275074542E0,3.457993269E-3,-1.390122175E-1,1.683959961E-1,2.183885662E-1
6.285084311E0,2.082338929E-2,-2.158270478E-1,3.174781799E-3,2.168525014E-1
6.295094158E0,4.232016206E-2,-2.582674026E-1,4.383373260E-2,2.653571998E-1
6.305104004E0,-1.249951124E-2,-2.337601930E-1,1.395664215E-1,2.725414677E-1
6.315083081E0,-5.654881895E-2,5.516856909E-3,-6.634521484E-2,8.734925396E-2
6.325092927E0,-8.790023625E-2,2.908914983E-1,-1.740922928E-1,3.502177062E-1
6.335102773E0,-9.387180209E-3,3.711799979E-1,-2.564716339E-2,3.721834051E-1
6.345081927E0,5.368714035E-2,4.028400779E-1,1.659250259E-1,4.389687365E-1
6.355091696E0,3.752616048E-2,3.745205700E-1,7.772445679E-4,3.763966979E-1
6.365101542E0,2.816487849E-2,3.514589965E-1,-3.912925720E-3,3.526074271E-1
6.375080696E0,6.283317506E-2,2.789057493E-1,2.068653107E-1,3.528876332E-1
6.385090466E0,-4.687523842E-2,2.371361405E-1,-6.836509705E-2,2.512063367E-1
6.395100081E0,-9.547252953E-2,1.804826260E-1,1.127243042E-3,2.041819112E-1
6.405079466E0,1.270291209E-2,1.308821142E-1,1.879110336E-1,2.293513644E-1
6.415089235E0,-4.261493683E-3,5.330070481E-2,-4.190731049E-2,6.793635355E-2
6.425099081E0,7.657453418E-3,1.349945739E-2,2.035045624E-2,2.559322199E-2
6.435078235E0,-1.855435222E-2,-4.535228014E-3,1.376743317E-1,1.389929994E-1
6.445088004E0,8.023723960E-3,-5.423771590E-2,4.431915283E-2,7.050033532E-2
6.455097850E0,-2.093193680E-2,-5.231524259E-2,-1.074790955E-2,5.736329963E-2
6.465077004E0,-4.203572869E-2,-6.425765157E-2,8.742237091E-2,1.163560020E-1
6.475086850E0,-5.644379556E-2,-1.663491130E-2,3.624916077E-3,5.895559641E-2
6.485096620E0,-4.252597690E-3,-4.271197319E-2,1.319122314E-2,4.490440523E-2
6.495075774E0,-9.790658951E-3,-9.764366597E-2,7.303810120E-2,1.223303181E-1
6.505085620E0,8.621081710E-3,-1.119290367E-1,3.471755981E-2,1.175063456E-1
6.515095389E0,-6.589695811E-3,-1.662596166E-1,9.455585480E-2,1.913804950E-1
6.525074543E0,1.919345558E-2,-2.078771591E-1,3.468322754E-2,2.116228444E-1
6.535084312E0,1.848492026E-2,-2.454707623E-1,8.732318878E-2,2.611951889E-1
6.545094158E0,-5.591880530E-2,-1.889571846E-1,-1.295089722E-3,1.970619386E-1
6.555104004E0,3.039102256E-2,-9.886410087E-2,6.810760498E-2,1.238401007E-1
6.565083081E0,5.318172276E-2,-1.689012349E-2,9.679698944E-2,1.117283718E-1
6.575092928E0,9.946128726E-2,1.593725085E-1,-4.210281372E-2,1.925221833E-1
6.585102774E0,1.649711430E-1,2.106612772E-1,-1.579761505E-2,2.680358490E-1
6.595081928E0,1.530181170E-1,1.846859157E-1,1.110544205E-1,2.643038325E-1
6.605091697E0,-1.176821589E-1,1.890401542E-1,-3.981208801E-2,2.262084720E-1
6.615101543E0,-2.835124731E-1,1.998511255E-1,-1.307535172E-1,3.706970151E-1
6.625080697E0,-3.368684351E-1,6.388573349E-2,-8.990955353E-2,3.544650298E-1
6.635090466E0,-2.352540344E-1,1.533935219E-2,2.310514450E-1,3.300977532E-1
6.645100082E0,2.003836632E-2,-7.344352454E-2,2.670030594E-1,2.776438747E-1
6.655079466E0,1.321701556E-1,-1.988380402E-2,-2.694063187E-1,3.007392230E-1
6.665089235E0,2.173035294E-1,-1.020211652E-1,6.795406342E-2,2.494932800E-1
6.675099082E0,1.603036970E-1,-2.044114619E-1,2.401523590E-1,3.537717860E-1
6.685078236E0,7.401947677E-2,-2.810095549E-1,-4.096984863E-3,2.906235334E-1
6.695088005E0,-1.313081980E-1,-3.351135254E-1,9.654045105E-2,3.726432294E-1
6.705097851E0,-1.761782616E-1,-3.764155507E-1,1.205854416E-1,4.327450698E-1
6.715077005E0,-9.011874348E-2,-2.734981477E-1,8.715248108E-2,3.008623933E-1
6.725086851E0,1.599102169E-1,-7.620260119E-3,1.771354675E-2,1.610686673E-1
6.735096620E0,3.432585895E-1,3.405436873E-2,-2.075004578E-2,3.455672492E-1
6.745075774E0,3.257403970E-1,1.898624003E-1,6.122589111E-4,3.770343647E-1
6.755085620E0,-1.635233015E-1,2.838941216E-1,1.777601242E-1,3.727390564E-1
6.765095390E0,-2.906803489E-1,1.910051405E-1,-4.301261902E-1,5.531605268E-1
6.775074543E0,-4.852390289E-1,1.338551939E-1,5.860424042E-2,5.067628490E-1
6.785084313E0,-2.961504459E-1,7.618516684E-2,4.897508621E-1,5.773778427E-1
6.795094159E0,-1.356319934E-1,1.349574327E-2,8.034038544E-2,1.582174145E-1
6.805103774E0,4.088252783E-3,2.769283950E-3,-3.483610153E-1,3.483960099E-1
6.815083082E0,1.864457428E-1,-4.054746777E-2,6.324672699E-2,2.010130857E-1
6.825092928E0,2.984315753E-1,-6.472679973E-2,3.384351730E-1,4.558391494E-1
6.835102774E0,1.615408957E-1,1.714631915E-3,-1.237201691E-1,2.034823854E-1
6.845081928E0,2.667777240E-2,5.934184417E-2,1.636095047E-1,1.760716560E-1
6.855091697E0,-5.749882758E-2,1.416645944E-1,-1.787176132E-1,2.351913216E-1
6.865101544E0,9.307266772E-2,8.803457022E-2,9.428501129E-2,1.590668739E-1
6.875080697E0,-1.531904936E-2,8.113808930E-2,1.206836700E-1,1.462279420E-1
6.885090467E0,-8.511914313E-2,9.578450769E-2,-1.809177399E-1,2.217006293E-1
6.895100313E0,-1.108843237E-1,1.241446584E-1,-3.718471527E-2,1.705577102E-1
6.905079467E0,-7.482279837E-2,1.192447320E-1,2.789402008E-1,3.124506247E-1
6.915089236E0,7.280687988E-2,1.484065652E-1,-2.237634659E-1,2.782003577E-1
6.925099082E0,8.432030678E-2,2.244195491E-1,1.019058228E-1,2.604973030E-1
6.935078236E0,6.119666994E-2,2.412632555E-1,4.202747345E-1,4.884504512E-1
6.945088005E0,6.154167652E-2,2.038203478E-1,-5.614156723E-1,6.004312361E-1
6.955097852E0,-3.441167623E-2,1.773701459E-1,2.047605515E-1,2.730773069E-1
6.965077005E0,-5.501645803E-2,1.305087209E-1,5.016946793E-1,5.213030674E-1
6.975086775E0,-6.274158508E-2,1.005840898E-1,-3.961000443E-1,4.134596844E-1
6.985096621E0,-4.643395543E-3,5.276099592E-2,5.401706696E-2,7.565135383E-2
6.995075775E0,1.288095117E-2,-2.046666807E-3,3.628463745E-1,3.630807062E-1
7.005085621E0,3.089475632E-2,-6.288396567E-2,-1.279840469E-1,1.459068037E-1
7.015095390E0,5.031332374E-3,-1.147188172E-1,3.705978394E-3,1.148888837E-1
7.025074544E0,-2.211362123E-3,-1.799622327E-1,2.383365631E-1,2.986563454E-1
7.035084390E0,1.453103125E-2,-1.901390254E-1,-1.544666290E-2,1.913180579E-1
7.045094159E0,4.479140043E-4,-9.366504103E-2,-1.375474930E-1,1.664110975E-1
7.055103775E0,-1.363500953E-3,5.036007613E-3,1.880731583E-1,1.881455112E-1
7.065083083E0,-8.251309395E-3,1.002534330E-1,5.400180817E-2,1.141710568E-1
7.075092929E0,-7.714480162E-3,1.273676902E-1,-7.049083710E-2,1.457772267E-1
7.085102544E0,-5.038021505E-2,1.493364871E-1,1.091766357E-2,1.579833783E-1
7.095081929E0,7.269248366E-3,1.416390240E-1,-1.541709900E-2,1.426609338E-1
7.105091698E0,9.413182735E-3,1.528399885E-1,9.710788727E-2,1.813246036E-1
7.115101544E0,1.152001321E-2,1.084156632E-1,-1.057624817E-3,1.090311208E-1
7.125080698E0,-1.964214444E-2,1.141898930E-1,2.288246155E-2,1.181048371E-1
7.135090467E0,1.604312658E-2,1.005205661E-1,7.555007935E-2,1.267658495E-1
7.145100314E0,-2.258446813E-2,9.148834646E-2,3.723812103E-2,1.013254825E-1
7.155079467E0,1.801301539E-2,7.068156451E-2,2.047824860E-2,7.576088008E-2
7.165089237E0,-6.075918674E-3,5.494261160E-2,5.878257751E-2,8.069076017E-2
7.175099083E0,-6.210148335E-3,3.922770172E-2,3.244113922E-2,5.128163452E-2
7.185078237E0,8.223906159E-3,-4.729263950E-3,1.089382172E-2,1.444555024E-2
7.195088006E0,8.033767343E-3,-5.240492988E-3,7.553195953E-2,7.613856510E-2
7.205097852E0,-2.311864495E-2,6.190602668E-3,4.680061340E-2,5.256512837E-2
7.215077006E0,-8.720323443E-3,-8.381652646E-3,2.525424957E-2,2.800130825E-2
7.225086775E0,1.277446747E-2,-1.559711434E-2,4.440689087E-2,4.876913934E-2
7.235096621E0,3.198504448E-3,-3.007570468E-2,4.201316833E-2,5.176760335E-2
7.245075775E0,9.243190289E-4,-2.289132029E-2,3.962230682E-2,4.576892077E-2
7.255085621E0,-1.110649109E-2,-2.282990888E-2,5.398559570E-2,5.965738368E-2
7.265095391E0,-3.803968430E-3,-4.922354594E-2,4.440975189E-2,6.640522354E-2
7.275074545E0,8.286312222E-3,-4.911828041E-2,3.962135315E-2,6.364840977E-2
7.285084391E0,-1.540401578E-2,-7.065948844E-2,5.159950256E-2,8.884005669E-2
7.295094160E0,-1.053051651E-2,-6.092512235E-2,5.638790131E-2,8.368009157E-2
7.305103775E0,-6.317943335E-4,-5.352107435E-2,4.442024231E-2,6.955618226E-2
7.315083083E0,-4.938095808E-4,-4.601245373E-2,4.681873322E-2,6.564589497E-2
7.325092929E0,1.165124774E-2,-5.770352483E-2,4.921722412E-2,7.673189364E-2
7.335102545E0,1.180145144E-2,-5.730140954E-2,3.964233398E-2,7.066994011E-2
7.345081929E0,-4.917114973E-3,-7.352925092E-2,3.006362915E-2,7.958988980E-2
7.355091699E0,-9.525835514E-3,-6.573982537E-2,3.485584259E-2,7.501597126E-2
7.365101545E0,-4.430875182E-3,-7.458850741E-2,3.486156464E-2,8.245245164E-2
7.375080699E0,-1.612092555E-2,-6.899856031E-2,3.007793427E-2,7.697640999E-2
7.385090468E0,-1.540765166E-3,-6.575910747E-2,4.923534393E-2,8.216296772E-2
7.395100314E0,-1.332566142E-3,-6.251334399E-2,3.966236115E-2,7.404591009E-2
7.405079468E0,-1.301272213E-2,-4.736505449E-2,3.487777710E-2,6.024316276E-2
7.415089237E0,-3.386497498E-3,-5.854637548E-2,3.248882294E-2,6.704230055E-2
7.425099083E0,1.600395143E-2,-5.768847093E-2,4.206848145E-2,7.316996153E-2
7.435078237E0,-1.723825932E-2,-7.601287216E-2,3.967666626E-2,8.746057491E-2
7.445088007E0,-2.714246511E-4,-5.360757932E-2,3.249740601E-2,6.268913486E-2
7.455097853E0,4.703730345E-3,-8.136264980E-2,3.729152679E-2,8.962512947E-2
7.465077007E0,-9.394139051E-3,-6.369493157E-2,3.250598907E-2,7.212443055E-2
7.475086776E0,-9.170994163E-3,-6.754405797E-2,3.729724884E-2,7.770065425E-2
7.485096622E0,3.005266190E-3,-7.123778015E-2,2.533054352E-2,7.566696360E-2
7.495075776E0,-1.524314284E-3,-6.554058939E-2,4.448795319E-2,7.922796457E-2
7.505085545E0,5.774199963E-3,-5.980686843E-2,5.167007446E-2,7.924644782E-2
7.515095391E0,1.070429385E-2,-6.841642410E-2,3.970050812E-2,7.982179738E-2
7.525074545E0,-1.177325845E-3,-5.791528523E-2,4.209423065E-2,7.160649840E-2
7.535084391E0,1.819390059E-2,-5.696312338E-2,3.491592407E-2,6.924548503E-2
7.545094161E0,-5.623519421E-3,-6.069821864E-2,5.646514893E-2,8.309158056E-2
7.555104007E0,-6.435364485E-4,-4.798231274E-2,3.970718384E-2,6.228464436E-2
7.565083161E0,6.598174572E-3,-7.094821334E-2,3.252506256E-2,7.832665305E-2
7.575092930E0,-5.167424679E-4,-5.807932466E-2,2.773761749E-2,6.436497806E-2
7.585102545E0,2.006918192E-3,-5.005224049E-2,4.210376740E-2,6.543685298E-2
7.595081930E0,4.523143172E-3,-5.885171145E-2,4.689407349E-2,7.538591973E-2
7.605091699E0,1.168726385E-2,-5.092211813E-2,2.055644989E-2,5.614465142E-2
7.615101545E0,4.606142640E-3,-4.783092812E-2,3.731727600E-2,6.084072093E-2
7.625080699E0,1.659265161E-2,-4.705565050E-2,2.294921875E-2,5.492009626E-2
7.635090469E0,7.081240416E-3,-7.019624114E-2,3.252696991E-2,7.768951028E-2
7.645100315E0,2.368509769E-3,-5.987053365E-2,3.970718384E-2,7.188011607E-2
7.655079469E0,9.670957923E-3,-6.852103770E-2,3.731441498E-2,7.861949885E-2
7.665089238E0,7.275164127E-3,-6.047155708E-2,4.449462891E-2,7.542883554E-2
7.675099084E0,9.660169482E-3,-5.727867037E-2,4.209899902E-2,7.173904566E-2
7.685078238E0,-2.299219370E-3,-7.310416549E-2,4.928112030E-2,8.819373130E-2
7.695088007E0,2.558544278E-3,-9.121935070E-2,5.167770386E-2,1.048718321E-1
7.705097853E0,1.456731558E-2,-7.819806039E-2,4.448986053E-2,9.113995295E-2
7.715077007E0,1.696716249E-2,-7.222927362E-2,4.688262939E-2,8.776635750E-2
7.725086776E0,4.831805825E-3,-7.823906094E-2,4.927349091E-2,9.258819531E-2
7.735096623E0,9.507805109E-3,-7.923017442E-2,5.644798279E-2,9.774555569E-2
7.745075776E0,9.454786777E-3,-6.602519006E-2,4.686927795E-2,8.151961685E-2
7.755085546E0,-4.927754402E-3,-8.868382871E-2,3.010654449E-2,9.378437108E-2
7.765095392E0,-1.456961036E-2,-6.347603351E-2,2.770900726E-2,7.077619275E-2
7.775074546E0,-1.219271123E-2,-5.518794060E-2,5.164432526E-2,7.656048149E-2
7.785084392E0,-1.187473536E-4,-6.828096509E-2,3.967380524E-2,7.897034327E-2
7.795094161E0,-1.911684871E-2,-3.857239336E-2,5.403614044E-2,6.908826172E-2
7.805104007E0,1.450851560E-2,-4.012015834E-2,6.361198425E-2,7.659379003E-2
7.815083161E0,1.464036107E-2,-3.222515061E-2,1.572704315E-2,3.873164586E-2
7.825092931E0,2.628505230E-3,-7.715847343E-3,4.924583435E-2,4.991588465E-2
7.835102546E0,1.221024990E-2,-2.405726537E-2,4.206085205E-2,4.996956569E-2
7.845081931E0,1.465095580E-2,-3.312355280E-2,2.051162720E-2,4.162387663E-2
7.855091700E0,7.463067770E-3,-6.279408932E-3,2.529811859E-2,2.711315477E-2
7.865101546E0,3.496259451E-4,-2.036759257E-2,6.121253967E-2,6.451306905E-2
7.875080700E0,7.597774267E-3,-1.778322458E-2,4.684734344E-2,5.068178014E-2
7.885090469E0,5.209267139E-3,-2.949873358E-2,4.924011230E-2,5.763592982E-2
7.895100315E0,-1.630099118E-2,-2.453697473E-2,3.487396240E-2,4.565061550E-2
7.905079469E0,7.671639323E-3,-2.443749085E-2,5.163383484E-2,5.763764316E-2
7.915089238E0,1.014898717E-2,-1.939111575E-2,3.966522217E-2,4.530283833E-2
7.925099085E0,1.267282665E-2,-3.360019252E-2,7.557487488E-2,8.367278641E-2
7.935078238E0,7.950574160E-3,-2.393030375E-2,3.487586975E-2,4.303716252E-2
7.945088008E0,1.272918284E-2,-4.521430656E-2,3.247928619E-2,5.710752705E-2
7.955097854E0,-6.469815969E-3,-2.115778998E-2,3.008842468E-2,3.734734121E-2
7.965077008E0,3.184095025E-3,-2.577960491E-2,3.248214722E-2,4.159106128E-2
7.975086777E0,1.037685573E-2,-2.316950262E-2,3.726673126E-2,4.509228587E-2
7.985096623E0,-3.906935453E-3,-3.496862575E-2,3.247928619E-2,4.788499727E-2
7.995075777E0,3.240168095E-3,-1.794058830E-2,2.050781250E-2,2.743963869E-2
8.005085546E0,-3.906592727E-3,-2.259359881E-2,2.290248871E-2,3.240765593E-2
8.015095393E0,8.602887392E-4,-2.963702753E-2,3.487014771E-2,4.577139607E-2
8.025074546E0,1.052384079E-2,-2.476725727E-2,4.684257507E-2,5.402217227E-2
8.035084316E0,-1.097851992E-2,-2.463398501E-2,2.768993378E-2,3.865350631E-2
8.045094162E0,-1.353904605E-3,-3.399530426E-2,4.205417633E-2,5.409313742E-2
8.055104008E0,2.015775442E-2,-2.905092388E-2,4.444789886E-2,5.679706819E-2
8.065083162E0,2.010361850E-2,-1.216058061E-2,2.289962769E-2,3.280896441E-2
8.075092931E0,5.802109838E-3,-3.355932608E-2,3.247928619E-2,4.706162850E-2
8.085102777E0,5.806282163E-3,-2.371434122E-2,4.923725128E-2,5.495807316E-2
8.095081931E0,1.059156656E-2,-3.067777306E-2,3.965950012E-2,5.124629735E-2
8.105091700E0,1.775518060E-2,-3.994996101E-2,3.247356415E-2,5.445895878E-2
8.115101547E0,1.300373673E-2,-2.063233778E-2,2.050304413E-2,3.186165956E-2
8.125080700E0,3.470629454E-3,-2.764550224E-2,3.965759277E-2,4.846693437E-2
8.135090470E0,1.069256663E-2,-3.219821304E-2,4.683780670E-2,5.783455750E-2
8.145100085E0,1.790316403E-2,-2.245408297E-2,3.965568542E-2,4.896205174E-2
8.155079470E0,8.300393820E-3,-2.696370333E-2,4.204845428E-2,5.063605773E-2
8.165089316E0,5.890876055E-3,-1.259119809E-2,4.444313049E-2,4.656643145E-2
8.175134778E0,1.066114008E-2,-2.909711748E-2,2.528953552E-2,3.999828447E-2
8.185078239E0,2.031522989E-2,-3.377463296E-2,4.444313049E-2,5.940224108E-2
8.195088008E0,-8.428156376E-3,-2.876179293E-2,4.204750061E-2,5.163590669E-2
8.205097855E0,-1.564691961E-2,-2.139337361E-2,4.443645477E-2,5.174070970E-2
8.215077008E0,5.862981081E-3,-2.838271111E-2,3.964900970E-2,4.911208413E-2
8.225086855E0,3.370255232E-3,-3.534869105E-2,4.203891754E-2,5.502871221E-2
8.235096624E0,2.012667060E-2,-3.988717496E-2,3.485488892E-2,5.666509399E-2
8.245075778E0,8.092656732E-3,-2.528993040E-2,6.358623505E-2,6.890777141E-2
8.255085624E0,-1.116125286E-2,-4.183834419E-2,1.809310913E-2,4.692953449E-2
8.265095393E0,-1.614689827E-3,-1.754518598E-2,5.639839172E-2,5.908654131E-2
8.275074547E0,1.498501003E-2,-1.023793966E-2,5.400180817E-2,5.696982727E-2
8.285084316E0,-4.193469882E-3,-1.475387439E-2,-2.261352539E-2,2.732459569E-2
8.295094162E0,7.869794965E-3,-7.330663502E-3,4.681873322E-2,4.803817315E-2
8.305103778E0,1.011130214E-2,-7.342159748E-3,6.117916107E-2,6.244225725E-2
8.315083086E0,1.724709570E-2,-2.875975892E-2,8.506774902E-3,3.459698343E-2
8.325092932E0,1.252497733E-2,-2.617233619E-2,5.878829956E-2,6.555860282E-2
8.335102778E0,4.448443651E-4,-2.847414091E-2,5.160045624E-2,5.893709928E-2
8.345081932E0,1.242029667E-2,-1.898761839E-2,2.047824860E-2,3.056390170E-2
8.355091701E0,2.444009483E-2,-1.645691320E-2,3.962898254E-2,4.938222843E-2
8.365101547E0,2.817243338E-3,-3.776302934E-2,3.723621368E-2,5.310855726E-2
8.375080701E0,-2.029716969E-3,-3.990288451E-2,4.441642761E-2,5.974260611E-2
8.385090470E0,9.936973453E-3,-2.288728952E-2,5.638504028E-2,6.165909690E-2
8.395100086E0,7.536143064E-3,-3.230993822E-2,3.722858429E-2,4.986675294E-2
8.405079470E0,-6.934449077E-3,-2.253608778E-2,3.483676910E-2,4.206616595E-2
8.415089240E0,-4.396200180E-3,-3.417266533E-2,3.244209290E-2,4.732427520E-2
8.425099086E0,1.476803422E-2,-3.161650151E-2,5.159378052E-2,6.228656509E-2
8.435078240E0,-1.974388957E-3,-4.094099998E-2,2.286243439E-2,4.693351252E-2
8.445088009E0,-4.397630692E-3,-2.628076449E-2,5.158996582E-2,5.806498352E-2
8.455097855E0,1.943783462E-2,-1.410827786E-2,4.201030731E-2,4.839151619E-2
8.465077009E0,-2.147957683E-3,-3.065878525E-2,3.243064880E-2,4.468021729E-2
8.475086855E0,1.683774590E-2,-1.611363143E-2,3.721809387E-2,4.391292881E-2
8.485096624E0,9.541049600E-3,-2.789057046E-2,3.242778778E-2,4.382324690E-2
8.495075778E0,1.433113217E-2,-1.348156855E-2,3.481960297E-2,3.999423447E-2
8.505085624E0,-1.436963677E-2,-1.340369880E-2,4.918479919E-2,5.296498914E-2
8.515095394E0,9.534984827E-3,-1.554374769E-2,3.721332550E-2,4.144098965E-2
8.525074548E0,-9.518802166E-3,-1.530465111E-2,4.200172424E-2,4.570541302E-2
8.535084394E0,-1.731514931E-5,-1.042154431E-2,4.439640045E-2,4.560317159E-2
8.545094163E0,-9.115040302E-5,-2.701576799E-2,3.960704803E-2,4.794349051E-2
8.555103778E0,1.478195190E-5,-2.688921615E-2,5.636405945E-2,6.244947847E-2
8.565083086E0,1.190510392E-2,-1.469390094E-2,4.678440094E-2,5.046208870E-2
8.575092932E0,-4.809647799E-3,-2.182466909E-2,3.481578827E-2,4.137134281E-2
8.585102548E0,-2.425551414E-3,-1.932002604E-2,3.481578827E-2,3.989092401E-2
8.595081932E0,9.585827589E-3,-3.109866008E-2,3.481674194E-2,4.765732125E-2
8.605091702E0,2.324968576E-3,-7.040321827E-3,3.481197357E-2,3.559276772E-2
8.615101548E0,-2.475932240E-3,-2.369429544E-2,3.720474243E-2,4.417853253E-2
8.625080702E0,1.653124392E-2,-2.351272851E-2,1.565551758E-2,3.272958384E-2
8.635090471E0,-1.214924455E-2,-1.377558708E-2,2.762603760E-2,3.317482322E-2
8.645100317E0,-2.578154206E-3,-4.065204412E-3,4.438591003E-2,4.464618433E-2
8.655079471E0,1.656012237E-2,-1.596704498E-2,3.002166748E-2,3.782174899E-2
8.665089240E0,4.570648074E-3,-1.828307658E-2,3.480529785E-2,3.957992511E-2
8.675099086E0,2.401582599E-1,9.107033610E-1,-5.852880478E-1,1.108881734E0
8.685078240E0,-4.521254301E-1,-2.148782492E0,-1.863801003E0,2.880180164E0
8.695088010E0,-3.691962242E0,-7.690415382E-1,-2.639556885E0,4.603180491E0
8.705097856E0,-3.428358078E0,-6.648441553E-1,-6.240844727E-1,3.547553846E0
8.715077010E0,-1.123918891E0,-2.515012980E0,-1.122472763E0,2.974630912E0
8.725086779E0,-9.750214219E-1,-1.542185664E0,3.007064342E0,3.517305696E0
8.735096625E0,4.939356446E-2,-1.241970181E0,7.631207466E0,7.731769335E0
8.745075779E0,2.079814196E0,-1.310933232E0,5.620846272E0,6.134988658E0
8.755085625E0,2.089433908E0,-8.141964674E-1,4.777602196E0,5.277701459E0
8.765095394E0,2.313439250E-1,1.241749287E0,-5.337649345E0,5.485067168E0
8.775074548E0,-9.514925480E-1,2.273599625E0,-6.339369774E0,6.801632337E0
8.785084394E0,-1.832928896E0,1.843943357E0,-1.475507736E0,2.989461243E0
8.795094164E0,-2.068237543E0,1.077942491E0,9.789578438E0,1.006356858E1
8.805104010E0,-6.372370720E-1,-1.082435846E0,-1.006732750E1,1.014538424E1
8.815083164E0,-4.094621181E0,1.635421395E0,-2.025726318E0,4.852225559E0
8.825092933E0,-1.123046756E0,8.924939632E-1,4.738037586E0,4.950432270E0
8.835102548E0,2.787099123E0,3.761408925E-1,-3.024228096E0,4.129813442E0
8.845081933E0,-2.807307243E-1,2.687613010E0,-6.389231682E0,6.937171968E0
8.855091702E0,4.221335411E0,8.748862147E-1,-2.345895767E-1,4.317421778E0
8.865101548E0,7.301506996E-1,1.745550990E0,2.045723915E0,2.786584763E0
8.875080702E0,1.184954643E0,1.684313178E0,2.439562798E0,3.192568720E0
8.885090472E0,-3.709152639E-1,1.763692141E0,-4.275804520E0,4.640117713E0
8.895100318E0,-2.140292645E0,1.991920352E0,-1.603407860E0,3.334593837E0
8.905079472E0,-1.728204489E0,1.508319974E0,1.340284348E0,2.656705108E0
8.915089241E0,-8.230956793E-1,7.952863574E-1,2.413215637E-1,1.169702092E0
8.925099087E0,-5.691429973E-1,8.446709514E-1,8.845214844E-1,1.348988889E0
8.935078241E0,-2.378535867E-1,-5.267906189E-1,-3.936876297E0,3.979080002E0
8.945088010E0,1.345651746E0,-1.913648009E0,-8.391466141E-1,2.485355983E0
8.955097856E0,7.148041725E-1,-1.485356569E0,3.452870369E0,3.826165565E0
8.965077010E0,5.319011807E-1,-1.570254683E0,2.242007732E0,2.788407666E0
8.975086779E0,-2.193658352E-1,-1.513992429E0,-5.874595642E-1,1.638719983E0
8.985096626E0,-8.344190717E-1,-1.660522819E0,-6.714019775E-1,1.975948338E0
8.995075779E0,-1.411429167E0,-1.544081450E0,4.753932953E-1,2.145301517E0
9.005085549E0,-9.072949886E-1,-1.775132298E0,3.687419891E-1,2.027375034E0
9.015095395E0,-3.517493904E-1,-1.714384437E0,2.900094986E-1,1.773963680E0
9.025074549E0,-1.042968631E-1,-1.611335516E0,1.220466614E0,2.024059964E0
9.035084318E0,1.919411123E-1,-1.042187095E0,-3.772665977E0,3.918673744E0
9.045094164E0,7.026249766E-1,-5.693168044E-1,-2.353363037E-1,9.344445716E-1
9.055104010E0,9.552296400E-1,-3.775176406E-2,1.123606682E0,1.475256193E0
9.065083164E0,6.913356781E-1,1.275655866E0,-3.423478127E0,3.718258381E0
9.075092934E0,5.044328570E-1,8.339437842E-1,-9.122276306E-2,9.788954669E-1
9.085102780E0,3.514842391E-1,9.324676394E-1,1.454325676E0,1.762980499E0
9.095081934E0,4.255855083E-1,9.068038464E-1,-3.925304413E-1,1.075870061E0
9.105091703E0,5.943455100E-1,6.918544769E-1,-2.996282578E-1,9.600449444E-1
9.115101549E0,3.106604815E-1,6.511831880E-1,7.656984329E-1,1.052066333E0
9.125080703E0,2.132506371E-1,6.088279486E-1,5.190658569E-1,8.279955731E-1
9.135090472E0,1.218628883E-1,5.655461550E-1,9.798908234E-2,5.867664588E-1
9.145100088E0,-1.624858379E-2,4.795058370E-1,1.701717377E-1,5.090660905E-1
9.155079472E0,-9.046059847E-2,4.651985765E-1,3.866004944E-2,4.754865243E-1
9.165089241E0,4.483938217E-3,6.052957773E-1,-7.638072968E-2,6.101123664E-1
9.175099088E0,1.627431512E-1,6.810945868E-1,-1.989374161E-1,7.279775168E-1
9.185078241E0,1.515224576E-1,1.181606054E-1,-3.976125717E-1,4.416069984E-1
9.195088011E0,-8.922469616E-2,-5.345098376E-1,-2.193870544E-1,5.846302187E-1
9.205097857E0,-4.117438793E-1,-9.993870258E-1,2.549839020E-1,1.110551322E0
9.215077011E0,-7.581961155E-1,-1.071338773E0,1.657371521E-1,1.322912287E0
9.225086857E0,-1.102684259E0,-8.533793688E-1,-2.188081741E-1,1.411398576E0
9.235096626E0,-1.317412853E0,-6.637997031E-1,7.444763184E-2,1.477074515E0
9.245075780E0,-1.438788652E0,-4.198989570E-1,9.694290161E-2,1.501940693E0
9.255085626E0,-1.394648075E0,4.694501311E-2,-1.827545166E-1,1.407354362E0
9.265095395E0,-1.245134950E0,4.061808884E-1,-4.340801239E-1,1.379771543E0
9.275074549E0,-1.053900719E0,7.555886507E-1,-1.236380577E0,1.791719248E0
9.285084319E0,-5.452570319E-1,9.566853642E-1,-1.354144096E0,1.745353360E0
9.295094165E0,-6.077184677E-1,1.254830718E0,-4.688539505E-1,1.470967673E0
9.305103780E0,-8.213061094E-1,1.322181225E0,-5.002622604E-1,1.634921786E0
9.315083088E0,-1.152757764E0,1.465337753E0,-8.281698227E-1,2.040080991E0
9.325092934E0,-1.154098868E0,8.628476858E-1,-3.061351776E-1,1.473149373E0
9.335102780E0,-9.540853500E-1,3.539431095E-2,3.137140274E-1,1.004961742E0
9.345081934E0,-8.487735987E-1,-2.606692314E-1,1.311295509E0,1.583622740E0
9.355091703E0,-5.925517082E-1,-5.699936152E-1,1.487452507E0,1.699566183E0
9.365101550E0,-5.587310195E-1,-7.413847446E-1,1.429087639E0,1.704148811E0
9.375080703E0,-2.583793700E-1,-1.127689362E0,5.499744415E-1,1.280982077E0
9.385090473E0,-1.852365881E-1,-5.912261009E-1,7.933025360E-1,1.006573301E0
9.395100088E0,1.011565030E-1,-1.341016144E-1,1.209091187E0,1.220703641E0
9.405079473E0,3.041529655E-1,6.864672899E-2,8.718338013E-1,9.259133744E-1
9.415089242E0,6.250383258E-1,1.967584193E-1,4.049711227E-1,7.703170740E-1
9.425099088E0,7.636618018E-1,3.039453030E-1,8.503303528E-1,1.182634265E0
9.435078242E0,8.345394731E-1,1.081015915E-1,1.729011536E0,1.922920429E0
9.445088088E0,7.178756595E-1,-9.066949040E-2,1.432060242E0,1.604482145E0
9.455097857E0,7.434175014E-1,-5.492617488E-1,1.386767387E0,1.666577882E0
9.465077011E0,7.476338744E-1,-1.012494206E0,1.703107834E0,2.117705650E0
9.475086858E0,7.856986523E-1,-1.373745561E0,1.909345627E0,2.479939507E0
9.485096627E0,9.207095504E-1,-1.657104254E0,1.857029915E0,2.653725813E0
9.495075781E0,1.026421189E0,-1.822990298E0,1.586834908E0,2.625810181E0
9.505085627E0,1.226744413E0,-1.835796118E0,1.297423363E0,2.560928860E0
9.515095396E0,1.257745862E0,-1.700146198E0,1.113205910E0,2.389905677E0
9.525074550E0,1.370152354E0,-1.310027719E0,5.145969391E-1,1.964255611E0
9.535084396E0,1.827380538E0,-1.178919196E0,-6.923942566E-1,2.282231344E0
9.545094165E0,6.956183434E0,1.389168978E0,-1.239343739E1,1.427990086E1
9.555103781E0,8.453049660E0,-1.484047771E0,-2.880352020E0,9.052782671E0
9.565083089E0,4.380461216E0,4.422106147E-1,2.889068604E0,5.265995451E0
9.575092935E0,1.541946769E0,-2.367267609E-1,6.068608284E0,6.265911418E0
9.585102550E0,1.267054081E0,-1.020247698E0,-4.785480499E-1,1.695682649E0
9.595081935E0,-3.564809084E0,-2.817578912E-1,-7.349167824E0,8.172974918E0
9.605091704E0,-2.728996992E0,-2.026968151E-1,2.131071568E0,3.468425667E0
9.615101550E0,-1.727130413E0,2.718321085E-1,2.363176823E0,2.939638899E0
9.625080704E0,-8.640977740E-1,7.714440227E-1,2.344229221E0,2.614804292E0
9.635090473E0,1.516917944E-1,1.055182695E0,7.026433945E-1,1.276764920E0
9.645100319E0,2.651770592E0,2.834645510E-1,-2.958132744E0,3.982811664E0
9.655079473E0,2.698496580E0,1.162137508E0,2.294423103E0,3.727844519E0
9.665089243E0,1.716414452E0,1.020837545E0,3.196547985E0,3.769098949E0
9.675099089E0,1.558069706E0,9.335436225E-1,-1.204044342E0,2.179175918E0
9.685078243E0,3.559741378E-1,1.052465439E0,-1.646554947E0,1.986339417E0
9.695088012E0,-9.031445980E-1,1.034174681E0,-4.437255859E-2,1.373738097E0
9.705097858E0,-7.791942954E-1,7.250173688E-1,2.933645248E-1,1.104018424E0
9.715077012E0,-4.084466696E-1,5.403047204E-1,1.234356880E0,1.407975419E0
9.725086781E0,2.448665500E-1,4.136435986E-1,1.112409592E0,1.211823318E0
9.735096627E0,4.968079925E-1,6.560531855E-1,-1.813276291E0,1.991279707E0
9.745075781E0,1.872773409E0,1.308650374E-1,-6.931133270E-1,2.001202634E0
9.755085551E0,1.006086111E0,4.210175276E-1,1.629052162E0,1.960427496E0
9.765095397E0,7.952618003E-1,4.960474372E-1,3.506526947E-1,1.000730585E0
9.775074551E0,5.405634046E-1,3.511959612E-1,-1.064299583E0,1.244299402E0
9.785084397E0,-1.843754202E-1,3.192327023E-1,-1.353321075E-1,3.927067520E-1
9.795094166E0,-1.656082869E-1,1.142349392E-1,-4.431533813E-2,2.060086775E-1
9.805104012E0,-4.127890244E-2,4.963302612E-2,-6.575298309E-2,9.214575332E-2
9.815083166E0,2.539781034E-1,2.815711498E-2,1.546077728E-1,2.986658058E-1
9.825092935E0,6.182626486E-1,2.849487960E-2,-6.761293411E-1,9.166305399E-1
9.835102551E0,1.272522330E0,-9.692089260E-2,-2.021150589E-1,1.292113477E0
9.845081935E0,1.385312200E0,-9.889638424E-2,5.376348495E-1,1.489268819E0
9.855091705E0,1.503309250E0,-1.883093566E-1,2.430162430E-1,1.534423673E0
9.865101551E0,1.464872241E0,-1.598513871E-1,4.417610168E-2,1.474230198E0
9.875080705E0,1.267702341E0,-1.451068968E-1,5.181512833E-1,1.377173188E0
9.885090474E0,1.303319335E0,-4.022513330E-2,3.792171478E-1,1.357963547E0
9.895100320E0,1.403178692E0,-1.479338408E-1,-1.452350616E-1,1.418410408E0
9.905079474E0,1.506205797E0,-2.037418336E-1,-2.292451859E-1,1.537114177E0
9.915089243E0,1.250762463E0,-2.908140421E-1,-4.025173187E-2,1.284756688E0
9.925099089E0,1.328454733E0,-3.751091361E-1,2.418994904E-2,1.380610008E0
9.935078243E0,8.320286274E-1,3.295201063E-2,-3.199930191E-1,8.920498888E-1
9.945088013E0,2.354537845E-1,2.853175998E-1,-5.828943253E-1,6.903697645E-1
9.955097859E0,2.077569962E-1,2.958167493E-1,-7.672595978E-1,8.481496383E-1
9.965077013E0,5.057936907E-2,3.551408052E-1,-5.613479614E-1,6.661792536E-1
9.975086782E0,-1.542343497E-1,4.439509511E-1,-4.674892426E-1,6.628928070E-1
9.985096628E0,-2.756071091E-1,5.729286075E-1,-3.289451599E-1,7.158291598E-1
9.995075782E0,-3.537758589E-1,5.458949208E-1,1.935482025E-1,6.786895679E-1
1.000508555E1,-4.672133327E-1,4.425536692E-1,4.466638565E-1,7.833585699E-1
1.001509540E1,-5.361202955E-1,3.459901512E-1,3.661193848E-1,7.356477145E-1
1.002507455E1,-6.623792648E-1,2.164490223E-1,4.979953766E-1,8.565021102E-1
1.003508432E1,-8.025814891E-1,8.730608225E-2,7.025585175E-1,1.070209264E0
1.004509417E1,-8.384352922E-1,-2.360613644E-2,6.419572830E-1,1.056238677E0
1.005510401E1,-9.281333089E-1,-1.258194000E-1,8.224191666E-1,1.246449055E0
1.006508317E1,-9.398465157E-1,-1.820554137E-1,1.033977509E0,1.409100825E0
1.007509294E1,-9.872143269E-1,-2.266252935E-1,9.486026764E-1,1.387731310E0
1.008510278E1,-1.033417583E0,-3.043486476E-1,7.724428177E-1,1.325612276E0
1.009508194E1,-1.102414727E0,-3.379652500E-1,8.693647385E-1,1.444068485E0
1.010509171E1,-1.165400386E0,-3.740567267E-1,8.802013397E-1,1.507591089E0
1.011510155E1,-1.274424791E0,-3.979244232E-1,8.241367340E-1,1.568981756E0
1.012508070E1,-1.343973279E0,-3.778439164E-1,7.921066284E-1,1.605136477E0
1.013509047E1,-1.334452510E0,-3.951759338E-1,6.858644485E-1,1.551559719E0
1.014510009E1,-1.276655555E0,-4.639084041E-1,5.148954391E-1,1.452645079E0
1.015507948E1,-6.961014867E-1,-1.027830601E0,-9.652261734E-1,1.572467675E0
1.016508924E1,-5.547456741E-1,6.805423498E-1,-3.307068825E0,3.421634823E0
1.017509909E1,-5.527794361E-3,2.437202632E-2,-2.280038834E0,2.280175790E0
1.018507824E1,-9.798025489E-1,6.538519263E-1,-1.062088013E-1,1.182715387E0
1.019508801E1,-1.772887468E0,8.876322955E-2,-2.711931229E0,3.241231228E0
1.020509786E1,-2.081044912E0,-1.299021393E-1,-8.900394440E-1,2.267111092E0
1.021507701E1,-1.462427855E0,-4.947230220E-1,1.440179825E0,2.111294396E0
1.022508686E1,-5.104888082E-1,-7.125403285E-1,1.692791939E0,1.906267843E0
1.023509663E1,6.500625610E-2,-5.501307845E-1,1.953680038E0,2.030698251E0
1.024507578E1,7.736858130E-1,4.174383581E-1,-2.195893288E0,2.365331235E0
1.025508563E1,8.071807027E-1,1.650332659E-1,3.284645081E-2,8.245335378E-1
1.026509540E1,6.974185109E-1,-2.031339407E-1,2.873825550E0,2.964208034E0
1.027507455E1,2.170572877E-1,-1.410153061E-1,-1.729717255E-1,3.113172024E-1
1.028508432E1,-1.450837255E-1,-3.341071606E-1,-9.822320938E-1,1.047595708E0
1.029509417E1,-3.661470413E-1,-2.114413381E-1,8.245620728E-1,9.266464844E-1
1.030510378E1,-1.100468636E-2,-2.301412225E-1,1.640157700E-1,2.828201870E-1
1.031508309E1,5.979726911E-1,-2.189874798E-1,8.178043365E-2,6.420396365E-1
1.032509294E1,1.394286990E0,-3.749186099E-1,-2.308855057E-1,1.462158778E0
1.033510278E1,1.210938931E0,-2.351269722E-1,6.244640350E-1,1.382610978E0
1.034508194E1,9.143929482E-1,-2.832176089E-1,1.099740028E0,1.457996848E0
1.035509171E1,4.110128284E-1,-4.335370958E-1,1.303644180E-1,6.114579626E-1
1.036510155E1,-1.600423157E-1,-1.971580386E-1,3.280048370E-1,4.148156315E-1
1.037508071E1,-8.803796172E-1,-4.531736672E-2,4.831352234E-1,1.005256971E0
1.038509048E1,-1.176601171E0,8.892046660E-2,4.896059036E-1,1.277501901E0
1.039512331E1,-8.741673231E-1,6.321686506E-2,2.132492065E-1,9.020200136E-1
1.040510269E1,-7.624455690E-1,1.733574569E-1,5.975723267E-3,7.819282338E-1
1.041511246E1,-4.896673262E-1,3.091365993E-1,1.752853394E-3,5.790877307E-1
1.042512231E1,9.177908897E-1,-4.164108634E-2,-5.767250061E-2,9.205434344E-1
1.043510146E1,4.609415829E-1,5.366689563E-1,-1.184687614E0,1.379842547E0
1.044511123E1,-4.020494223E-2,3.217001557E-1,2.298777580E0,2.321526608E0
1.045512108E1,1.771294713E0,5.892342925E-1,-5.646488190E0,5.947059012E0
1.046510023E1,-8.656343222E-1,5.317155123E-1,1.428473473E0,1.752877813E0
1.047511008E1,-2.459494323E-1,1.095555425E-1,2.349505901E0,2.364882982E0
1.048511985E1,-6.126233339E-1,4.205675125E-1,1.200894356E0,1.412208071E0
1.049509900E1,-5.057755709E-1,4.753100872E-1,5.544490814E-1,8.883368680E-1
1.050510885E1,-3.815740347E-1,1.252876043E0,-2.859693527E0,3.145336897E0
1.051511862E1,1.169824004E-1,5.667677522E-1,-1.719083786E-1,6.037077584E-1
1.052509777E1,6.254888773E-1,-2.944477089E-2,1.251594543E0,1.399497135E0
1.053510762E1,7.689101100E-1,-1.975363642E-1,1.782932281E-1,8.136533953E-1
1.054511739E1,6.423590183E-1,-3.181553781E-1,-2.407627106E-1,7.561842605E-1
1.055512700E1,-6.576167345E-1,-1.015172005E-1,-1.005486488E0,1.205723264E0
1.056510631E1,-8.504358530E-1,-1.975821406E-1,-3.161430359E-3,8.730921125E-1
1.057511616E1,-7.278581858E-1,-2.937202454E-1,7.806673050E-1,1.107018772E0
1.058512577E1,-3.091500103E-1,-4.172461927E-1,3.761768341E-1,6.412309449E-1
1.059510516E1,-3.488385677E-1,-2.828246951E-1,6.154870987E-1,7.619071618E-1
1.060511492E1,9.300678968E-2,5.141087621E-2,-1.127812386E0,1.132808068E0
1.061512477E1,2.904820740E-1,-1.095733792E-2,-4.866571426E-1,5.668642457E-1
1.062510392E1,6.890040636E-2,-5.425065756E-2,8.176622391E-1,8.223514681E-1
1.063511369E1,-1.324414313E-1,-3.012015522E-1,-3.244762421E-1,4.621124748E-1
1.064512354E1,-2.964304090E-1,-5.222058296E-1,-7.045373917E-1,9.257120784E-1
1.065510269E1,-5.226242542E-1,-4.978450239E-1,2.680778503E-1,7.699685141E-1
1.066511246E1,-3.189787567E-1,-5.805917978E-1,5.555830002E-1,8.645847286E-1
1.067512231E1,-1.576604694E-1,-5.802204609E-1,2.826004028E-1,6.643610423E-1
1.068510146E1,-1.442276835E-1,-4.965929389E-1,-8.385181427E-2,5.238676344E-1
1.069511123E1,2.473744750E-1,-5.863785744E-1,-1.295547485E-1,6.494754778E-1
1.070512108E1,1.699284017E-1,-4.255630374E-1,1.287755966E-1,4.759860447E-1
1.071510023E1,7.044395804E-2,-4.695812166E-1,2.292213440E-1,5.272677638E-1
1.072511008E1,-1.367220581E-1,-3.755967617E-1,-1.656961441E-1,4.326904907E-1
1.073511985E1,-1.859244406E-1,-1.754907668E-1,7.142162323E-2,2.654542430E-1
1.074509900E1,-1.503973007E-1,-1.069246531E-1,1.332168579E-1,2.275938504E-1
1.075510877E1,-7.971242070E-2,-4.545429349E-2,7.787322998E-2,1.203511643E-1
1.076511862E1,9.910508990E-3,-2.281513810E-2,-5.166149139E-2,5.733810607E-2
1.077509777E1,6.804464757E-2,-1.012197137E-2,1.752185822E-2,7.098974492E-2
1.078510762E1,2.830792964E-2,6.005793810E-3,9.159755707E-2,9.605998595E-2
1.079511739E1,-1.652678847E-2,4.099835455E-2,3.889751434E-2,5.888137596E-2
1.080512723E1,-5.019019544E-2,3.447847068E-2,1.499271393E-2,6.271046268E-2
1.081510639E1,-5.749206245E-2,3.219778836E-2,7.011127472E-2,9.621655607E-2
1.082511616E1,-1.387989521E-2,4.890286922E-2,4.618358612E-2,6.868089790E-2
1.083512577E1,1.457013190E-2,4.668258131E-2,2.701854706E-2,5.587086921E-2
1.084510516E1,6.982311606E-3,3.721280396E-2,6.291866302E-2,7.343230632E-2
1.085511492E1,-3.344856203E-2,3.472773731E-2,5.334949493E-2,7.190960054E-2
1.086512477E1,-4.270851612E-3,1.787692308E-2,3.660583496E-2,4.096109991E-2
1.087510393E1,-1.585556567E-2,1.084721088E-2,4.139614105E-2,4.563662390E-2
1.088511369E1,-8.129611611E-3,5.143406987E-2,5.817222595E-2,7.807408021E-2
1.089512354E1,2.334105968E-2,1.157398224E-1,3.903675079E-2,1.243558582E-1
1.090510269E1,-5.241534114E-2,1.889455169E-1,2.950668335E-2,1.982887307E-1
1.091511246E1,-1.789915562E-2,1.111616492E-1,6.308460236E-2,1.290618421E-1
1.092512231E1,-2.879753709E-2,1.045225263E-1,-1.211967468E-1,1.626127550E-1
1.093510146E1,4.823181033E-2,3.436432779E-2,1.565589905E-1,1.673855790E-1
1.094511123E1,8.581417799E-2,1.494723260E-1,2.971076965E-2,1.748964815E-1
1.095512108E1,9.547352791E-3,2.021408975E-1,-3.246593475E-2,2.049539736E-1
1.096510023E1,9.984776378E-3,2.364265174E-1,1.448173523E-1,2.774333423E-1
1.097511000E1,-1.616597176E-2,2.050116807E-1,7.073307037E-2,2.174725158E-1
1.098511985E1,-3.929385543E-2,1.546816975E-1,-7.277774811E-2,1.754053455E-1
1.099509900E1,-7.120266557E-3,1.974950433E-1,1.165170670E-1,2.294149455E-1
1.100510877E1,-6.755605340E-3,3.329783380E-1,1.856040955E-2,3.335636380E-1
1.101511862E1,-6.055212021E-2,4.336348772E-1,-7.450962067E-2,4.441367465E-1
1.102509777E1,-2.583168447E-2,4.091107249E-1,9.343624115E-2,4.204392850E-1
1.103510754E1,-1.579616964E-2,4.219793379E-1,6.029415131E-2,4.265576928E-1
1.104511739E1,-3.413166106E-2,4.023098946E-1,-1.834201813E-2,4.041715616E-1
1.105512723E1,-3.751146793E-2,3.699139357E-1,4.905986786E-2,3.750337327E-1
1.106510639E1,-1.023621857E-2,3.564698100E-1,6.852054596E-2,3.631398778E-1
1.107511616E1,7.129341364E-3,3.338569105E-1,1.131248474E-2,3.341245823E-1
1.108512600E1,-4.212960601E-3,3.028844595E-1,4.503631592E-2,3.062433911E-1
1.109510516E1,-2.737395465E-2,2.991481423E-1,3.801727295E-2,3.027940843E-1
1.110511493E1,1.255845904E0,1.717637062E0,1.144981384E-2,2.127805703E0
1.111512477E1,-1.617375374E0,3.841235638E0,-1.286211014E0,4.361803881E0
1.112510393E1,-8.074076772E-1,5.386199951E0,-3.839406967E-1,5.459896293E0
1.113511370E1,1.000803709E0,2.956248999E0,1.217411995E0,3.350090771E0
1.114512331E1,-2.076005220E0,-4.272837639E-1,8.341207504E-1,2.277745929E0
1.115510270E1,1.854234636E-1,-4.256638050E0,-2.621097565E-1,4.268729422E0
1.116511246E1,-1.428139210E-1,-5.317800045E0,8.756961823E-1,5.391311245E0
1.117512231E1,-3.732635081E-1,-2.578221560E0,-1.178075790E0,2.859093322E0
1.118510146E1,-7.780109644E-1,-2.678441703E-1,2.545220852E0,2.674918830E0
1.119511123E1,-3.630546927E-1,-3.408022523E-1,-5.455780029E-1,7.386543457E-1
1.120512108E1,-3.973450363E-1,-1.280502319E0,-1.977281570E0,2.388977119E0
1.121510023E1,1.993587464E-1,-1.275126219E0,1.053399086E0,1.665935298E0
1.122511008E1,5.470953584E-1,-6.283482909E-1,1.059868813E0,1.348130856E0
1.123511985E1,1.617677510E-1,-1.691950560E-1,-6.694393158E-1,7.091859909E-1
1.124509900E1,5.347385406E-1,-4.239829779E-1,7.956314087E-2,6.870496094E-1
1.125510885E1,-4.717218876E-2,2.493641376E-1,4.361371994E-1,5.046021653E-1
1.126511862E1,-1.233217865E-1,8.308486938E-1,-3.252115250E-1,9.007110253E-1
1.127509777E1,-2.439059168E-1,6.018294692E-1,-3.992614746E-1,7.622981906E-1
1.128510754E1,-2.891715169E-1,1.036103666E-1,1.873283386E-1,3.597876884E-1
1.129511739E1,-1.020821035E-1,-1.460174322E-1,1.057243347E-1,2.071701748E-1
1.130512700E1,-4.601517320E-2,-1.156966835E-1,-7.178401947E-2,1.437221771E-1
1.131510631E1,5.418509245E-2,2.370382249E-1,-2.589349747E-1,3.552048218E-1
1.132511616E1,1.015504003E-1,4.597442746E-1,2.509479523E-1,5.335280279E-1
1.133512600E1,3.754115105E-2,6.234939098E-1,5.719566345E-2,6.272362693E-1
1.134510516E1,-1.690143347E-2,5.461832881E-1,-2.729940414E-1,6.108417056E-1
1.135511493E1,-7.732954621E-2,3.642319143E-1,5.504512787E-2,3.763970141E-1
1.136512477E1,-9.655149281E-2,1.568301618E-1,-1.453018188E-2,1.847404033E-1
1.137510393E1,-5.336984992E-2,-5.624555796E-2,-1.583881378E-1,1.763482517E-1
1.138511370E1,4.195362329E-3,-1.337167025E-1,1.621055603E-1,2.101808037E-1
1.139512331E1,9.265992045E-2,-1.937241256E-1,3.411293030E-1,4.030931642E-1
1.140510270E1,2.509321570E-1,-4.587263763E-1,2.687625885E-1,5.879031933E-1
1.141511246E1,2.888958454E-1,-6.102921367E-1,1.510047913E-1,6.918957642E-1
1.142512231E1,2.138708532E-1,-9.519851804E-1,8.365726471E-2,9.792931448E-1
1.143510146E1,1.591320336E-1,-1.084648848E0,2.248535156E-1,1.119082316E0
1.144511123E1,1.632860303E-2,-1.098645806E0,2.273702621E-1,1.122045662E0
1.145512108E1,-7.030645013E-2,-1.131802559E0,3.603839874E-2,1.134556651E0
1.146510023E1,-8.184963465E-2,-1.288936496E0,1.320037842E-1,1.298261011E0
1.147511008E1,5.279451609E-3,-1.039234638E0,1.868104935E-1,1.055904667E0
1.148511985E1,3.790065646E-2,-6.994267702E-1,2.347078323E-1,7.387300137E-1
1.149509900E1,5.210566521E-2,-4.294876456E-1,-5.070495605E-2,4.355980150E-1
1.150510885E1,5.747872591E-2,-1.933640838E-1,-1.436424255E-1,2.476421193E-1
1.151511862E1,-3.956767917E-2,1.983516812E-1,-1.560974121E-2,2.028611710E-1
1.152509777E1,-2.898412943E-2,7.173739672E-1,-1.353387833E-1,7.306039110E-1
1.153510762E1,6.758904457E-2,9.191606045E-1,-7.602500916E-2,9.247725654E-1
1.154511739E1,-6.857395172E-3,6.193187237E-1,3.950214386E-2,6.206151180E-1
1.155512700E1,1.107013524E-1,3.465584815E-1,-1.657342911E-1,3.997817226E-1
1.156510631E1,1.538747549E-1,5.344438553E-2,2.624654770E-1,3.089043042E-1
1.157511616E1,1.398978531E-1,-4.418855906E-2,1.185083389E-1,1.885955049E-1
1.158512577E1,6.589359045E-2,1.842920780E-1,-5.400238037E-1,5.743964170E-1
1.159510516E1,-8.929103613E-3,7.468640208E-1,1.856956482E-1,7.696547721E-1
1.160511493E1,-6.722462177E-2,1.063563704E0,-2.349853516E-3,1.065688709E0
1.161512477E1,-1.203904748E-1,1.273423553E0,-3.960866928E-1,1.339024301E0
1.162510393E1,-5.933964252E-2,1.364122868E0,1.535263062E-1,1.374017001E0
1.163511370E1,-5.321711302E-3,1.419760227E0,2.484073639E-1,1.441337449E0
1.164512354E1,2.194398642E-1,1.634668112E0,-5.667896271E-1,1.744002343E0
1.165510270E1,2.502444983E-1,1.900785685E0,1.768798828E-1,1.925329847E0
1.166511246E1,5.764436722E-2,2.172161579E0,5.213584900E-1,2.234596938E0
1.167512231E1,2.924805880E-2,2.029449701E0,-2.403297424E-1,2.043839505E0
1.168510146E1,-4.087725282E-2,1.655981660E0,-1.580715179E-2,1.656561521E0
1.169511124E1,-3.361171484E-2,1.181129217E0,3.472223282E-1,1.231567830E0
1.170512108E1,-1.061239839E-2,9.094960093E-1,-4.227647781E-1,1.003008311E0
1.171510024E1,4.823812842E-2,9.101346135E-1,-1.276626587E-1,9.203095600E-1
1.172511000E1,-1.661878824E-2,1.284242868E0,4.927959442E-1,1.375646674E0
1.173511985E1,-2.205163240E-2,1.264173746E0,1.433067322E-1,1.272461534E0
1.174509900E1,-8.505663276E-2,1.070979714E0,-4.482479095E-1,1.164112696E0
1.175510877E1,-4.255387187E-2,1.026407957E0,-1.007080078E-3,1.027290193E0
1.176511862E1,-1.146496832E-1,4.559029639E-1,-3.225135803E-1,5.700939149E-1
1.177509777E1,1.247847080E-1,-5.487348437E-1,-5.554618835E-1,7.907079462E-1
1.178510762E1,2.923775315E-1,-1.119320154E0,6.437740326E-1,1.323936265E0
1.179511739E1,3.336823583E-1,-1.312722445E0,4.641656876E-1,1.431793951E0
1.180512724E1,1.522825956E-1,-6.591056585E-1,-3.566417694E-1,7.647245319E-1
1.181510639E1,2.652454376E-2,-1.654824913E-1,2.640113831E-1,3.127139535E-1
1.182511616E1,2.270489931E-2,3.098044097E-1,-3.101320267E-1,4.389489250E-1
1.183512577E1,-3.892612457E-2,1.328833461E0,-6.772232056E-2,1.331127313E0
1.184510516E1,-1.224585474E-1,2.508854151E0,7.322483063E-1,2.616396917E0
1.185511493E1,-2.853792906E-2,3.084021568E0,1.648883820E-1,3.088558179E0
1.186512477E1,-9.858289361E-1,-1.008991241E0,-5.149583817E-1,1.501700420E0
1.187510393E1,6.420519948E-1,-1.810757756E0,-1.115615845E0,2.221637488E0
1.188511370E1,-1.243549585E-2,-1.611440182E0,-8.571805954E-1,1.825281533E0
1.189512354E1,7.241644263E-1,-1.498492956E0,1.652324677E0,2.345223250E0
1.190510270E1,-3.006487787E-1,-1.764229059E0,3.815374374E-1,1.829881056E0
1.191511247E1,-4.542786181E-1,-1.476160765E0,-4.312191010E-1,1.603549057E0
1.192512231E1,-7.559455633E-1,-8.597217798E-1,2.286930084E-1,1.167422685E0
1.193510147E1,-2.593562603E-1,-3.134262562E-1,8.568248749E-1,9.484991060E-1
1.194511124E1,1.271282434E-1,-8.484486341E-1,8.376502991E-2,8.619995680E-1
1.195512108E1,4.545823932E-1,-2.032237053E0,-1.038903236E0,2.327219914E0
1.196510024E1,7.059997320E-1,-2.231333256E0,-6.431484222E-2,2.341243285E0
1.197511001E1,2.315514386E-1,-2.040581465E0,1.073027611E0,2.317105314E0
1.198511985E1,1.503621042E-1,-2.087476969E0,-1.091785431E-1,2.095731092E0
1.199509900E1,-2.479969412E-1,-2.077261925E0,-4.363164902E-1,2.137028700E0
1.200510885E1,-3.540564775E-1,-1.980167866E0,1.869888306E-1,2.020243943E0
1.201511862E1,-1.961104274E-1,-1.794419408E0,3.335266113E-1,1.835658005E0
1.202509777E1,-9.496362507E-2,-8.041276932E-1,5.179729462E-1,9.612155898E-1
1.203510754E1,-6.188809872E-3,-1.818085909E-1,1.958541870E-1,2.673041856E-1
1.204511739E1,5.287930369E-2,6.043457985E-2,-4.948921204E-1,5.013649070E-1
1.205512724E1,3.226543963E-1,4.088606834E-1,-2.190399170E-2,5.212990531E-1
1.206510639E1,2.215340137E-1,8.865695000E-1,4.616928101E-1,1.023837413E0
1.207511616E1,1.402646005E-1,1.188838482E0,-1.103248596E-1,1.202157506E0
1.208512601E1,1.385539770E-2,1.010314465E0,-3.180952072E-1,1.059297810E0
1.209510516E1,-1.003315002E-1,7.768260837E-1,7.705497742E-2,7.870594919E-1
1.210511493E1,-2.102391720E-1,6.174139380E-1,3.877449036E-2,6.533788652E-1
1.211512477E1,-1.771103740E-1,5.032213926E-1,-8.266258240E-2,5.398453085E-1
1.212510393E1,-7.985721529E-2,3.427088857E-1,7.158565521E-2,3.590975650E-1
1.213511370E1,-3.873479366E-2,2.582266331E-1,9.192466736E-3,2.612773999E-1
1.214512331E1,4.957696795E-2,2.343764007E-1,2.750015259E-2,2.411357115E-1
1.215510270E1,4.702448845E-2,1.391104460E-1,2.247562408E-1,2.684741822E-1
1.216511247E1,6.868544221E-2,-2.288917601E-1,5.488967896E-2,2.451978888E-1
1.217512231E1,-6.454926729E-2,-5.401029587E-1,7.026672363E-3,5.439919007E-1
1.218510147E1,-1.770179719E-1,-6.774336696E-1,2.296886444E-1,7.368911808E-1
1.219511124E1,-1.486917287E-1,-4.037717879E-1,8.594894409E-2,4.387802501E-1
1.220512108E1,-2.495742142E-1,-1.014257967E-1,-3.617849350E-1,4.510685312E-1
1.221510024E1,-2.029622793E-1,2.849645615E-1,-3.281440735E-1,4.796634456E-1
1.222511008E1,3.339129686E-1,1.848284602E-1,9.216051102E-1,9.975045912E-1
1.223511985E1,4.413595200E-1,3.880459368E-1,1.332966805E0,1.456769843E0
1.224509900E1,3.642643094E-1,8.617846966E-1,-2.484324455E0,2.654661815E0
1.225510885E1,1.720531285E-1,5.964291096E-1,1.015381813E0,1.190096714E0
1.226511862E1,6.650779247E-1,2.124812305E-1,6.374835968E-1,9.454428885E-1
1.227509778E1,-1.003256440E0,7.052170038E-1,-1.868190765E0,2.234723975E0
1.228510754E1,-8.097886443E-1,5.748962760E-1,5.340843201E-1,1.127612273E0
1.229511739E1,-3.067455292E-1,2.884076238E-1,9.752645493E-1,1.062267724E0
1.230512701E1,-5.987152457E-2,2.546739876E-1,7.812404633E-1,8.238811206E-1
1.231510631E1,9.392470121E-2,4.650523663E-1,-3.519916534E-1,5.907568679E-1
1.232511616E1,6.416038275E-1,2.261031419E-1,-5.804681778E-1,8.942714396E-1
1.233512601E1,3.116371036E-1,3.269841075E-1,9.133224487E-1,1.018918145E0
1.234510516E1,2.482546866E-1,3.042097092E-1,5.709285736E-1,6.929165698E-1
1.235511493E1,-2.112400830E-1,6.702624559E-1,-1.353762627E0,1.525302390E0
1.236512478E1,-8.358663321E-2,5.684987903E-1,-3.335294724E-1,6.643940914E-1
1.237510393E1,1.972481370E0,-3.322850943E0,2.161575794E0,4.427689133E0
1.238511370E1,3.017560482E0,1.682975411E0,-1.889276505E0,3.937949112E0
1.239512331E1,-2.230847120E0,4.332896233E0,-3.393050194E0,5.938304325E0
1.240510270E1,-1.175499320E0,1.879599214E0,2.103736401E0,3.056206586E0
1.241511247E1,-1.662762761E-1,-1.751522303E0,-7.357969284E-1,1.907059332E0
1.242512231E1,1.220736504E-1,-3.320824623E0,-6.057739258E-3,3.323073103E0
1.243510147E1,1.017075896E0,-9.683473110E-1,-1.084095955E0,1.774092425E0
1.244511124E1,1.634496152E-1,1.800306797E0,5.387182236E-1,1.886276137E0
1.245512108E1,9.079922438E-1,2.642984390E0,-3.234148026E-1,2.813256749E0
1.246510024E1,2.965792120E-1,3.647180080E0,2.684431076E-1,3.669052121E0
1.247511008E1,-4.259620607E-1,3.361309767E0,8.603763580E-1,3.495725176E0
1.248511985E1,-2.776255012E-1,2.627528906E0,-1.394987106E-1,2.645835210E0
1.249509901E1,-1.016150117E-1,2.120184183E0,-2.565536499E-1,2.138066032E0
1.250510885E1,2.284840643E-1,1.678860426E0,2.310295105E-1,1.710015185E0
1.251511862E1,4.619300961E-1,1.505795240E0,-1.139926910E-1,1.579174801E0
1.252509778E1,2.624032199E-1,1.310671806E0,-1.858406067E-1,1.349537982E0
1.253510762E1,1.285012066E-1,7.532533407E-1,1.072015762E-1,7.716186450E-1
1.254511739E1,-3.909835219E-1,3.024656475E-1,-7.630872726E-1,9.092061196E-1
1.255512701E1,-5.440618396E-1,4.202736020E-1,-3.453073502E-1,7.693311068E-1
1.256510631E1,-6.038773060E-1,2.933804691E-1,7.904844284E-1,1.037114040E0
1.257511616E1,-1.772431433E-1,3.221611083E-1,8.290052414E-1,9.068917255E-1
1.258512578E1,7.953286171E-3,4.056121111E-1,6.393384933E-1,7.571909591E-1
1.259510516E1,5.212324858E-1,7.883092761E-2,-1.238929749E0,1.346419155E0
1.260511493E1,3.115154803E-1,-3.896535337E-1,-1.004505157E-1,5.088831662E-1
1.261512478E1,2.642929554E-1,-7.243092656E-1,9.240751266E-1,1.203490556E0
1.262510393E1,-9.451916814E-2,-7.795679569E-1,-4.760541916E-1,9.183069563E-1
1.263511370E1,-5.108246803E-1,-7.521113753E-1,-4.944162369E-1,1.034920669E0
1.264512354E1,-3.922622800E-1,-7.885869741E-1,2.892484665E-1,9.270403376E-1
1.265510270E1,-1.895122528E-1,-8.571774960E-1,5.625543594E-1,1.042657931E0
1.266511247E1,1.480349898E-2,-8.593623042E-1,6.531295776E-1,1.079491065E0
1.267512231E1,8.501675725E-2,-7.502335906E-1,2.500991821E-1,7.953790860E-1
1.268510147E1,2.221987545E-1,-5.489486456E-1,-9.862728119E-1,1.150413387E0
1.269511124E1,1.951582134E-1,-6.428411007E-1,2.388105392E-1,7.129950088E-1
1.270512108E1,3.683590889E-2,-5.760716796E-1,5.546560287E-1,8.005365541E-1
1.271510024E1,-7.104578614E-2,-5.179326534E-1,-3.431043625E-1,6.253177918E-1
1.272511001E1,-2.446258515E-1,-4.892241657E-1,3.771018982E-2,5.482737910E-1
1.273511985E1,-1.775098592E-1,-4.883321822E-1,2.939424515E-1,5.969759083E-1
1.274509901E1,-2.623200417E-4,-2.175946832E-1,3.097457886E-1,3.785366145E-1
1.275510878E1,-2.433907986E-2,2.133553922E-1,3.378343582E-1,4.003060926E-1
1.276511862E1,-3.251680732E-2,5.513593554E-1,-2.421245575E-1,6.030578604E-1
1.277509778E1,6.855374575E-2,7.498283386E-1,-5.167875290E-1,9.132423028E-1
1.278510762E1,-4.269921780E-2,9.046244621E-1,1.514673233E-1,9.182107551E-1
1.279511739E1,-4.900375009E-2,9.734888673E-1,7.974433899E-2,9.779780682E-1
1.280512724E1,2.703654766E-2,9.071120024E-1,3.224086761E-2,9.080873489E-1
1.281510639E1,-1.493692398E-2,8.166465759E-1,2.481079102E-1,8.536347443E-1
1.282511616E1,3.899085522E-2,5.651779175E-1,-1.819067001E-1,5.950095905E-1
1.283512578E1,4.805973172E-2,4.583660364E-1,-2.208375931E-1,5.110561649E-1
1.284510516E1,3.821548820E-2,4.462430477E-1,3.123607635E-1,5.460426062E-1
1.285511493E1,1.393180192E-1,4.429625273E-1,2.706527710E-3,4.643626130E-1
1.286512478E1,1.332302392E-1,5.086740851E-1,-1.441717148E-1,5.452385761E-1
1.287510393E1,-3.473669291E-3,6.155073047E-1,2.213201523E-1,6.540977895E-1
1.288511378E1,1.280331612E-2,5.142997503E-1,-1.027832031E-1,5.246261001E-1
1.289512354E1,3.115576506E-2,3.248810470E-1,-7.502365112E-2,3.348834493E-1
1.290510270E1,1.195544004E-1,2.591902316E-1,6.031417847E-2,2.917372635E-1
1.291511247E1,1.572736502E-1,1.416416019E-1,-5.342674255E-2,2.182928337E-1
1.292512232E1,1.626517773E-1,-1.147886291E-1,8.902740479E-2,2.180777587E-1
1.293510147E1,1.341693997E-1,-4.865174294E-1,2.004442215E-1,5.430271842E-1
1.294511124E1,1.178469658E-1,-9.831270576E-1,1.994600296E-1,1.010054960E0
1.295512108E1,1.340236068E-1,-1.370885372E0,-1.453971863E-2,1.377497889E0
1.296510024E1,1.508218050E-1,-1.398227334E0,3.691673279E-3,1.406342961E0
1.297511001E1,1.015544534E-1,-1.090007663E0,3.139905930E-1,1.138867905E0
1.298511985E1,1.059623957E-1,-5.863118172E-1,1.286783218E-1,6.095471161E-1
1.299509901E1,4.344350100E-2,-2.465569079E-1,9.307861328E-4,2.503567714E-1
1.300510878E1,-3.061234951E-3,-3.803937137E-2,-1.411170959E-1,1.461861816E-1
1.301511862E1,7.621318102E-2,-1.903595030E-2,8.866310120E-3,7.905332264E-2
1.302509778E1,1.611579061E-1,1.661809534E-1,1.253128052E-1,2.632323671E-1
1.303510755E1,2.282909155E-1,4.919673800E-1,2.493858337E-3,5.423604562E-1
1.304511739E1,9.107345343E-2,6.699273586E-1,-4.802227020E-2,6.777928726E-1
1.305512724E1,5.733835697E-2,7.341225743E-1,1.291742325E-1,7.476025840E-1
1.306510639E1,2.196913958E-2,9.060978293E-1,2.251176834E-1,9.339025061E-1
1.307511616E1,-1.787215471E-2,9.077388048E-1,-2.120971680E-2,9.081624325E-1
1.308512601E1,5.877202749E-2,9.068868160E-1,-2.125377655E-1,9.333113897E-1
1.309510516E1,4.105347395E-2,1.035460353E0,2.520656586E-1,1.066489862E0
1.310511493E1,8.493196964E-2,8.782743812E-1,-1.365852356E-2,8.824771291E-1
1.311512478E1,5.384773016E-2,6.705538034E-1,-1.500568390E-1,6.892452657E-1
1.312510393E1,-4.843473434E-3,3.831806183E-1,5.832004547E-2,3.876236231E-1
1.313511370E1,3.450906277E-2,-1.215844601E-2,-1.355752945E-1,1.404256519E-1
1.314512332E1,2.339506149E-2,-4.303144217E-1,-1.978387833E-1,4.741919596E-1
1.315510270E1,-3.095358610E-2,-8.814255595E-1,2.237577438E-1,9.099102535E-1
1.316511247E1,1.027101278E-1,-1.323260307E0,-4.679012299E-2,1.328064956E0
1.317512232E1,8.768075705E-2,-1.447246790E0,8.477210999E-2,1.452376500E0
1.318510147E1,2.538961172E-2,-1.283244014E0,3.502922058E-1,1.330437695E0
1.319511124E1,5.243599415E-2,-9.701821804E-1,5.056095123E-2,9.729128463E-1
1.320512108E1,-2.147990465E-2,-6.341835260E-1,1.002693176E-1,6.424204753E-1
1.321510024E1,-7.304280996E-2,-3.000560701E-1,8.525276184E-2,3.203699903E-1
1.322511008E1,-3.802418709E-3,1.461559534E-2,-4.954814911E-2,5.179858198E-2
1.323511985E1,-5.951601267E-2,2.665935755E-1,1.657075882E-1,3.194891157E-1
1.324509901E1,5.765777826E-2,4.537806511E-1,-2.391605377E-1,5.161773547E-1
1.325510885E1,3.114658594E-2,5.515056849E-1,-1.434326172E-2,5.525706827E-1
1.326511862E1,3.337913752E-2,4.884449840E-1,9.322834015E-2,4.983815733E-1
1.327509778E1,-1.562929153E-2,4.089756012E-1,-1.557846069E-1,4.379202677E-1
1.328510762E1,-3.457665443E-2,4.024721980E-1,1.507854462E-1,4.311793896E-1
1.329511739E1,2.767801285E-3,2.246833742E-1,1.484413147E-1,2.693048519E-1
1.330512701E1,1.134532690E-2,2.034721822E-1,-1.220798492E-1,2.375565931E-1
1.331510632E1,4.106819630E-2,1.186701953E-1,1.484365463E-1,1.944289595E-1
1.332511616E1,2.515059710E-2,1.206174418E-1,1.269359589E-1,1.769006994E-1
1.333512601E1,2.457326651E-2,5.088624358E-2,-2.622985840E-2,6.229976472E-2
1.334510516E1,1.334673166E-2,-6.163814664E-2,-1.625986099E-1,1.744009871E-1
1.335511493E1,3.169059753E-3,-2.901881933E-2,-1.169595718E-1,1.205474025E-1
1.336512478E1,2.031320333E-2,-3.948464990E-2,-1.765909195E-1,1.820879366E-1
1.337510393E1,7.624208927E-3,2.161645889E-2,-1.107406616E-2,2.545652761E-2
1.338511370E1,7.631301880E-3,9.399177134E-2,1.545114517E-1,1.810151335E-1
1.339512332E1,-5.915820599E-2,1.584836096E-1,-1.323795319E-1,2.148047678E-1
1.340510270E1,-4.429268837E-2,1.565996259E-1,-1.080207825E-1,1.953299120E-1
1.341511247E1,-1.640915871E-2,3.043321967E-1,1.652536392E-1,3.466931088E-1
1.342512232E1,-7.555603981E-3,3.022385240E-1,4.813957214E-2,3.061415211E-1
1.343510147E1,6.581687927E-2,2.218241096E-1,-2.126522064E-1,3.142590620E-1
1.344511124E1,-3.804808855E-2,4.476128817E-1,4.770975113E-1,6.553067863E-1
1.345512108E1,-3.271692991E-2,3.118685186E-1,-5.902099609E-2,3.190859577E-1
1.346510024E1,6.461852789E-2,1.680917740E-1,-4.634494781E-1,4.972080223E-1
1.347511008E1,-2.546393871E-2,1.180574298E-3,5.829439163E-1,5.835009987E-1
1.348511985E1,1.238150001E-1,-3.309652805E-1,4.322290421E-1,5.582921421E-1
1.349509901E1,9.267538786E-2,-4.945783615E-1,-2.785034180E-1,5.751179331E-1
1.350510885E1,5.706065893E-2,-6.833119392E-1,2.032089233E-1,7.151678066E-1
1.351511862E1,3.530800343E-3,-6.197730303E-1,3.785209656E-1,7.262294383E-1
1.352509778E1,-5.273842812E-2,-5.008472800E-1,9.663200378E-2,5.128031629E-1
1.353510762E1,-6.707930565E-2,-3.295678198E-1,-8.058547974E-3,3.364216422E-1
1.354511739E1,-7.660043240E-2,-1.052282453E-1,1.640033722E-2,1.311852923E-1
1.355512701E1,-1.885080338E-2,6.388533860E-2,5.054473877E-5,6.660849669E-2
1.356510632E1,4.068470001E-2,2.114441693E-1,4.355335236E-2,2.196833540E-1
1.357511616E1,-3.989636898E-3,2.902234495E-1,1.302499771E-1,3.181361727E-1
1.358512578E1,-6.053447723E-3,2.222057283E-1,-8.029937744E-4,2.222896190E-1
1.359510516E1,-5.002385378E-2,1.447988749E-1,-5.518245697E-2,1.628318263E-1
1.360511493E1,-6.343662739E-2,1.029702500E-1,1.106672287E-1,1.639338695E-1
1.361512478E1,-4.730159044E-2,1.135225147E-1,2.381143570E-1,2.679985985E-1
1.362510393E1,-7.392436266E-2,1.074551493E-1,1.505851746E-3,1.304365290E-1
1.363511370E1,-1.167058945E-2,1.356933862E-1,-2.693939209E-2,1.388330961E-1
1.364512355E1,-4.188585281E-2,1.918929964E-1,2.833461761E-2,1.984444439E-1
1.365510270E1,-5.143469572E-2,1.638552099E-1,-1.938343048E-2,1.728287451E-1
1.366511247E1,-1.623612642E-2,1.976724416E-1,-8.629035950E-2,2.162961676E-1
1.367512232E1,1.064968109E-2,1.811064333E-1,9.573554993E-2,2.051298403E-1
1.368510147E1,-1.248621941E-2,1.422543377E-1,1.006183624E-1,1.746890298E-1
1.369511124E1,-1.060020924E-2,3.984118998E-2,-1.177215576E-2,4.287503360E-2
1.370512109E1,-2.531850338E-2,1.669107378E-2,1.415977478E-1,1.448086349E-1
1.371510024E1,-3.079932928E-2,-3.264789283E-2,9.861946106E-2,1.083525805E-1
1.372511001E1,9.066045284E-3,-5.024041235E-2,-7.366180420E-2,8.962339878E-2
1.373511986E1,2.946418524E-2,-7.568597794E-3,1.738929749E-2,3.504011346E-2
1.374509901E1,1.208847761E-2,-1.292368770E-2,1.252384186E-1,1.264824671E-1
1.375510878E1,-1.692235470E-3,-6.148318946E-2,5.597782135E-2,8.316587480E-2
1.376511862E1,1.013720036E-2,-1.397089660E-2,-3.713321686E-2,4.094904855E-2
1.377509778E1,2.984505892E-2,7.436276972E-2,1.499052048E-1,1.699768204E-1
1.378510762E1,-2.507734299E-2,2.093852460E-1,1.047019958E-1,2.354433315E-1
1.379511739E1,-6.375446916E-2,3.207291961E-1,-1.536207199E-1,3.612909840E-1
1.380512724E1,-3.905698657E-2,3.852603436E-1,3.572559357E-2,3.888795425E-1
1.381510639E1,-1.121467352E-2,3.780364990E-1,1.100931168E-1,3.939008224E-1
1.382511616E1,-2.252995968E-3,4.500488937E-1,-5.251693726E-2,4.531082778E-1
1.383512578E1,5.240005255E-2,4.199697375E-1,8.656406403E-2,4.319880590E-1
1.384510516E1,-4.063561559E-2,3.620222509E-1,7.725715637E-2,3.723976794E-1
1.385511493E1,-1.565337181E-3,2.639364004E-1,-2.542114258E-2,2.651624186E-1
1.386512478E1,-3.673183918E-2,1.416413784E-1,5.940437317E-3,1.464472495E-1
1.387510393E1,-2.226853371E-2,-1.656123251E-2,3.724002838E-2,4.644331738E-2
1.388511370E1,1.341044903E-3,-1.269977689E-1,-5.119037628E-2,1.369331455E-1
1.389512355E1,-1.572781801E-2,-2.145460546E-1,8.539676666E-2,2.314518990E-1
1.390510270E1,-2.014815807E-3,-3.228161931E-1,8.548927307E-2,3.339502505E-1
1.391511247E1,-1.680052280E-2,-4.131432474E-1,2.572631836E-2,4.142842549E-1
1.392512232E1,6.455481052E-3,-4.284954071E-1,1.287240982E-1,4.474593620E-1
1.393510147E1,1.253655553E-2,-4.327180982E-1,8.561801910E-2,4.412851265E-1
1.394511124E1,2.197563648E-3,-3.878421187E-1,8.318042755E-2,3.966677727E-1
1.395512109E1,9.020924568E-3,-3.062511086E-1,1.310167313E-1,3.332214016E-1
1.396510024E1,-2.687025070E-2,-1.358863115E-1,1.368808746E-2,1.391921829E-1
1.397511001E1,-2.891463041E-2,-1.418858767E-2,6.879425049E-2,7.596065279E-2
1.398511986E1,1.399582624E-2,2.810948342E-2,4.968738556E-2,5.877807835E-2
1.399509901E1,-4.347211123E-2,7.576548308E-2,-5.295753479E-3,8.751158715E-2
1.400510878E1,-2.844005823E-3,7.459525764E-2,9.535408020E-2,1.210988912E-1
1.401511863E1,1.406350732E-2,8.191937953E-2,6.886482239E-3,8.340258161E-2
1.402509778E1,-2.124291658E-2,1.726590097E-1,-1.440048218E-4,1.739609608E-1
1.403510755E1,-2.584722638E-2,2.655570805E-1,6.223106384E-2,2.739732604E-1
1.404511739E1,-1.701408625E-2,2.541443110E-1,-5.019283295E-2,2.596114990E-1
1.405512724E1,-1.093262434E-2,2.346113026E-1,4.088687897E-2,2.383982434E-1
1.406510639E1,2.272754908E-3,2.114448249E-1,5.058097839E-2,2.174224339E-1
1.407511616E1,-4.770898819E-2,2.063974142E-1,-1.865291595E-2,2.126592848E-1
1.408512601E1,-3.539428115E-2,1.748922914E-1,9.406948090E-2,2.017154827E-1
1.409510516E1,-3.786993027E-2,1.007582396E-1,1.229677200E-1,1.634240332E-1
1.410511493E1,-8.037686348E-3,-4.474371672E-4,8.136749268E-3,1.144601636E-2
1.411512478E1,9.494215250E-3,-1.067453027E-1,9.676647186E-2,1.443899229E-1
1.412510393E1,-1.913973689E-2,-1.716447026E-1,6.564903259E-2,1.847647935E-1
1.413511370E1,7.884502411E-4,-1.763734818E-1,-3.744125366E-3,1.764149801E-1
1.414512332E1,-3.640183806E-2,-8.032724261E-2,1.160125732E-1,1.457274060E-1
1.415510270E1,-4.277551174E-2,7.991287112E-2,1.788997650E-2,9.238973230E-2
1.416511247E1,5.639791489E-3,2.807253599E-1,-4.672908783E-2,2.846438873E-1
1.417512232E1,1.509729028E-2,3.908250332E-1,1.376485825E-1,4.146314834E-1
1.418510147E1,-3.748100996E-2,4.606063962E-1,1.042165756E-1,4.737342852E-1
1.419511124E1,-3.669086099E-2,4.329801500E-1,-9.435176849E-2,4.446574927E-1
1.420512109E1,1.816517115E-2,2.711045742E-1,-5.668640137E-3,2.717715899E-1
1.421510024E1,-1.777082682E-3,1.206727326E-1,7.578086853E-2,1.425054611E-1
1.422511009E1,2.503931522E-3,1.857583970E-2,3.031444550E-2,3.564122752E-2
1.423511986E1,-5.011576414E-2,-7.559698820E-2,2.553949356E-1,2.710222640E-1
1.424509901E1,-4.171812534E-2,2.231622487E-2,-1.468639374E-1,1.542965715E-1
1.425510886E1,-1.903587580E-2,7.159052044E-2,-1.469144821E-1,1.645339851E-1
1.426511863E1,-2.644321322E-2,1.129655689E-1,1.474637985E-1,1.876327135E-1
1.427509778E1,-8.602648973E-3,1.778094172E-1,-1.133918762E-3,1.780210106E-1
1.428510755E1,1.761963964E-2,2.976318598E-1,9.692382812E-2,3.135114099E-1
1.429511740E1,-2.536183596E-2,4.724091291E-1,2.524690628E-1,5.362408374E-1
1.430512701E1,-7.529330254E-2,5.857735872E-1,8.482551575E-2,5.966532871E-1
1.431510632E1,-9.305626154E-3,4.228436351E-1,-8.767890930E-2,4.319385669E-1
1.432511616E1,3.360900283E-2,3.596961796E-1,7.047653198E-4,3.612636204E-1
1.433512601E1,7.337528467E-2,4.145590663E-1,1.034040451E-1,4.335153381E-1
1.434510516E1,6.727486849E-3,4.136253893E-1,-1.577663422E-1,4.427430863E-1
1.435511493E1,1.999610662E-2,3.270528316E-1,3.838539124E-2,3.299042850E-1
1.436512478E1,-3.961983323E-2,4.510153234E-1,1.602334976E-1,4.802700562E-1
1.437510393E1,2.707090974E-2,6.582090855E-1,3.251161575E-1,7.346240877E-1
1.438511370E1,-8.210730553E-2,9.755787849E-1,-1.469831467E-1,9.899998084E-1
1.439512332E1,-2.056199312E-2,1.014902711E0,9.434890747E-2,1.019486157E0
1.440510270E1,-1.269388199E-1,8.390307426E-1,1.953220367E-2,8.488036039E-1
1.441511247E1,6.800419092E-2,-1.350745678E0,3.355503082E-2,1.352872646E0
1.442512232E1,5.459294915E-1,-1.657490849E0,-5.174160004E-1,1.820174234E0
1.443510147E1,1.129295230E-1,-4.299131036E-1,5.190534592E-1,6.833702125E-1
1.444511124E1,2.222246528E-1,-3.999908864E-1,4.736900330E-1,6.586036387E-1
1.445512109E1,1.012910008E-1,-1.193285346E0,-6.178293228E-1,1.347554398E0
1.446510024E1,-1.306794584E-1,-1.228403568E0,1.988286972E-1,1.251233511E0
1.447511009E1,4.140365124E-2,-1.557599068E0,1.725301743E-1,1.567672089E0
1.448511986E1,3.515106440E-2,-1.985150218E0,2.011528015E-1,1.995625074E0
1.449509901E1,2.177834511E-2,-2.280297041E0,2.535171509E-1,2.294449790E0
1.450510886E1,4.319483042E-2,-2.370729923E0,4.225540161E-2,2.371499880E0
1.451511863E1,-4.045182467E-2,-2.032780886E0,2.114000320E-1,2.044143941E0
1.452509778E1,-5.555045605E-2,-1.487953186E0,1.049222946E-1,1.492681890E0
1.453510763E1,-8.710190654E-2,-1.015910983E0,8.675670624E-2,1.023322331E0
1.454511740E1,-1.102780104E-1,-6.138477325E-1,3.732681274E-3,6.236859877E-1
1.455512701E1,3.659045696E-2,-3.694686294E-1,-1.633615494E-1,4.056265837E-1
1.456510640E1,5.350005627E-2,-4.885583222E-1,3.805828094E-2,4.929502236E-1
1.457511616E1,2.305466533E-1,-1.406080484E0,-2.899198532E-1,1.454052134E0
1.458512578E1,2.362466455E-1,-8.057490587E-1,-4.849433899E-3,8.396829998E-1
1.459510517E1,2.076601982E-2,1.446347952E0,1.148900986E-1,1.451052501E0
1.460511493E1,-4.292252064E-1,1.310352087E0,-4.284887314E-1,1.443904243E0
1.461512478E1,7.673662901E-2,9.242742062E-1,3.181819916E-1,9.805157307E-1
1.462510393E1,-4.462319613E-2,8.516018391E-1,-3.438377380E-2,8.534630430E-1
1.463511370E1,1.476185322E-1,6.282513142E-1,5.159101486E-1,8.262289188E-1
1.464512355E1,-2.277237177E-2,4.609173238E-1,3.075008392E-1,5.545449724E-1
1.465510270E1,2.032492161E-1,3.827986419E-1,-4.185867310E-2,4.354275974E-1
1.466511247E1,-8.372265100E-2,7.355068326E-1,9.768104553E-2,7.466735363E-1
1.467512232E1,-1.383421123E-1,7.812887430E-1,3.283176422E-1,8.586868546E-1
1.468510147E1,-1.487151682E-1,1.034931660E0,-1.521482468E-1,1.056574101E0
1.469511124E1,-4.066926241E-2,9.873710275E-1,-3.646631241E-1,1.053344544E0
1.470512109E1,2.510088682E-2,8.680925369E-1,-1.655941010E-1,8.841018683E-1
1.471510024E1,1.067144871E-1,7.192898989E-1,-4.951477051E-3,7.271797972E-1
1.472511001E1,-5.782997608E-2,6.817559600E-1,2.145767212E-4,6.842043124E-1
1.473511986E1,-3.463667631E-2,4.547219574E-1,-4.737567902E-2,4.584934164E-1
1.474509901E1,-9.835076332E-2,4.464784861E-1,1.610612869E-1,4.847232709E-1
1.475510878E1,-2.493757010E-2,2.953668237E-1,4.744157791E-1,5.594048395E-1
1.476511863E1,6.126916409E-2,3.965553641E-2,-2.134246826E-1,2.255583454E-1
1.477509778E1,1.260598302E-1,-1.654758900E-1,-1.092309952E-1,2.349569349E-1
1.478510763E1,4.074305296E-2,-2.575843930E-1,3.418416977E-1,4.299598379E-1
1.479511740E1,7.736599445E-2,-1.379285902E-1,3.865718842E-2,1.628010175E-1
1.480512724E1,7.734310627E-2,1.821444184E-1,-2.714757919E-1,3.359429279E-1
1.481510640E1,-3.377425671E-2,6.529483795E-1,-3.295230865E-2,6.546511601E-1
1.482511616E1,-2.292031050E-2,8.612477779E-1,1.915836334E-2,8.617656982E-1
1.483512578E1,2.294635773E-2,1.366898775E0,-3.403224945E-1,1.408814465E0
1.484510517E1,2.592569590E-2,1.899504304E0,5.686092377E-2,1.900532006E0
1.485511494E1,8.115226030E-2,2.139660358E0,1.954689026E-1,2.150102377E0
1.486512478E1,1.211017966E-1,1.917419910E0,-2.357959747E-1,1.935656090E0
1.487510394E1,-4.413735867E-2,1.717404008E0,-5.888271332E-2,1.718979874E0
1.488511370E1,-1.307269335E-1,1.225810170E0,7.727146149E-2,1.235180547E0
1.489512355E1,5.753862858E-2,-3.071092963E-1,-3.230476379E-1,4.494291825E-1
1.490510270E1,5.765265226E-2,-9.964973927E-1,7.159900665E-2,1.000728385E0
1.491511247E1,2.070075274E-2,-1.148038030E0,7.366781235E-1,1.364226703E0
1.492512232E1,6.259548664E-2,-1.381132364E0,7.274150848E-2,1.384462397E0
1.493510147E1,5.342668295E-2,-1.365354300E0,-3.230829239E-1,1.404075977E0
1.494511124E1,-1.162413359E-1,-1.044204354E0,2.148447037E-1,1.072395929E0
1.495512109E1,2.203059196E-2,-9.112480283E-1,1.107883453E-1,9.182223987E-1
1.496510024E1,4.024708271E-2,-6.333410144E-1,1.955566406E-1,6.640655599E-1
1.497511001E1,-5.821108818E-3,-4.816719294E-1,1.723241806E-1,5.116027327E-1
1.498511986E1,1.216613650E-1,-3.464816809E-1,-2.581272125E-1,4.488660165E-1
1.499509901E1,1.434665322E-1,-2.261030376E-1,4.030828476E-1,4.839225263E-1
1.500510878E1,1.330587864E-1,-3.211871982E-1,4.131708145E-1,5.399777578E-1
1.501511863E1,1.917912364E-1,-4.712103009E-1,-3.544826508E-1,6.200652996E-1
1.502509778E1,1.462492943E-1,-3.759393096E-1,1.185913086E-1,4.204558467E-1
1.503510755E1,8.827775717E-2,-2.996147275E-1,3.192024231E-1,4.466006429E-1
1.504511740E1,2.757257223E-2,-2.635298371E-1,-1.381263733E-1,2.988094992E-1
1.505512724E1,-4.186034203E-2,-1.369618177E-1,2.537250519E-2,1.454461817E-1
1.506510640E1,3.468638659E-2,-1.003802866E-1,1.625490189E-1,1.941688206E-1
1.507511617E1,1.168539524E-1,-3.915458918E-3,-1.646738052E-1,2.019594988E-1
1.508512601E1,3.284043074E-2,3.907324970E-1,1.411380768E-1,4.167377290E-1
1.509510517E1,1.941895485E-2,4.472634196E-1,2.805919647E-1,5.283498018E-1
1.510511494E1,-7.488304377E-2,5.427904725E-1,-3.218984604E-1,6.354900362E-1
1.511512478E1,-1.089955568E-1,4.713644087E-1,7.217407227E-3,4.838558961E-1
1.512510394E1,-3.248828650E-2,3.776849806E-1,4.388732910E-1,5.799234423E-1
1.513511370E1,5.506831408E-2,9.740363061E-2,2.929410934E-1,3.135832755E-1
1.514512332E1,1.435277462E-1,-1.925783604E-1,-1.715002060E-1,2.951253285E-1
1.515510270E1,6.325989962E-2,-3.009446263E-1,-1.352548599E-1,3.359514253E-1
1.516511247E1,-2.374827862E-2,-4.118662775E-1,2.600936890E-1,4.876951284E-1
1.517512232E1,-7.784610987E-2,-5.561921597E-1,-5.254745483E-2,5.640664591E-1
1.518510147E1,-1.176561713E-1,-4.762678444E-1,-1.976470947E-1,5.289030236E-1
1.519511124E1,-9.568780661E-2,-3.118278980E-1,1.238241196E-1,3.488913970E-1
1.520512109E1,-6.009519100E-2,-1.866272539E-1,-2.425765991E-2,1.975590999E-1
1.521510024E1,3.890126944E-2,-3.257470727E-1,-4.023246765E-1,5.191238864E-1
1.522511009E1,4.230356216E-2,-5.439452827E-2,1.821079254E-1,1.947091487E-1
1.523511986E1,6.141358614E-2,2.906130552E-1,3.046512604E-1,4.254879163E-1
1.524509901E1,3.011393547E-2,4.646257162E-1,-2.738714218E-1,5.401753983E-1
1.525510886E1,-1.073320508E-1,6.555545926E-1,1.319742203E-1,6.772659654E-1
1.526511863E1,-6.945741177E-2,5.396814346E-1,9.259033203E-2,5.519541218E-1
1.527509778E1,-3.613156080E-2,9.270408750E-1,2.304468155E-1,9.559372408E-1
1.528510755E1,-1.171445847E-1,6.784572601E-1,2.510442734E-1,7.328371816E-1
1.529511740E1,7.044786215E-2,3.291313648E-1,-1.928491592E-1,3.879190055E-1
1.530512701E1,1.676406860E-1,5.663215518E-1,2.038183212E-1,6.247922917E-1
1.531510632E1,3.187154531E-1,1.179338694E0,4.648408890E-1,1.307094620E0
1.532511617E1,2.464413643E-3,2.561459303E0,5.333290100E-1,2.616394402E0
1.533512601E1,-2.348474860E-1,3.282943249E0,-7.313537598E-1,3.371609117E0
1.534510517E1,-3.356400430E-1,4.297920704E0,-6.638622284E-2,4.311517569E0
1.535511494E1,1.702520251E-1,5.570151329E0,8.081150055E-2,5.573338504E0
1.536512478E1,-3.072267175E-1,8.289321899E0,-5.006980896E-2,8.295164422E0
1.537510394E1,-6.036465168E-1,1.036154175E1,4.529933929E-1,1.038899127E1
1.538511370E1,-8.278068900E-2,8.797755241E0,-2.647890091E0,9.187963423E0
1.539512332E1,-2.702796459E0,9.261276245E0,4.564717293E0,1.067300287E1
1.540510271E1,-1.638496637E0,7.254745960E0,-1.805135727E0,7.653399583E0
1.541511247E1,2.750434577E-1,8.382921219E0,-1.282879829E0,8.484974822E0
1.542512232E1,5.595359206E-2,5.934094906E0,6.542110443E-2,5.934719292E0
1.543520824E1,7.064877033E0,1.476022720E1,-1.735817909E0,1.645569380E1
1.544511124E1,7.445967674E0,1.524008751E1,4.209077835E0,1.747624211E1
1.545512109E1,-1.552561641E0,1.017051888E1,-3.418538094E0,1.084141617E1
1.546510024E1,1.276850128E1,2.131019592E1,3.739198685E0,2.512251345E1
1.547511009E1,-5.177362442E0,1.117353058E1,1.385745049E0,1.239246371E1
1.548511986E1,1.440682530E0,1.100924397E1,-5.645446777E-1,1.111745158E1
1.549509901E1,-3.186064959E0,9.770882607E0,4.013689995E0,1.103317109E1
1.550510886E1,-4.956476688E-1,-4.257536232E-1,1.486063957E0,1.623366516E0
1.551511863E1,2.228094482E1,1.765219116E1,7.609483719E0,2.942693660E1
1.552509778E1,1.337308598E1,5.516789913E0,-1.754634094E1,2.274089884E1
1.553510763E1,-1.415399742E1,2.865807724E1,1.475024891E1,3.520214307E1
1.554476640E1,-1.269474506E1,1.328402615E1,1.268220234E1,2.232622133E1
1.555509655E1,3.809018612E0,1.417205334E0,6.571317673E0,7.726532838E0
1.556510632E1,-1.299703717E0,8.924639225E-1,-3.015222931E1,3.019342071E1
1.557511617E1,-1.683568954E0,3.218983650E0,8.258609772E-1,3.725359918E0
1.558518694E1,1.971824646E1,1.073908138E1,9.267676353E0,2.429047009E1
1.559521194E1,8.043759346E0,1.089764881E1,6.166597366E0,1.488246408E1
1.560511494E1,3.774120808E-1,1.182240391E1,-1.022218990E1,1.563345261E1
1.561512478E1,-6.352243423E0,1.492877865E1,8.153904915E0,1.815779705E1
1.562510394E1,-7.925472260E0,-7.649617195E-1,-1.031888008E0,8.028889701E0
1.563511371E1,1.804508781E1,4.924865246E0,-1.034790993E0,1.873366713E1
1.564530663E1,7.589929104E0,-1.526332283E1,-1.635251999E1,2.362162055E1
1.565510271E1,1.878810120E1,-4.595927238E0,7.035846710E0,2.058199292E1
1.566500609E1,-2.708981133E1,-1.371977329E1,9.928669930E0,3.194790358E1
1.567509163E1,8.091016769E0,6.084997177E0,8.302076340E0,1.309260152E1
1.568510148E1,-1.118621826E1,-1.166130781E0,-1.708834267E1,2.045734086E1
1.569506548E1,2.643675089E0,4.575364590E-1,8.336267471E0,8.757380484E0
1.570509063E1,-4.160843849E0,-6.524053097E0,8.001235962E0,1.113084306E1
1.571510024E1,3.109911156E1,5.068826675E0,4.908552170E-1,3.151330961E1
1.572509471E1,-6.157412529E0,2.510167122E0,5.087108612E-1,6.668842086E0
1.573508917E1,-3.493466377E0,-9.747220993E0,5.851388454E0,1.189333306E1
1.574509901E1,9.966722488E0,2.778201103E0,6.595223427E0,1.226991975E1
1.575510878E1,1.104866028E1,1.920078635E0,-8.449355125E0,1.404105402E1
1.576511863E1,-5.580005169E0,6.251958609E-1,-5.607619286E0,7.935535370E0
1.577520478E1,3.657985449E0,-1.886399686E-1,5.486869335E0,6.597134051E0
1.578510763E1,-2.671936750E0,-3.113881588E0,3.924715996E0,5.677930978E0
1.579511740E1,-6.424986362E0,-3.649863958E0,-2.642210007E0,7.847498352E0
1.580523401E1,-1.043777847E1,6.676322818E-1,-2.249183655E-1,1.046152669E1
1.581510640E1,1.768513489E1,-8.884284496E-1,-2.813613892E0,1.792957680E1
1.582511617E1,2.904281616E1,1.014467621E1,-6.941256523E0,3.153697303E1
1.583527863E1,-1.713466406E0,-1.516808796E1,-2.547939301E0,1.547575052E1
1.584521217E1,4.543921471E0,7.758143544E-1,6.219139099E0,7.741240300E0
1.585511494E1,-1.522103024E1,-1.050687981E1,-6.446303368E0,1.958645225E1
1.586512478E1,-7.111884594E0,-1.259986162E0,-1.880934715E0,7.463536897E0
1.587510394E1,5.850148797E-1,4.174014091E0,7.100292206E0,8.257044596E0
1.588511371E1,-1.345560169E1,-7.449551105E0,5.388600349E0,1.629681080E1
1.589512355E1,2.933386993E1,1.578440952E1,3.534852028E0,3.349804006E1
1.590510271E1,-1.950867271E1,-7.653997421E0,-1.314474297E1,2.473774960E1
1.591511248E1,1.809707642E1,7.621737480E0,3.088528156E0,1.987797935E1
1.592512232E1,-1.004234695E1,-1.833664775E-1,6.583917618E0,1.200959312E1
1.593510148E1,-1.388394260E1,-1.279041958E1,-2.155328751E0,1.900010887E1
1.594511125E1,6.248154044E-1,8.387569427E0,-4.966095924E0,9.767488107E0
1.595474017E1,1.324156094E1,4.258465767E0,-1.912794113E-1,1.391078914E1
1.596513071E1,3.904166698E0,-5.416563749E-1,5.881001472E0,7.079695442E0
1.597518578E1,-1.296338367E1,-1.114894962E1,1.115402222E0,1.713454161E1
1.598508940E1,1.689135170E1,5.144264698E0,-6.262677193E0,1.873505664E1
1.599519063E1,-1.177991676E1,-7.121490955E0,-3.828296661E0,1.428768448E1
1.600521471E1,6.184166670E-2,4.754311562E0,-3.704690933E-1,4.769124675E0
1.601511863E1,-4.172623825E1,-2.219802380E0,7.659358978E-1,4.179226171E1
1.602521986E1,-1.770311117E0,6.910267353E0,5.380640984E0,8.935160532E0
1.603510755E1,3.779063416E1,9.156452179E0,-3.302350044E0,3.902407157E1
1.604491801E1,-1.687725830E1,-4.670735359E0,2.721103191E0,1.772179503E1
1.605509655E1,6.432212830E0,2.263321877E1,4.471582890E0,2.395059513E1
1.606510640E1,-1.508178139E1,-3.943947077E0,-1.873941422E0,1.570116253E1
1.607511617E1,-4.059817314E0,7.349331856E0,-1.643821907E1,1.845832716E1
1.608533955E1,1.443277264E1,9.829377174E0,-3.308260918E0,1.777262423E1
1.609521194E1,-2.567889404E1,-6.879464149E0,6.133852005E-1,2.659151872E1
1.610511494E1,1.002633095E1,-5.889449716E-1,-7.121925354E0,1.231243230E1
1.611512478E1,7.384379387E0,-9.320006371E0,-1.310610008E1,1.769636791E1
1.612510394E1,3.761045074E1,3.439413071E0,6.562397003E0,3.833328347E1
1.613509840E1,1.913183808E0,-5.149419785E0,6.205985546E0,8.288006576E0
1.614509286E1,-1.851570606E0,7.449545383E0,-3.948213577E0,8.632058305E0
1.615510271E1,-1.166670799E1,-1.861198068E0,-2.196487999E1,2.494057110E1
1.616515871E1,1.560909557E1,1.151788521E1,6.148724556E0,2.034975081E1
1.617509163E1,8.756319046E0,1.330397320E1,7.171405792E0,1.746705147E1
1.618510148E1,-1.768217087E1,-1.237559891E1,-2.819957733E0,2.176618424E1
1.619511124E1,1.096169853E1,-6.909913063E0,-2.280696487E1,2.623096224E1
1.620512109E1,9.147020340E0,-9.356342316E0,-7.179595947E0,1.492500320E1
1.621510025E1,-4.697643757E0,9.305584908E0,1.453354836E1,1.788535141E1
1.622521740E1,-4.305661678E0,2.205861211E-1,7.386939526E0,8.553026148E0
1.623508940E1,-2.247037888E1,-1.692628098E1,-8.909173012E0,2.950915584E1
1.624525163E1,2.110202217E1,1.174230766E1,-3.289055824E0,2.437201299E1
1.625521594E1,-3.914868355E0,7.222397327E0,6.871296406E0,1.070999214E1
1.626495071E1,-3.108822107E0,-2.069005251E0,9.218283653E0,9.945969593E0
1.627509778E1,1.244357491E1,-1.863959503E1,-1.079431820E1,2.487557768E1
1.628510755E1,1.419275475E1,1.768218994E1,-7.797917366E0,2.397710666E1
1.629501094E1,-1.392642212E1,-9.210185707E-2,-5.599985123E-1,1.393798099E1
1.630509655E1,-1.373154259E1,6.512238979E0,3.884647369E0,1.568614049E1
1.631521309E1,-1.404869652E1,-4.567273140E0,-1.323360443E0,1.483162637E1
1.632511617E1,-1.505715942E1,-6.568018436E0,8.506803513E-1,1.644933352E1
1.633512602E1,2.133399391E1,9.851222992E0,4.138587475E0,2.386029750E1
1.634510517E1,-1.402701473E1,8.009836674E-1,-1.745360374E0,1.415786001E1
1.635511494E1,-3.385678291E0,-6.006706715E0,-1.960228920E0,7.168391763E0
1.636512478E1,2.502563238E0,-1.529925346E1,-2.143759727E0,1.565010176E1
1.637510394E1,6.161944389E0,6.266325116E-1,8.158245087E-1,6.247223110E0
1.638511371E1,-9.963020325E0,1.399265671E1,5.213718414E-1,1.718511112E1
1.639480294E1,5.968770504E0,1.134339333E1,3.168536663E0,1.320372743E1
1.640520948E1,-1.189939308E1,-9.610587120E0,2.194378376E0,1.545232141E1
1.641511248E1,2.924974823E1,5.593042850E0,-3.373040199E0,2.997010677E1
1.642486332E1,5.255429745E0,-8.539850712E-1,2.557491302E0,5.906741408E0
1.643522355E1,-4.158055305E0,-1.072385979E1,-1.973123550E0,1.166978188E1
1.644511125E1,1.203536129E1,4.563617229E0,3.768917561E0,1.341198207E1
1.645512109E1,5.195690632E0,1.217109394E1,-5.870231628E0,1.447723552E1
1.646510025E1,-7.302168846E0,4.604244709E0,-8.279266357E0,1.196106143E1
1.647521686E1,4.882423401E0,1.168511772E1,5.167948246E0,1.367800144E1
1.648508917E1,-1.548133755E1,-4.859724998E0,-3.260729790E0,1.655056187E1
1.649509902E1,1.688349533E1,-5.368040562E0,-1.624829292E0,1.779068139E1
1.650510886E1,1.712420654E1,1.704212576E-1,8.167938232E0,1.897321027E1
1.651504232E1,7.526574731E-1,-8.145613670E0,-7.465161324E0,1.107457218E1
1.652509778E1,1.141769981E1,1.492195511E1,-6.917407990E0,2.002196660E1
1.653510763E1,-3.051048660E1,-3.413472176E-1,-4.273008347E0,3.081014299E1
1.654511740E1,-9.228619576E0,4.460173130E0,4.310514927E0,1.111940208E1
1.655512702E1,5.645949364E0,-4.790596008E0,-1.096190453E1,1.322837500E1
1.656510632E1,1.364070702E1,1.090819263E1,1.605756760E0,1.753955556E1
1.657511617E1,-1.805906105E1,-2.286046791E1,6.080861092E0,2.976083921E1
1.658477532E1,-8.821103096E0,-5.764235973E0,6.066779137E0,1.215911532E1
1.659521217E1,-7.299167514E-1,-1.006971240E0,3.368883610E0,3.591120482E0
1.660511494E1,1.821085215E0,2.517200947E0,-9.007067680E0,9.527849714E0
1.661512479E1,1.392247581E1,8.293202400E0,6.401959419E0,1.742405301E1
1.662519555E1,1.138355446E1,-1.694883919E1,8.518185616E0,2.212256649E1
1.663511371E1,-1.034565926E1,-1.846835709E1,1.997222900E-1,2.116961898E1
1.664489502E1,2.809382677E0,7.947319031E0,-5.751515388E0,1.020453037E1
1.665511063E1,-6.902528286E0,1.358050919E1,-5.269737244E-1,1.524312395E1
1.666511248E1,-4.793297768E0,1.067336845E1,3.610724926E0,1.224474712E1
1.667512232E1,-1.261784554E0,1.161659211E-1,-1.381403923E0,1.874532363E0
1.668531525E1,1.936991882E1,1.816513824E1,1.648680687E0,2.660609236E1
1.669521809E1,6.340545654E0,1.770173454E1,4.850769043E-1,1.880928560E1
1.670509063E1,-1.728955269E1,6.009278297E0,-7.079974174E0,1.962564883E1
1.671510025E1,5.047032833E0,1.214297199E1,6.499633789E-1,1.316612174E1
1.672511002E1,-3.605294466E0,1.436036491E1,-5.828666687E-1,1.481748839E1
1.673507402E1,-1.017387772E1,1.316680813E1,-5.035182953E0,1.738463953E1
1.674509902E1,1.855841875E0,1.030892181E1,-1.837285042E0,1.063454909E1
1.675510878E1,5.863512039E0,5.182876110E0,-4.363737106E0,8.960199760E0
1.676511863E1,1.602068520E1,9.723211288E0,3.205776215E-2,1.874044342E1
1.677509778E1,3.429218531E0,6.609196186E0,-1.264016151E0,7.552400333E0
1.678510763E1,-2.208298111E1,7.531932831E0,7.875823975E-1,2.334541396E1
1.679511740E1,9.133021355E0,1.205139923E1,-2.650602341E0,1.535167728E1
1.680512725E1,7.496126175E0,7.443847656E0,6.426797867E0,1.236553704E1
1.681510640E1,5.866879940E0,7.197230816E0,3.228773594E0,9.830838752E0
1.682511617E1,-6.909781933E0,6.712307930E0,1.606594086E0,9.766335478E0
1.683512579E1,1.158223820E1,8.105823517E0,2.443327904E0,1.434651413E1
1.684510517E1,-9.453075409E0,1.142328835E1,-2.020467758E0,1.496443922E1
1.685511494E1,3.451813698E0,3.599156380E0,-2.193701744E0,5.448052110E0
1.686512479E1,7.489874363E0,4.387548566E-1,5.365440845E0,9.223810452E0
1.687510394E1,-1.397151375E1,-2.952272654E0,-9.535246849E0,1.717090687E1
1.688451785E1,-3.158116817E0,-2.898998737E0,-4.221825600E0,6.016785430E0
1.689452769E1,2.061529350E1,-1.211083221E1,-4.915074348E0,2.440943545E1
1.690450685E1,2.063481522E1,-8.204373360E0,2.138175488E0,2.230872331E1
1.691451662E1,9.162783623E0,-2.220602989E0,-3.472250938E0,1.004709948E1
1.692441969E1,-9.135773659E0,-8.101023674E0,6.263771057E-1,1.222625426E1
1.693450562E1,1.204034519E1,-1.765944004E0,2.955911636E0,1.252301418E1
1.694451539E1,-3.213891983E1,-9.660355568E0,-2.862969398E0,3.368128904E1
1.695452523E1,-1.332135201E1,-4.546907902E0,5.136898994E0,1.498400888E1
1.696409077E1,4.636198044E0,-7.818317890E0,-2.783082008E0,9.506101851E0
1.697462000E1,6.482109547E0,9.685347557E0,-5.774999619E0,1.300670297E1
1.698453823E1,-5.685764313E0,2.694981575E0,1.723926544E0,6.524014427E0
1.699450316E1,-4.600372791E0,2.381916285E0,2.011039734E0,5.557088790E0
1.700451292E1,-1.374010277E1,-5.629192352E0,5.494150639E0,1.583236943E1
1.701452277E1,-1.262264729E1,4.350500107E0,-2.877342224E0,1.365786125E1
1.702450193E1,-6.560879707E0,-1.151178479E0,1.178203583E0,6.764504277E0
1.703461816E1,1.714522552E1,5.917437077E0,-7.881076813E0,1.977589926E1
1.704452154E1,-5.594376564E0,-8.886017799E0,2.933979034E-1,1.050449636E1
1.705453139E1,-2.193255806E1,-3.350246048E1,-1.384606361E0,4.006705749E1
1.706463262E1,3.161159706E1,1.222151089E1,2.827362537E0,3.400959241E1
1.707452031E1,1.483883762E1,1.657967186E1,1.414493561E0,2.229523297E1
1.708433200E1,-2.159531403E1,-1.516327572E1,6.336536407E-1,2.639477288E1
1.709450931E1,1.846444321E1,-1.179046631E1,9.155979156E-1,2.192690307E1
1.710451908E1,1.473511124E1,3.818093538E0,5.211947918E0,1.608930522E1
1.711452893E1,-6.413209438E0,-1.371505833E1,-5.336832047E0,1.605346867E1
1.712450808E1,-4.266086102E0,-1.615803909E1,-9.410345078E0,1.917905922E1
1.713451785E1,2.482602358E0,-9.308227539E0,2.057601929E0,9.850895395E0
1.714445139E1,-2.101954818E-1,-2.666767538E-1,8.524743080E0,8.531502987E0
1.715450685E1,-4.542465687E0,-3.032846451E0,-1.842905045E0,5.764412469E0
1.716451662E1,1.170859718E1,-9.799336433E0,-1.421688366E1,2.086235901E1
1.717452646E1,1.823844147E1,3.843161106E0,-4.257802010E0,1.911908765E1
1.718412462E1,-1.322017789E0,1.133688545E1,8.019128799E0,1.394916232E1
1.719451539E1,-1.859298706E1,-9.789931297E0,2.517280579E0,2.116314306E1
1.720452523E1,-6.450826645E0,-6.378881454E0,1.348467827E0,9.171786003E0
1.721450439E1,6.244775772E0,1.752874374E1,1.224556923E0,1.864815330E1
1.722454470E1,-2.333229542E0,9.790984154E0,-5.022411346E-1,1.007767716E1
1.723452400E1,-1.347734070E1,-1.648379707E1,-4.720602989E0,2.180913503E1
1.724450316E1,-6.329436898E-1,2.078233004E0,-1.187291622E1,1.207003769E1
1.725460462E1,4.931193829E0,6.110032082E0,1.359588623E0,7.968541011E0
1.726452277E1,-6.055527687E0,3.915000677E0,4.470941067E0,8.484454013E0
1.727430370E1,-3.824173450E0,3.773258209E0,-2.401163101E0,5.884502046E0
1.728451170E1,-2.359773254E1,-3.595331430E0,-3.988151550E0,2.420092441E1
1.729462831E1,1.701876450E1,-7.052170277E0,3.897059917E0,1.882972455E1
1.730450070E1,3.791676998E0,2.737691998E-1,6.067343712E0,7.159917859E0
1.731451046E1,-1.235626888E1,1.039436531E1,5.531609058E0,1.706806696E1
1.732452031E1,8.579382896E0,1.755295038E0,5.769474030E0,1.048683471E1
1.733442370E1,-6.607055664E0,-1.901599693E1,-1.862114906E0,2.021704221E1
1.734450931E1,-3.528673887E0,-3.569717407E-1,2.612650394E0,4.405100488E0
1.735451908E1,-2.018629456E1,7.498006821E0,3.287189484E0,2.178330115E1
1.736448308E1,-1.546751881E1,-1.566403270E0,-2.053436279E0,1.568165673E1
1.737450808E1,1.660746384E1,-2.966380119E-1,7.309940815E0,1.814748148E1
1.738462462E1,-5.796925068E0,-9.449774027E-2,2.138862610E-1,5.801639199E0
1.739449700E1,-4.754666328E0,-2.290155602E1,8.715505600E-1,2.340614706E1
1.740415639E1,7.663756371E0,-7.057206631E0,6.155098915E0,1.210051940E1
1.741462400E1,-1.607926559E1,7.624125957E0,-6.752300262E-2,1.779535439E1
1.742449577E1,-3.526559830E1,2.217037916E0,-9.760402679E0,3.665846616E1
1.743450562E1,-3.315041542E0,1.924533129E0,5.159593582E0,6.427653858E0
1.744451539E1,1.210253525E1,-1.631867409E0,3.858849049E0,1.280722713E1
1.745452523E1,-1.214384556E1,-1.299629402E1,-7.237730980E0,1.920316102E1
1.746450439E1,4.180823803E0,1.606945515E0,-8.831958771E-1,4.565259742E0
1.747463631E1,2.518453979E1,-1.003568292E0,1.585610390E0,2.525435318E1
1.748463116E1,3.084997177E0,-1.373306847E1,-4.675600052E0,1.483157486E1
1.749450316E1,1.507651711E1,3.919368982E0,2.473299980E0,1.577276241E1
1.750469600E1,-1.336404800E0,9.973598480E0,-1.055846214E0,1.011797686E1
1.751452277E1,-4.679707050E0,1.330637360E1,8.580293655E-1,1.413136408E1
1.752450193E1,-2.819466209E1,5.541897774E0,5.345924854E0,2.922722214E1
1.753451177E1,2.685778141E0,-8.092207909E0,9.957818985E-1,8.584218931E0
1.754452154E1,3.755857849E1,-1.504647374E0,-1.059237862E1,3.905264737E1
1.755453116E1,1.427637768E1,-2.016716957E0,-4.858990669E0,1.521485778E1
1.756407539E1,8.158461571E0,-2.236643982E1,1.884564400E0,2.388241421E1
1.757462708E1,5.428665876E-2,-1.449955702E0,1.572403526E1,1.579083923E1
1.758449946E1,8.209052086E0,1.757043600E0,1.016957760E1,1.318696504E1
1.759412800E1,-1.486992550E1,-9.285053253E0,-3.084429741E1,3.547812820E1
1.760451908E1,2.114469910E1,3.420164824E0,-7.188309669E0,2.259353056E1
1.761452893E1,-7.736783028E0,1.358631992E1,1.229409218E1,1.988945960E1
1.762450808E1,7.469488144E0,4.953678608E0,1.026358414E1,1.362620065E1
1.763454839E1,2.028752327E1,-1.650325894E0,-5.554345131E0,2.109876598E1
1.764463446E1,-1.126793385E1,1.520539880E0,-1.353940010E1,1.768032041E1
1.765450685E1,2.227660370E1,4.563770294E0,3.977012634E-1,2.274276232E1
1.766462377E1,6.509430408E-1,-6.393964887E-1,6.759261608E0,6.820569786E0
1.767460254E1,-6.221726418E0,1.478787541E0,8.045930862E-1,6.445468349E0
1.768450562E1,4.526540756E0,1.689949989E1,2.592693806E0,1.768628647E1
1.769451539E1,2.544378638E-1,-9.618933797E-1,7.946205139E-2,9.981441369E-1
1.770452523E1,2.520961761E-1,-1.068994617E1,7.840664387E0,1.325950677E1
1.771450439E1,1.988744354E1,6.663334370E0,1.391613770E1,2.517080301E1
1.772472777E1,1.391673088E1,-1.641880608E1,-2.535042572E1,3.325502482E1
1.773463077E1,2.402391243E1,-1.036726379E1,7.850925446E0,2.731786151E1
1.774450316E1,-2.705822945E1,-6.568655014E0,7.560504913E0,2.885231783E1
1.775478770E1,-1.654938889E1,-3.502761364E0,1.955793858E0,1.702870339E1
1.776462993E1,1.413256931E1,3.916530013E-1,-4.574919701E0,1.485977112E1
1.777450193E1,2.095803452E1,-2.008521557E0,-1.439541721E1,2.550492906E1
1.778451177E1,-6.281051159E0,-2.373652935E0,6.040644646E0,9.031900113E0
1.779452154E1,4.469712734E0,1.963508606E1,1.074480724E1,2.282467566E1
1.780451608E1,-8.707283974E0,4.822551250E0,-3.098887444E0,1.042482125E1
1.781451054E1,-2.052145195E1,-2.244296646E1,5.921547890E0,3.098195383E1
1.782452031E1,-2.733841133E1,-2.413006783E1,4.411759377E0,3.673026719E1
1.783452993E1,1.204454708E1,1.067374706E0,7.411619663E0,1.418247190E1
1.784450931E1,2.136103439E1,3.764200687E0,-1.649996758E1,2.725274164E1
1.785458008E1,-1.638928413E1,-2.360248804E0,3.540197372E0,1.693258416E1
1.786452893E1,-2.081680107E1,-1.180202484E1,3.813628674E0,2.423160665E1
1.787450808E1,7.068703651E0,-1.461709440E-1,9.320436478E0,1.169865263E1
1.788462524E1,4.457432330E-1,-5.581863403E0,-7.831296921E0,9.627309985E0
1.789460400E1,1.544787598E1,-2.159231901E0,-5.099457741E0,1.641047299E1
1.790450685E1,4.443553448E0,1.581140137E1,-4.498451233E0,1.702884740E1
1.791451662E1,-1.382435679E0,3.810441256E0,4.336672306E0,5.936102902E0
1.792452646E1,-4.843064845E-1,-3.721054792E0,6.014105797E0,7.088742489E0
1.793450562E1,2.558145332E1,2.928341866E0,-3.237461090E1,4.136546109E1
1.794475947E1,4.199361420E1,1.709352493E1,3.176137447E0,4.545041339E1
1.795452524E1,3.956847906E0,9.026032448E0,4.050447464E0,1.065514110E1
1.796450439E1,4.398657322E0,2.704949760E1,-2.550649643E0,2.752325054E1
1.797478893E1,-1.293660831E1,1.162622452E1,-2.168511391E0,1.752790269E1
1.798452400E1,4.156275272E0,7.516365051E-1,3.423782349E0,5.437082595E0
1.799450316E1,2.860774279E0,3.106739616E1,1.290993309E1,3.376438221E1
1.800410008E1,1.189333344E1,1.643937111E1,6.930278301E0,2.144138662E1
1.801462862E1,-4.540576935E0,1.132289696E1,3.157448769E0,1.260136172E1
1.802450193E1,-1.343815517E1,7.081184387E0,-5.896386147E0,1.629400369E1
1.803451170E1,1.511072350E1,1.168690109E1,-2.388886070E1,3.058750214E1
1.804462739E1,9.511564255E0,6.473845005E0,7.360753536E0,1.365874139E1
1.805450070E1,-8.816480637E0,1.741246223E1,8.066844940E0,2.111866850E1
1.806451054E1,-1.102348518E1,6.016674042E0,1.734117508E0,1.267772675E1
1.807462685E1,2.434378862E0,-3.876177311E0,-3.065987015E1,3.099965465E1
1.808449947E1,-8.031401634E0,-2.301721954E1,8.626856804E0,2.585959137E1
1.809450931E1,2.600043058E0,-1.076891422E1,1.068008614E1,1.538811156E1
1.810451908E1,-6.874769688E0,4.526773989E-1,4.903233528E0,8.456303809E0
1.811452893E1,2.062747383E1,-6.546656132E0,-7.656914711E0,2.295603899E1
1.812434062E1,1.726390648E1,-1.648477912E0,-3.686396599E0,1.772990316E1
1.813451785E1,4.124837518E-1,-9.841751099E0,1.132630730E1,1.501051113E1
1.814452747E1,-1.430037022E1,-1.692127991E1,9.400792122E0,2.406668225E1
1.815450685E1,1.705449295E1,-1.192594242E1,1.450034142E0,2.086112249E1
1.816451662E1,2.533797455E1,-7.270605087E0,-2.276688004E1,3.483109931E1
1.817452647E1,5.872589588E0,-1.482531452E1,-5.171946526E0,1.676383876E1
1.818450562E1,-3.633450747E0,1.013454342E1,8.330400467E0,1.361273325E1
1.819408008E1,-4.385112000E1,6.600697994E0,2.104508972E1,4.908549419E1
1.820452524E1,-1.774239731E1,-2.530651474E1,-6.386282921E0,3.155941951E1
1.821450439E1,4.156337738E0,1.111797619E1,-5.166753387E1,5.301338128E1
1.822451424E1,-9.460178375E0,-8.345178604E0,7.085912704E0,1.446883339E1
1.823463116E1,-4.083591461E0,-7.410863876E0,4.204512405E1,4.288809951E1
1.824450316E1,5.858643055E0,-1.014277649E1,1.152349472E0,1.176977156E1
1.825451300E1,8.259739876E0,-8.546402931E0,-4.161133575E1,4.327548462E1
1.826452277E1,4.105936527E0,-4.443522453E0,5.015922546E0,7.858949392E0
1.827460870E1,1.287613153E0,-1.626599884E1,5.038098335E0,1.707697575E1
1.828451170E1,5.314505100E0,-8.366427422E0,7.058650017E0,1.216822141E1
1.829461301E1,6.670158863E0,-1.960262060E0,5.833184719E0,9.075223996E0
1.830463816E1,-3.489068222E1,-2.335302544E1,-1.522830296E1,4.466122159E1
1.831451047E1,-1.742927361E1,-5.245811939E0,-1.464592743E1,2.336239096E1
1.832467293E1,2.097690201E1,-2.083070517E0,3.660339355E0,2.139550618E1
1.833463724E1,4.438907623E0,-1.287299633E1,4.530258179E-1,1.362435935E1
1.834450931E1,-5.983537674E0,1.214255691E0,5.027029991E0,7.908740134E0
1.835451908E1,-2.414934540E1,1.469671130E0,-1.373116016E1,2.781897870E1
1.836452893E1,-8.657464981E0,-1.295879173E1,-8.038218498E0,1.753553363E1
1.837450808E1,1.018910885E1,-2.339714766E0,6.138628960E0,1.212332338E1
1.838451785E1,9.765603542E-1,-7.313281298E-3,-9.733037949E-1,1.378783481E0
1.839452747E1,2.459407425E1,6.181782484E-1,4.907690525E0,2.508657128E1
1.840450685E1,-2.112458038E1,-8.635098457E0,2.019533634E0,2.291050715E1
1.841410524E1,6.802029610E-1,-6.244766235E0,-3.008359909E1,3.073243752E1
1.842463362E1,3.202682495E0,1.319860458E1,5.319632530E0,1.458625478E1
1.843450562E1,-8.996107101E0,-1.205363393E0,8.971264839E0,1.276191352E1
1.844451539E1,3.292046070E0,1.207823658E1,9.518433571E0,1.572647271E1
1.845463231E1,-1.278785419E1,3.502332449E0,-2.175227165E0,1.343603962E1
1.846450439E1,1.972794533E1,5.500967503E0,-4.938362122E0,2.106750794E1
1.847451424E1,-3.065434933E0,7.298086643E0,9.724012375E0,1.253855560E1
1.848452400E1,-7.475019455E0,3.686440229E0,9.084935188E0,1.232890120E1
1.849450316E1,-6.164020538E0,7.663647652E0,-4.487387657E0,1.081033267E1
1.850451300E1,-3.558185339E0,4.216033936E0,-8.700013161E0,1.030174034E1
1.851462985E1,-1.279701424E1,-1.301177216E1,1.112048149E0,1.828404876E1
1.852450193E1,-2.242490196E1,-1.742948723E1,4.526062965E0,2.876018948E1
1.853434431E1,1.300377131E0,2.418486834E0,4.846035004E0,5.569929488E0
1.854452154E1,-4.652152061E0,-2.243510723E0,-3.146429062E0,6.047799187E0
1.855453116E1,-2.540723801E1,-1.230054092E1,-7.905353546E0,2.931425702E1
1.856440370E1,-4.748802185E0,-1.355890656E1,-1.608723640E0,1.445624643E1
1.857452031E1,1.844655037E1,-2.017365265E1,1.119377136E0,2.735881004E1
1.858452993E1,-6.643907547E0,5.204154015E0,2.402681351E1,2.546590846E1
1.859450931E1,1.203300285E1,-1.221336365E1,1.147091484E1,2.062865232E1
1.860451908E1,2.725074589E-1,1.347319245E0,-2.563974762E1,2.567656884E1
1.861463570E1,-5.498670101E0,8.487524033E0,-7.231008530E0,1.243225327E1
1.862450808E1,-1.697916412E1,-9.966125488E0,3.581053734E0,2.001098742E1
1.863451785E1,3.255235434E0,-2.059721202E-1,6.294328690E0,7.089256371E0
1.864452770E1,-1.037383461E1,7.726324558E0,-1.761343956E0,1.305430459E1
1.865458347E1,-1.106506824E1,-5.689334869E0,-2.029118347E1,2.380202498E1
1.866451662E1,1.173317719E1,-5.972609997E0,-3.053920746E0,1.351539674E1
1.867452647E1,-1.138405991E1,5.337615490E0,9.097240448E0,1.551923783E1
1.868450562E1,-6.363373280E0,-3.392877340E0,4.287990570E0,8.389934402E0
1.869451539E1,7.205574036E0,-1.130399227E1,-4.640451431E0,1.418570858E1
1.870452524E1,1.705903244E1,6.478782177E0,-6.978623390E0,1.953679581E1
1.871450439E1,1.004835224E1,7.305896282E0,4.586640835E0,1.324321628E1
1.872431631E1,-1.951788902E0,-3.803498507E0,3.001576424E0,5.223556436E0
1.873449331E1,-9.348747253E0,-4.133835316E0,-6.657300949E0,1.219866081E1
1.874450316E1,1.930374146E1,1.245733929E1,-1.269833565E0,2.300939403E1
1.875451293E1,2.120698929E1,2.034987068E1,-1.659574509E-1,2.939185556E1
1.876473639E1,-3.985057592E0,3.178202391E0,3.712329865E-1,5.110720926E0
1.877450193E1,4.136967659E0,-2.053441286E0,3.067397594E0,5.544371067E0
1.878451178E1,2.751812458E0,-2.472586155E0,2.179311752E0,4.293664380E0
1.879479608E1,1.615674973E1,6.049744129E0,-1.626481056E0,1.732874509E1
1.880463816E1,-1.736794281E1,-4.153173923E0,-3.451143265E0,1.818803675E1
1.881451054E1,9.296457291E0,6.183504581E0,1.321624756E0,1.124306627E1
1.882452031E1,1.566605568E1,4.169529915E0,3.109134674E0,1.650687731E1
1.883452993E1,-1.013917351E1,-1.478988075E1,-1.591922760E0,1.800215626E1
1.884452462E1,1.656951904E1,-1.282419115E-1,-4.852333069E-1,1.657711853E1
1.885451908E1,-4.519351482E0,1.351351857E0,-3.119572639E0,5.655300444E0
1.886452893E1,3.019699574E0,1.485846519E0,2.962887764E0,4.483863211E0
1.887450808E1,7.542372704E0,-2.287704945E0,-1.016602516E0,7.946978079E0
1.888451785E1,1.236228824E0,-8.399002075E0,-5.135867119E0,9.922128231E0
1.889452770E1,-8.970726013E0,-7.490509987E0,-2.542214394E0,1.196012203E1
1.890461416E1,-2.140259504E0,2.113825798E0,2.700502872E0,4.042485129E0
1.891425754E1,1.391114950E0,2.054745436E0,2.370954037E0,3.431996890E0
1.892450370E1,-7.749372721E-2,-1.240853667E0,2.607419491E0,2.888660503E0
1.893450562E1,-1.247575378E1,-1.947951698E1,-5.918738365E0,2.387734236E1
1.894451539E1,-2.102474928E0,5.614076614E0,-3.461713791E-1,6.004839022E0
1.895452524E1,-4.961915016E0,3.841767788E0,3.332317829E0,7.105217975E0
1.896450439E1,-1.761653709E1,-1.500102901E1,-5.406302452E0,2.376134165E1
1.897437639E1,1.434263897E1,-3.286146641E0,-1.177643299E1,1.884660251E1
1.898449354E1,1.438601589E1,9.660869598E0,5.171540260E0,1.808410029E1
1.899460901E1,-4.013233185E0,-2.172481537E0,-1.529683113E0,4.813070439E0
1.900451293E1,1.738721657E1,-2.054307461E0,-1.852758408E0,1.760591358E1
1.901452278E1,8.322822571E0,6.458098888E0,-5.844018936E0,1.204694875E1
1.902450193E1,1.397027397E1,6.931197643E0,-8.368943214E0,1.769884929E1
1.903451170E1,2.013456154E1,1.213315868E1,5.011801243E0,2.403606165E1
1.904410862E1,-1.447948456E1,-1.481519699E0,2.738771915E0,1.481051131E1
1.905453139E1,7.443302155E0,3.550873280E0,-1.599738121E0,8.400631528E0
1.906455631E1,-4.978834629E0,-2.223890066E0,-2.364367485E0,5.943459842E0
1.907452031E1,-1.371888542E1,-8.134004593E0,-1.562745094E0,1.602535554E1
1.908453016E1,1.440037441E1,1.037679386E1,5.496040344E0,1.858104124E1
1.909461608E1,7.216624260E0,6.105319023E0,-2.510137558E-1,9.456087668E0
1.910451908E1,2.882624388E0,-7.106429577E0,3.719587326E-1,7.677839409E0
1.911463547E1,5.388161659E0,3.286104202E0,-2.781652451E0,6.896981749E0
1.912450808E1,-1.760631752E1,-3.346759319E0,-3.589002609E0,1.827742198E1
1.913451785E1,-8.074917793E0,1.201683521E0,-4.489774704E0,9.316996165E0
1.914452747E1,7.172743797E0,3.770865500E-2,3.368082047E-1,7.180746151E0
1.915450685E1,-1.783795357E1,-5.496869564E0,-8.255958557E-2,1.866587739E1
1.916451662E1,3.752893925E0,-6.329667091E0,2.788667679E-1,7.363875676E0
1.917452647E1,6.237010956E0,-9.596893311E0,2.488020897E0,1.171285255E1
1.918450562E1,-2.966655970E0,-4.454402924E0,1.550304413E0,5.571911415E0
1.919451539E1,1.367580509E1,7.586540699E0,3.752866268E0,1.608313557E1
1.920452524E1,2.240059471E1,1.192407894E1,3.510773182E0,2.561827142E1
1.921450439E1,-1.165303707E1,-5.784582615E0,-7.279233932E-1,1.303013973E1
1.922451424E1,-2.544700861E0,-5.545042992E0,5.250844955E-1,6.123619679E0
1.923452401E1,-7.147284031E0,-7.590453148E0,-1.333246231E0,1.051076560E1
1.924450316E1,6.355924129E0,3.503531218E0,3.008029461E0,7.856255073E0
1.925451301E1,-1.252177715E1,-8.275844574E0,-1.326053333E1,2.002813648E1
1.926452278E1,5.205790043E0,7.702983856E0,6.690132141E0,1.145399836E1
1.927450193E1,-1.349152565E1,-5.237672329E0,1.341382980E0,1.453457203E1
1.928451170E1,-2.180597115E1,-2.067677498E0,-4.004035950E0,2.226674587E1
1.929420101E1,-2.202318668E0,-5.588337421E0,-2.474248886E0,6.496278181E0
1.930450070E1,8.553194046E0,4.562763691E0,4.465850353E0,1.067332002E1
1.931451047E1,-1.242782021E1,-8.061765671E0,-2.099037170E0,1.496157538E1
1.932426070E1,1.371324921E1,-2.281546354E0,2.133428574E0,1.406450053E1
1.933449947E1,6.384047031E0,1.956568718E0,4.982069969E0,8.330980664E0
1.934450932E1,-1.826427269E1,-3.877299786E0,-3.978892326E0,1.909053940E1
1.935451908E1,-1.188764668E1,2.271997213E0,-6.256039619E0,1.362410168E1
1.936468132E1,2.492260933E0,7.327094078E0,4.970469952E0,9.198002160E0
1.937450808E1,-1.014500141E1,-3.402492762E0,1.997928619E-1,1.070223938E1
1.938438039E1,-8.979025841E0,2.003517389E0,2.634977341E0,9.569748825E0
1.939449701E1,-2.303434753E1,-7.145640850E0,-2.759090424E0,2.427455313E1
1.940450685E1,2.054086113E1,3.828016281E0,-4.365824699E0,2.134575157E1
1.941444032E1,-8.078507423E0,-2.517957687E0,4.916334152E0,9.786354510E0
1.942449578E1,-8.404910088E0,-9.854264259E0,4.967121601E0,1.387160173E1
1.943450562E1,4.651025772E1,9.668594360E0,-1.581643105E1,5.006840602E1
1.944450062E1,-8.168256879E-1,2.143039513E1,5.923883820E1,6.300134118E1
1.945449455E1,5.585871124E1,-3.123333454E0,1.932440186E1,5.918938537E1
1.946450439E1,-7.216704369E0,-2.017137527E0,-1.751685905E1,1.905229689E1
1.947451424E1,1.492952251E1,-8.394493103E0,-2.496005058E0,1.730861630E1
1.948452401E1,-3.146516681E-1,3.101000786E0,1.274496651E1,1.312057098E1
1.949450316E1,-9.617960930E0,-1.930919266E1,3.995205402E0,2.193881856E1
1.950461970E1,2.144213486E1,1.546884298E0,4.457270145E0,2.195507357E1
1.951452278E1,-6.331545830E0,2.211651325E0,3.294882298E0,7.472357294E0
1.952459355E1,1.679512024E1,7.018735886E0,-8.721887589E0,2.018440092E1
1.953461855E1,-6.678045273E0,4.759084702E0,6.494712830E-1,8.225994700E0
1.954452155E1,-8.275585175E0,-5.349760532E0,2.303596973E0,1.011987187E1
1.955465332E1,2.128505898E1,1.681788254E1,-1.201369286E0,2.715397203E1
1.956451047E1,-2.431820107E1,1.511990070E1,2.867335701E1,4.052342165E1
1.957435232E1,2.795757103E1,-1.676857185E1,1.218292713E1,3.480279433E1
1.958449947E1,-3.263864899E1,-6.693177223E0,9.965370178E0,3.477626535E1
1.959461609E1,5.754499912E0,1.983961105E0,-7.739286423E-1,6.135905512E0
1.960441232E1,-1.434692001E1,2.569859922E-1,-8.108640671E0,1.648181450E1
1.961449824E1,-1.661760139E1,-2.579416990E0,9.694738388E-1,1.684452278E1
1.962450809E1,2.137440920E0,1.545251846E0,1.047827244E1,1.080512148E1
1.963451785E1,1.475019741E1,4.924230099E0,8.426656723E0,1.768685696E1
1.964452770E1,-4.926683426E0,1.515662193E0,-6.494885445E0,8.291741578E0
1.965450685E1,2.224259377E1,1.069492435E1,-1.721378708E1,3.009034480E1
1.966453232E1,6.308112144E0,4.960532188E0,4.102671146E0,9.012828022E0
1.967414501E1,5.502571583E0,7.076387882E0,7.371144295E0,1.160548697E1
1.968461239E1,6.408113003E0,1.381446838E1,8.081033707E0,1.723967966E1
1.969451539E1,-1.345098782E1,-6.510928154E0,-8.043179512E0,1.697097508E1
1.970420470E1,-9.405772209E0,1.154776737E-1,-4.968839645E0,1.063819784E1
1.971450439E1,-3.597979546E0,6.643107891E0,7.411615849E0,1.058340157E1
1.972462101E1,-3.956258059E0,-3.911788940E0,2.091939449E0,5.943928095E0
1.973449332E1,1.095775604E1,4.109430313E0,1.991290569E0,1.187118668E1
1.974462524E1,-4.244890213E-1,-2.591602504E-2,-6.510473251E0,6.524348590E0
1.975461978E1,1.405063820E1,-4.031166553E0,-1.279678345E-1,1.461804068E1
1.976452278E1,5.796834946E0,7.492350101E0,5.660232067E0,1.103525407E1
1.977450193E1,4.017148018E-1,4.127130508E0,3.020529747E0,5.130124849E0
1.978451178E1,-6.672559261E0,-6.457924843E0,-8.133177757E0,1.234408445E1
1.979452155E1,-3.859779835E0,-7.451745272E-1,-1.400248528E0,4.172994295E0
1.980474493E1,-8.164071083E0,1.136286736E0,3.400784969E0,8.916756283E0
1.981451055E1,2.029546356E1,5.458998203E0,5.595652103E0,2.174897297E1
1.982441355E1,3.369494915E0,-6.229270995E-2,1.564187050E0,3.715381204E0
1.983406493E1,2.807802773E1,1.054581547E1,-2.167852402E0,3.007140583E1
1.984464716E1,5.428348541E0,4.618271589E-1,3.165638447E0,6.300914139E0
1.985447324E1,-7.315957069E0,-3.097267866E0,-2.566024780E0,8.348699255E0
1.986449824E1,1.548794365E1,9.530845642E0,4.339970589E0,1.869622320E1
1.987461509E1,-3.687252998E0,7.227727771E-1,4.689515114E0,6.009141966E0
1.988451786E1,4.261064529E0,6.369452477E0,4.422937870E0,8.848105739E0
1.989452770E1,1.894915771E1,3.059533358E0,-3.526032448E0,1.951574306E1
1.990450686E1,-6.878191948E0,-4.826719165E-1,-1.304307938E0,7.017386682E0
1.991459301E1,-3.794781685E0,-6.313820362E0,1.688151360E0,7.557416927E0
1.992449578E1,1.051214218E1,8.219882011E0,7.448878288E0,1.528258425E1
1.993461239E1,1.587852859E1,9.565632820E0,-2.629776001E-1,1.853909811E1
1.994451539E1,-5.645809650E0,2.731020451E0,-8.336767197E0,1.043241710E1
1.995452524E1,3.329454422E0,-2.542160273E0,1.071827888E0,4.323963532E0
1.996450439E1,-3.247399569E0,2.075635433E0,3.181648254E0,4.997674662E0
1.997451416E1,-1.690264893E1,-1.275797933E-1,-1.045354652E1,1.987441703E1
1.998452401E1,2.054347754E0,9.229405403E0,-5.213215828E0,1.079721668E1
1.999468624E1,-2.220213318E1,-1.457850266E1,1.187754631E0,2.658718147E1
2.000461916E1,4.220281839E-1,3.361224890E0,3.246615887E0,4.692169569E0
2.001452278E1,-2.581621933E1,3.440619946E0,-5.009336472E-1,2.604929904E1
2.002450193E1,-1.979084587E1,-1.865495086E0,1.701507568E-1,1.987930088E1
2.003451170E1,1.206228924E1,1.880453944E0,5.554947853E0,1.341239629E1
2.004452155E1,-3.857255876E-1,-2.324339151E0,2.709805965E0,3.590875254E0
2.005453139E1,1.645656824E0,2.530320168E0,4.036433220E0,5.040188456E0
2.006451055E1,7.594177246E0,1.895020723E0,-3.805991173E0,8.703344208E0
2.007450501E1,-6.033995628E0,2.586967707E0,5.226975441E0,8.391828014E0
2.008411816E1,9.957615852E0,1.250801682E0,5.758184910E0,1.157044994E1
2.009453978E1,1.402768898E1,9.763565063E0,4.499050617E0,1.767327693E1
2.010451909E1,-1.991729736E1,6.755221844E0,-1.790270805E0,2.110774327E1
2.011452893E1,-2.315053940E1,-5.559830189E0,-5.038839340E0,2.433616831E1
2.012461486E1,-1.745920181E0,1.250085354E0,3.636309624E0,4.222996371E0
2.013451786E1,5.101648808E0,3.444511175E0,1.299755096E0,6.291330630E0
2.014452770E1,8.491482735E0,6.655835629E0,-8.287849426E-1,1.082092008E1
2.015461362E1,5.532642365E0,7.387871742E0,1.429617882E0,9.339945808E0
2.016451662E1,1.199161816E1,5.361292839E0,5.215888023E0,1.413321813E1
2.017452647E1,-1.162475491E1,-4.338646889E0,-1.539735794E-1,1.240896818E1
2.018450562E1,7.397589207E0,-2.551426172E0,-1.591968536E-1,7.826841331E0
2.019451539E1,-2.021263838E0,-1.645117044E0,5.347882271E0,5.949097610E0
2.020452524E1,-3.649692917E1,-3.272558689E0,-5.834463120E0,3.710493820E1
2.021450439E1,-4.136086941E0,3.749856949E0,9.849993706E0,1.132214725E1
2.022451424E1,-9.181831360E0,-8.877207756E0,2.023187160E0,1.293074363E1
2.023452401E1,-1.742390442E1,-8.686392784E0,-7.741665840E0,2.095183178E1
2.024477786E1,1.520229816E1,4.281655788E0,-2.585394859E0,1.600395927E1
2.025461970E1,7.141628742E0,7.088767529E0,4.555589199E0,1.104567242E1
2.026452278E1,-8.869576454E0,6.962532997E0,7.712518215E0,1.366122943E1
2.027450193E1,-1.561864471E1,-1.285862350E1,-2.328176498E0,2.036434794E1
2.028451170E1,1.866422844E1,1.030338192E1,-1.364607334E1,2.531261385E1
2.029452155E1,-1.493344784E1,-1.582724953E1,-4.812202454E-1,2.176559820E1
2.030414986E1,6.135947227E0,-1.889742470E1,-1.145033836E0,1.990159820E1
2.031461732E1,-2.370053864E1,1.213685513E1,9.106600761E0,2.814158775E1
2.032452032E1,7.878081322E0,1.574823141E0,1.868731976E0,8.248417571E0
2.033420955E1,1.213071918E1,-5.834907532E0,-5.851356506E0,1.467783590E1
2.034450932E1,-1.234767079E0,-6.395488977E-3,-4.782570839E0,4.939400214E0
2.035451909E1,-1.080735683E1,-8.106525421E0,1.911889076E0,1.364441409E1
2.036426932E1,4.767596722E0,5.047934055E0,7.292758942E0,1.006955559E1
2.037461486E1,-7.145484447E0,-5.873905420E-1,2.930514336E0,7.745378616E0
2.038462462E1,2.872906303E1,3.167299509E0,-1.332476330E1,3.182672094E1
2.039432924E1,4.040750027E0,-2.768256187E0,9.729871750E-1,4.993756816E0
2.040450686E1,-3.502844572E0,-3.547750235E0,5.692178726E0,7.566858693E0
2.041451662E1,-2.284328461E1,-9.019522667E0,-2.246343613E0,2.466198492E1
2.042438901E1,5.017514706E0,-7.020692348E0,-3.751987457E0,9.409728198E0
2.043450562E1,1.677279663E1,6.353206158E0,-1.268170071E1,2.196623473E1
2.044451540E1,-2.692667961E0,-3.527289391E0,3.206653595E0,5.474929997E0
2.045452524E1,7.444525242E0,6.679896832E0,5.764913559E0,1.154453144E1
2.046450440E1,-1.894888878E1,-8.667894006E-1,-2.874238014E0,1.918522749E1
2.047451424E1,-5.835733891E0,9.575271010E-1,-1.098219585E1,1.247322228E1
2.048452401E1,2.413755655E0,-6.144383907E0,5.198945999E-1,6.621930259E0
2.049450316E1,2.964190245E-1,-5.717067719E0,7.027092934E0,9.063816119E0
2.050451301E1,1.218580341E1,-5.891445637E0,5.363426208E0,1.455916472E1
2.051456863E1,-5.847165108E0,-2.213819742E0,-1.917585373E0,6.539684343E0
2.052450193E1,-7.725286007E0,-2.894130230E0,-1.622950745E1,1.820584921E1
2.053451178E1,-6.840084553E0,6.018178940E0,5.040905476E0,1.041229862E1
2.054462870E1,1.439017010E1,5.016455173E0,7.651728630E0,1.705258834E1
2.055424132E1,6.645680428E0,1.479114294E0,4.862272739E0,8.366274179E0
2.056451047E1,-7.786190510E0,-2.772914886E0,-7.460961342E0,1.113462005E1
2.057452032E1,-1.130912304E1,-2.432057858E0,-8.971444130E0,1.463892001E1
2.058452993E1,8.688416481E-1,9.401078224E0,5.230847836E0,1.079337420E1
2.059451724E1,-9.890937805E0,3.872460127E0,-3.918066025E-1,1.062921025E1
2.060462593E1,-2.593986034E0,2.571398735E0,2.380657196E-1,3.660263691E0
2.061449824E1,-1.437582397E1,-6.860134602E0,-4.757519722E0,1.662407157E1
2.062450809E1,1.867263985E1,1.041445923E1,1.241216660E0,2.141656038E1
2.063462463E1,2.906857491E0,6.899881363E0,5.178584576E0,9.103621340E0
2.064449701E1,-1.435906029E1,-1.110314488E0,-5.056685448E0,1.526386184E1
2.065478155E1,1.811520576E1,2.119952440E0,-1.622689247E0,1.831087105E1
2.066451663E1,1.976291466E1,2.512805700E0,-3.839149475E0,2.028856961E1
2.067452647E1,-1.005680275E1,-1.187835121E1,3.798582554E0,1.602072840E1
2.068450563E1,-1.166628838E1,-8.907749176E0,3.669362545E0,1.512992073E1
2.069451540E1,-7.060366154E0,-2.769705057E0,2.577226639E0,8.010126933E0
2.070450993E1,-2.263844967E0,7.808731079E0,-3.308409691E0,8.777633496E0
2.071415355E1,1.301523495E1,9.737252235E0,2.982104778E0,1.652583949E1
2.072451416E1,-8.953384399E0,-2.504859924E0,2.647615433E0,9.666813483E0
2.073452401E1,-3.218320370E0,-2.522296309E-1,-3.084374428E0,4.464814823E0
2.074450316E1,2.578681183E1,5.368696690E0,-4.311003685E0,2.669021021E1
2.075451293E1,1.573435187E0,-7.676793098E0,7.472658157E-1,7.871928402E0
2.076452278E1,-7.607917786E0,-1.339694262E0,2.882974625E0,8.245406990E0
2.077424255E1,-3.047353745E0,3.553445637E-2,1.996867180E0,3.643501897E0
2.078451178E1,6.045405388E0,-3.628625870E0,-3.368945122E0,7.814322955E0
2.079452155E1,6.537743092E0,-2.101076603E0,1.930264950E0,7.133199170E0
2.080453140E1,-1.412226558E0,3.745900154E0,1.669261932E0,4.337347947E0
2.081451055E1,5.881478310E0,6.294032574E0,9.176731110E-2,8.614815981E0
2.082452032E1,-1.574017143E1,-1.895207167E0,-6.786481857E0,1.724532235E1
2.083436224E1,-6.806520939E0,-3.777975321E0,1.650999069E0,7.957865464E0
2.084450932E1,9.201896667E0,3.412278891E-1,-4.377032280E0,1.019557504E1
2.085451909E1,1.178662777E1,-1.880659223E0,1.716623306E-1,1.193695695E1
2.086452893E1,-3.591741180E1,-5.270939827E0,1.365679741E0,3.632779044E1
2.087478278E1,-2.266092300E1,-6.353554249E0,1.524194717E0,2.358406777E1
2.088462470E1,1.575092316E1,-2.171257973E0,1.633061409E0,1.598351748E1
2.089449701E1,1.161043167E1,3.925902843E0,-4.081177711E0,1.291784999E1
2.090409516E1,-8.965623856E0,8.107472658E-1,-1.978408813E0,9.217039855E0
2.091451663E1,-1.043008709E1,-6.479926109E0,2.632025719E0,1.255801411E1
2.092452647E1,1.731300735E1,6.644148827E0,5.224081039E0,1.926592744E1
2.093450563E1,4.860753536E0,3.581186533E0,1.524266243E0,6.226974346E0
2.094451540E1,6.448950768E-1,4.414181232E0,-9.771432877E-1,4.566803545E0
2.095452524E1,8.564776421E0,7.489485264E0,7.538185120E-1,1.140245706E1
2.096450440E1,1.312598419E1,1.942637444E0,1.989639282E0,1.341730098E1
2.097457516E1,-1.594055462E1,-1.376919746E0,-1.293417931E0,1.605210639E1
2.098462986E1,6.457927227E0,1.641782045E0,7.894792557E-1,6.709959005E0
2.099450316E1,1.618499565E1,2.565922260E0,3.878914833E0,1.683995313E1
2.100463509E1,-1.690510368E1,-7.321293354E0,-6.207841873E0,1.944019464E1
2.101462840E1,-9.729693532E-1,2.310150862E0,5.490598679E-1,2.566112450E0
2.102450193E1,1.931686592E1,7.217675686E0,-4.144462585E0,2.103360933E1
2.103469486E1,-7.834680080E0,-4.911983490E0,2.532464504E0,9.587657182E0
2.104452155E1,1.417715549E1,-4.800204754E0,-3.634112358E0,1.540261264E1
2.105453140E1,-2.093482208E1,-1.453114796E1,-3.452852249E0,2.571659436E1
2.106475478E1,-1.526546383E1,-7.225027561E0,-2.187799454E0,1.703002864E1
2.107452032E1,1.387441826E1,-4.951804161E0,3.915668964E0,1.524310696E1
2.108453016E1,2.065649605E1,-2.432915866E-1,1.490918159E0,2.071165992E1
2.109450932E1,1.116549110E1,2.614726067E0,-4.015688896E0,1.215033914E1
2.110451909E1,8.825115204E0,-2.039611340E0,5.127448559E0,1.040833327E1
2.111452894E1,1.030019188E1,-2.466941833E0,3.025929928E0,1.101526244E1
2.112450809E1,-8.127406120E0,-4.928266048E0,-6.745028496E0,1.165495371E1
2.113451786E1,1.410598183E1,-3.337097168E-1,3.099307060E0,1.444630713E1
2.114457324E1,-4.320149422E0,-2.984425068E0,-6.419651985E0,8.293516481E0
2.115450686E1,2.661161900E0,-2.786831379E0,4.090593338E0,5.619712239E0
2.116451663E1,-1.086979008E1,-1.425478220E0,-9.364700317E-1,1.100278604E1
2.117452647E1,6.752865791E0,1.056966782E1,-1.427458668E1,1.900218143E1
2.118450563E1,2.222466660E1,1.736335516E0,-1.041536331E-1,2.229263363E1
2.119462217E1,-2.329403877E0,4.455714226E0,6.751724720E0,8.418152908E0
2.120449455E1,-1.351826572E1,5.179791927E0,3.828269958E0,1.497429142E1
2.121450440E1,1.398878479E1,-1.433268189E-1,-1.930547714E0,1.412209818E1
2.122466678E1,-2.981488419E1,-5.971544266E0,-4.785043716E0,3.078121673E1
2.123452401E1,-1.132026863E1,-1.510633659E1,9.275335312E0,2.103287266E1
2.124436586E1,3.612708807E0,-5.001524925E0,9.333593369E0,1.118851562E1
2.125451301E1,4.853290081E0,3.875425577E0,2.874143124E0,6.843540510E0
2.126452278E1,-2.345621347E0,-2.323665142E0,-9.726029396E0,1.027117359E1
2.127450194E1,2.475465298E0,4.556491375E0,-8.338394165E-1,5.252126261E0
2.128451170E1,9.284256935E0,7.948178053E-1,6.232132912E0,1.121020262E1
2.129452155E1,-1.654899406E1,-7.130570412E0,-3.363059998E0,1.833096865E1
2.130448555E1,8.142034531E0,-3.322929144E0,-1.104267025E1,1.411648507E1
2.131451047E1,1.017344379E1,3.693860054E0,4.052379131E0,1.155704709E1
2.132462709E1,-1.175702667E1,-9.488834381E0,-6.165275574E-1,1.512103701E1
2.133449947E1,-4.214852333E0,-3.580893040E0,-5.252144814E0,7.627109564E0
2.134450932E1,4.032113075E0,1.393357754E0,-7.093601227E-1,4.324647207E0
2.135451909E1,-1.376295280E1,-2.479697704E0,4.785016060E0,1.478053278E1
2.136452894E1,-2.827628136E1,-9.984875679E0,-8.200919151E0,3.108859766E1
2.137421878E1,-9.188743591E0,-2.333801031E0,4.405803680E0,1.045422126E1
2.138451786E1,1.011269379E1,1.634392262E0,2.400473595E0,1.052141089E1
2.139452747E1,-4.061394215E0,-1.295058250E0,-6.346121788E0,7.644956546E0
2.140450686E1,-2.512373924E0,-6.550838470E0,8.476552963E-1,7.067108808E0
2.141463878E1,1.178382587E1,-4.546205401E-1,3.301613808E0,1.224605593E1
2.142463324E1,-1.243964434E0,-8.875015378E-2,-2.228013992E0,2.553305789E0
2.143450563E1,-4.036121964E-1,-1.180559921E1,-3.648758888E0,1.236319202E1
2.144469855E1,6.236299992E0,-2.469028950E0,2.354382038E0,7.108491846E0
2.145452524E1,-4.848887920E0,-5.110525131E0,2.043559551E0,7.335210755E0
2.146439763E1,-5.334860802E0,-7.705165863E0,-1.041108131E1,1.400788831E1
2.147451424E1,1.050462723E1,5.894106030E-1,9.626598358E-1,1.056509877E1
2.148452401E1,-1.209265995E1,-1.102822304E0,-2.297813416E0,1.235834084E1
2.149450317E1,4.396225929E0,5.298475027E-1,1.297259331E0,4.614154589E0
2.150407763E1,-1.450487614E0,-1.639945865E0,-4.158662796E0,4.699767335E0
2.151462955E1,2.581588030E0,-3.119588375E0,5.180416107E-1,4.082253728E0
2.152451732E1,1.776679397E0,1.498556376E0,3.312558651E0,4.046641287E0
2.153451178E1,-2.068992043E1,-8.793411255E0,-3.099661827E0,2.269371702E1
2.154452155E1,1.747199631E1,-1.841221809E0,3.376117229E0,1.789019062E1
2.155453117E1,2.754376221E1,5.931272507E0,2.764991760E0,2.831049292E1
2.156418994E1,3.506482840E0,6.848998070E0,4.613876343E-2,7.694564656E0
2.157462709E1,3.959147453E0,-6.386909962E0,2.497292042E0,7.918581625E0
2.158449947E1,-9.137642860E0,-6.026907921E0,2.329005718E0,1.119126462E1
2.159450932E1,-1.464295769E1,-9.229021072E0,-1.643795013E0,1.738657821E1
2.160451909E1,5.795507908E0,-5.772933006E0,7.826123714E0,1.132090455E1
2.161452894E1,2.915252447E0,-4.540294170E0,1.934261322E-1,5.399109339E0
2.162430963E1,6.618305683E0,7.582837105E0,-1.893590164E1,2.144457413E1
2.163467047E1,2.703108788E1,8.340698481E-1,-7.313865662E0,2.801549598E1
2.164452770E1,8.753835678E0,1.803667259E1,1.297879887E1,2.388305712E1
2.165450686E1,2.040760040E1,-7.461133957E0,-2.642479897E0,2.188884132E1
2.166451663E1,-6.762408733E0,-6.389956951E0,-3.978103638E0,1.011864765E1
2.167452647E1,6.284753323E0,5.839760780E0,-1.294183922E1,1.552714181E1
2.168439886E1,1.419430733E1,-2.824969769E0,4.002047062E0,1.501583149E1
2.169451540E1,1.118743706E1,-3.404366493E0,4.967583656E0,1.270532749E1
2.170452524E1,-1.928881645E1,-7.547631264E0,-1.245525360E0,2.075033762E1
2.171450440E1,1.128361320E1,-6.667578220E-1,-1.445644379E0,1.139536663E1
2.172451417E1,-7.255584717E0,1.955543876E0,-2.649143219E0,7.967786470E0
2.173463078E1,-2.119731665E0,5.745851517E0,5.374009132E0,8.147885992E0
2.174450317E1,-2.304472542E1,-5.737913132E0,-6.112839699E0,2.452243515E1
2.175451294E1,2.215660661E-1,2.470946074E0,-1.564023018E1,1.583576541E1
2.176452278E1,1.232598209E1,5.179182053E0,1.351775169E0,1.343804515E1
2.177450194E1,-3.007619381E0,3.748880863E0,4.761631966E0,6.765576180E0
2.178451178E1,-1.186421204E1,-2.043604851E0,-1.099684715E0,1.208905102E1
2.179452155E1,-5.699420929E0,8.366674185E-3,-4.419221878E-1,5.716534278E0
2.180463824E1,7.216856480E0,-7.560708523E-1,1.547558784E0,7.419541682E0
2.181451055E1,6.336085796E-1,5.557473183E0,3.773309231E0,6.747209094E0
2.182462748E1,-1.077199745E1,-3.025592089E0,-1.163898468E0,1.124921314E1
2.183449948E1,-9.289684296E-1,7.185512781E-1,1.716938019E0,2.080186156E0
2.184450932E1,1.267483711E1,-1.213193834E-1,4.569499969E0,1.347392089E1
2.185451909E1,-7.927644730E0,-2.352331579E-1,-1.803516388E0,8.133606639E0
2.186463571E1,3.857573509E0,-5.995489359E-1,-1.719916344E0,4.265963494E0
2.187450809E1,3.072233391E1,2.477184057E0,-1.401672173E1,3.385951461E1
2.188451786E1,2.365267372E1,1.473763561E1,7.081884384E0,2.875412951E1
2.189452771E1,-2.114224625E1,4.123548508E0,4.231837273E0,2.195237289E1
2.190443117E1,1.316546917E0,8.507312775E0,1.624718666E0,8.760558040E0
2.191451663E1,-2.275477648E0,5.660941601E0,1.795662880E0,6.359910653E0
2.192463332E1,-1.009849644E1,-8.963503242E-1,-1.183586121E0,1.020705395E1
2.193450563E1,-7.331917286E0,-7.871087551E0,-6.019277573E-1,1.077373414E1
2.194410371E1,-3.613017127E-2,-3.283872128E0,-5.616968155E0,6.506569971E0
2.195452524E1,2.236788571E-1,-1.008148098E1,4.966068268E-2,1.008408435E1
2.196450440E1,1.233163834E1,1.942748189E0,4.491661072E0,1.326719992E1
2.197451417E1,1.109344769E1,2.986042976E0,-7.812239647E0,1.389288028E1
2.198452401E1,-1.873371315E1,-1.104047203E1,1.394618988E0,2.178965335E1
2.199450317E1,7.367876053E0,1.261287212E0,4.498179913E0,8.724108292E0
2.200422194E1,-2.118967533E0,5.246920109E0,-6.001188278E0,8.248300115E0
2.201462901E1,-1.255714798E1,-6.579287529E0,-2.708816528E-1,1.417894096E1
2.202450194E1,-3.310766220E0,1.340272188E0,2.884950161E0,4.591344023E0
2.203451171E1,2.061388016E1,1.187585640E1,3.691701889E0,2.407481429E1
2.204464371E1,-3.194096184E1,-1.250360584E1,-1.419636726E0,3.433046126E1
2.205463763E1,2.293120575E1,-5.642681122E0,-1.665086746E0,2.367387930E1
2.206451055E1,-2.807444763E1,2.698734856E1,1.497512054E1,4.172224619E1
2.207470340E1,1.515186024E1,-1.216694260E1,1.189807606E1,2.278546850E1
2.208453017E1,-8.760988235E0,5.264007568E0,7.477561951E0,1.266406820E1
2.209450932E1,-2.982907057E0,1.172384739E0,7.686601639E0,8.328028893E0
2.210451909E1,6.037895679E0,-9.400142670E0,-1.092930984E1,1.562909723E1
2.211452894E1,-4.637855530E0,1.955869913E0,-4.334236145E0,6.642344013E0
2.212450809E1,-2.069512367E0,-4.482672691E0,1.134389973E1,1.237179441E1
2.213408278E1,-7.331436157E0,-8.248963356E0,1.098630428E1,1.557222638E1
2.214463425E1,-1.014514804E0,-7.790215969E0,4.598734856E0,9.103025179E0
2.215450686E1,7.272589207E0,-1.998897672E0,-2.570593834E1,2.678957655E1
2.216451663E1,2.462111473E1,-8.752256036E-1,-8.568612099E0,2.608421791E1
2.217463301E1,1.887371635E1,1.307094765E1,-7.563964844E0,2.417189288E1
2.218458224E1,-2.147335291E0,1.215831637E0,1.221929073E1,1.246596813E1
2.219451540E1,-7.064896107E0,-5.806782246E0,5.760636806E0,1.080816420E1
2.220455571E1,1.013484955E1,9.620897293E0,-3.817733765E1,4.065447023E1
2.221461140E1,1.450370026E1,-7.337440968E0,-3.779668808E-1,1.625848148E1
2.222451424E1,-1.418302250E1,-6.031124115E0,6.453958511E0,1.670886489E1
2.223461548E1,1.244636917E1,2.286034584E0,8.731060028E0,1.537431198E1
2.224461048E1,-2.579654694E0,-6.477698326E0,2.877276897E0,7.542805598E0
2.225451301E1,-2.059785271E1,-5.855628490E0,-6.249668121E0,2.230735916E1
2.226467540E1,3.114888382E1,1.242490196E1,-1.248232269E1,3.578322976E1
2.227450194E1,7.605916023E0,1.838360405E1,9.799407005E0,2.217735859E1
2.228451171E1,-7.278069496E0,-2.114017725E0,3.290596008E0,8.262408161E0
2.229452155E1,5.903779984E0,-6.176859379E0,-9.034666061E0,1.243516790E1
2.230453117E1,-4.478052521E1,-9.748723984E0,-6.859444618E0,4.633988603E1
2.231451048E1,-7.115146637E0,-1.659596062E1,1.040276814E1,2.083911719E1
2.232452032E1,-3.947770834E0,-4.025951862E0,1.094416046E1,1.231128877E1
2.233453017E1,1.373719454E0,5.430951595E0,4.154682159E0,6.974505302E0
2.234449394E1,-3.719383240E0,-1.815899611E0,-2.942112350E1,2.971083660E1
2.235410717E1,2.130967331E1,-1.535234809E0,1.641931534E0,2.142790381E1
2.236452894E1,-1.323159790E1,-5.370727539E0,9.170772552E0,1.697123939E1
2.237450809E1,-2.762385011E-1,-1.818160772E0,6.519040108E0,6.773470324E0
2.238416686E1,8.450773239E0,5.994991302E0,-4.289655685E-1,1.037012539E1
2.239449702E1,-1.099106979E1,-1.464567423E0,-1.880473328E1,2.183040464E1
2.240450686E1,5.910618305E0,-5.585508347E0,2.506913185E0,8.509872264E0
2.241422678E1,1.056856632E1,2.412164360E-1,6.108096123E0,1.220907932E1
2.242449578E1,-8.846161515E-2,-1.050850964E1,-2.730230331E0,1.085775105E1
2.243450563E1,7.675649166E0,1.034015274E1,-2.012361526E1,2.389130051E1
2.244451540E1,1.025756741E1,2.461882830E0,1.148665905E1,1.559557284E1
2.245452525E1,-3.113662910E1,3.668277979E0,8.273813248E0,3.242532839E1
2.246450440E1,6.225189686E0,-5.782045364E0,3.061609745E0,9.030973893E0
2.247434625E1,4.082601070E0,-1.190263271E0,-2.497122955E1,2.533074542E1
2.248449332E1,-1.257167339E1,-3.725233078E0,-2.127456665E-1,1.311371778E1
2.249450317E1,-1.214002800E1,-2.827620745E0,7.784767151E0,1.469620082E1
2.250451302E1,-7.652213097E0,-8.590756416E0,4.098492622E0,1.221290722E1
2.251452278E1,-2.001971245E0,-5.104352951E0,1.414374352E0,5.662399025E0
2.252450194E1,-1.834156036E0,-1.607155085E0,-1.541355228E1,1.560527699E1
2.253451178E1,2.364456654E-3,-2.919800758E0,-5.170059204E-1,2.965221270E0
2.254452155E1,5.962202549E-1,-1.419442892E0,2.952746391E0,3.330016211E0
2.255463794E1,3.040467978E0,1.642035127E0,5.557758808E0,6.544418068E0
2.256451048E1,3.118762970E0,4.362153053E0,-2.700386047E-1,5.369169635E0
2.257498269E1,-6.328856945E0,-4.174296856E0,-3.930049896E0,8.539582932E0
2.258499231E1,-1.034434128E1,-3.969553471E0,-2.483720779E0,1.135480604E1
2.259497169E1,1.118637085E0,1.248493552E0,9.313917160E-1,1.917700604E0
2.260466092E1,1.077679443E1,3.708620548E0,1.745452881E-1,1.139840474E1
2.261496062E1,4.371266842E0,3.239984274E0,-4.801838875E0,7.256936577E0
2.262497046E1,-2.011230850E1,-5.380358219E0,-9.792470932E-1,2.084255581E1
2.263498023E1,-2.300452948E0,8.900439739E-1,3.237121582E0,4.069793383E0
2.264508154E1,-6.506570816E0,-7.438693523E0,-8.282661438E-1,9.917441703E0
2.265496923E1,-2.583553314E0,-1.218837452E1,-7.062864304E-1,1.247918514E1
2.266475008E1,1.319356203E0,-8.291397095E-1,6.042585373E-1,1.671317393E0
2.267495816E1,-5.955817699E0,-1.859060049E0,7.436180115E-1,6.283377792E0
2.268496800E1,-1.236479998E0,3.374810696E0,-3.155681610E0,4.782944328E0
2.269497777E1,-8.501285553E0,1.980911732E0,-8.950424194E-1,8.774791637E0
2.270498762E1,7.070216179E0,2.268969059E0,1.706295013E-1,7.427334100E0
2.271496677E1,-9.041598320E0,-5.812250137E0,1.902965069E0,1.091576969E1
2.272497654E1,-1.162313461E1,-3.750745296E0,-4.029016495E0,1.286072791E1
2.273498639E1,-3.715347052E0,-2.492364645E0,-1.102217674E0,4.607664163E0
2.274496554E1,-8.081894875E0,-3.721931219E0,2.481260300E-1,8.901200104E0
2.275492954E1,-1.438602448E0,-2.846026897E0,-1.254938126E0,3.426998074E0
2.276498516E1,1.633847809E1,5.777882576E0,3.874542236E0,1.775786786E1
2.277507131E1,1.270485282E0,7.662535310E-1,2.981081963E0,3.329883931E0
2.278497416E1,-2.417084312E1,1.071481824E0,-1.419190407E0,2.423616785E1
2.279498392E1,-2.409896278E1,-6.836777210E0,-4.643446922E0,2.547671739E1
2.280510054E1,6.272730350E0,3.097015619E0,-5.612363815E-1,7.018093621E0
2.281497293E1,7.294042587E0,4.864013672E0,1.417483330E0,8.880931553E0
2.282498269E1,3.850078583E-1,4.921454430E0,8.083000183E-1,5.002228871E0
2.283499231E1,6.515142918E0,5.284592628E0,-5.599531174E0,1.008606741E1
2.284497169E1,-1.458417416E0,3.499848127E0,2.016087532E0,4.294243497E0
2.285498146E1,-1.014992905E1,-1.082147408E1,3.267551422E0,1.519217737E1
2.286499131E1,4.418577552E-1,-6.784143448E0,-6.384868622E-1,6.828433647E0
2.287497046E1,1.172232819E1,-7.080138922E-1,-9.049531937E0,1.482593302E1
2.288498023E1,-5.134195089E-1,6.202067137E-1,-3.680750847E0,3.767782207E0
2.289514269E1,-1.335446930E1,-1.480848432E0,3.824883461E0,1.397012870E1
2.290496923E1,-1.062003517E1,-1.907984138E0,-3.385158539E0,1.130861834E1
2.291484185E1,4.384670734E0,5.201651096E0,-2.371724129E0,7.204692007E0
2.292495816E1,2.439474761E-1,-2.685498476E0,-6.356697083E-1,2.770467183E0
2.293496800E1,5.929653168E0,4.250576973E0,-8.757371902E-1,7.348136289E0
2.294497777E1,6.519005775E0,3.233613729E0,-1.872598648E0,7.514008235E0
2.295498762E1,4.367474556E0,-3.701081276E0,3.011820793E0,6.468686196E0
2.296496677E1,6.010653019E0,-3.131420612E0,-2.149252892E0,7.110065594E0
2.297497654E1,-1.179800606E1,-2.313551664E0,-4.806966782E-1,1.203231223E1
2.298498639E1,-6.494822979E0,-2.613828182E0,4.775588512E0,8.474731201E0
2.299507139E1,-1.206845880E0,-2.197761834E-1,2.884405613E0,3.134417695E0
2.300497531E1,-4.489810765E-1,-4.289350986E0,-3.382129669E-1,4.326026341E0
2.301498516E1,1.280056763E1,-2.396330118E0,-3.613827705E0,1.351505384E1
2.302496431E1,-2.788258791E0,-4.721209526E0,-3.220845222E0,6.359091949E0
2.303497408E1,-9.325344086E0,-3.777786016E0,1.414466858E0,1.016043434E1
2.304498393E1,1.186489391E1,2.402832985E0,3.552605152E0,1.261627193E1
2.305499377E1,-2.039098358E1,-1.070364571E1,3.842926025E-1,2.303275762E1
2.306497293E1,8.182579994E0,-5.504556298E-1,3.950230122E0,9.102853112E0
2.307475377E1,1.578703880E0,-2.426074266E0,-8.688990593E0,9.158422343E0
2.308511446E1,-2.191082764E1,-1.400018597E1,2.310981750E-1,2.600274949E1
2.309497170E1,-1.669996643E1,-7.092192650E0,9.393394470E0,2.043095531E1
2.310498146E1,6.187455654E0,-5.225516319E0,1.195899296E1,1.444327320E1
2.311499131E1,1.013525105E1,-5.004502296E0,2.248544693E-1,1.130570283E1
2.312507723E1,-6.116222858E0,8.108141899E0,-1.870717239E1,2.128634412E1
2.313498023E1,-3.605656862E0,1.944278359E0,-5.557870865E-1,4.133990691E0
2.314498985E1,-5.985556841E-1,-1.071806717E1,-5.787744522E-1,1.075035872E1
2.315496923E1,2.727294350E1,4.318891048E0,-6.156171799E0,2.829071788E1
2.316497900E1,2.280628681E-2,5.585671425E0,8.843420029E0,1.045974776E1
2.317498885E1,2.419498444E1,4.185059547E0,-1.270151138E-1,2.455459485E1
2.318507477E1,1.799834633E1,7.337569237E0,-3.257452965E0,1.970764808E1
2.319497777E1,-1.136291218E1,-1.009723091E1,-9.405766487E0,1.787563393E1
2.320498762E1,-7.575074673E0,-6.111391068E0,5.438822746E0,1.114951344E1
2.321496677E1,-1.722829223E0,-2.022502899E0,1.810088634E0,3.214821826E0
2.322497662E1,1.946143341E1,8.809659958E0,1.948728561E0,2.145122472E1
2.323498639E1,-6.393802166E0,-9.150272369E0,-1.233240128E0,1.123072000E1
2.324496554E1,1.309006405E1,-5.232411861E0,-6.268065453E0,1.542778517E1
2.325508246E1,4.078095436E0,-3.619714379E-1,-1.277917767E1,1.341898906E1
2.326498516E1,-2.576610565E0,-3.863800764E0,9.561252594E-2,4.645107114E0
2.327508639E1,-3.089335442E1,1.269043446E0,1.046106434E1,3.264113487E1
2.328497408E1,-2.043893433E1,-2.176080513E1,5.435464859E0,3.034513066E1
2.329498393E1,2.513245964E1,-6.171146870E0,5.141325474E0,2.638478366E1
2.330500154E1,-1.557961082E1,-1.489232254E1,-6.134512901E0,2.240843128E1
2.331497285E1,-2.645073318E1,-3.992508173E0,-6.697473526E0,2.757603233E1
2.332498270E1,1.146985626E1,-1.651521921E0,7.105428696E0,1.359309546E1
2.333499254E1,-3.773327255E1,-7.227761269E0,6.811100006E0,3.901834791E1
2.334507846E1,1.167074680E1,-7.934027672E0,3.491125107E0,1.453764357E1
2.335498146E1,1.915963554E1,7.405288219E0,-1.252849483E1,2.406019764E1
2.336526585E1,-2.647075272E1,-8.254532814E0,-6.434859276E0,2.846481118E1
2.337497046E1,-5.438468933E0,-7.803890228E0,8.897192001E0,1.302450278E1
2.338498023E1,-2.595809460E0,7.495930195E0,8.130130768E0,1.135897102E1
2.339499008E1,4.803189468E1,-6.923395634E0,6.086571693E0,4.890851326E1
2.340507600E1,2.145289230E1,-1.225313091E1,-2.125404167E1,3.258987715E1
2.341497900E1,-2.359262085E1,1.573395967E0,-8.316993713E-2,2.364517394E1
2.342498885E1,3.870573282E0,-2.274986649E1,1.225222969E1,2.612766532E1
2.343499847E1,-2.742810822E1,-1.805682659E0,1.736579895E0,2.754228240E1
2.344505408E1,1.012106705E1,-1.027318764E1,1.749059868E1,2.266926167E1
2.345495716E1,6.929979324E-1,3.724540234E0,8.500069618E0,9.306107113E0
2.346496677E1,3.521075249E0,-2.323722363E0,-8.492486954E0,9.482615208E0
2.347497654E1,-1.214462280E1,-2.090290308E0,-3.112012100E1,3.347122806E1
2.348498639E1,-5.295329094E0,-9.088629723E0,5.924780846E0,1.207256098E1
2.349511816E1,1.314186859E1,5.032133579E0,6.421955109E0,1.546843838E1
2.350508208E1,-3.291105747E0,6.277470589E0,-4.477053642E0,8.383437442E0
2.351478670E1,1.014310551E1,-8.727059364E0,-8.227347374E0,1.570774966E1
2.352496431E1,3.365036488E0,-1.538079929E1,-6.182579994E0,1.691498604E1
2.353508146E1,-2.725503731E1,-3.452282429E0,8.652772903E0,2.880322537E1
2.354498393E1,5.529850960E0,6.654033661E-1,-2.528285980E-1,5.575476265E0
2.355523777E1,2.212690163E1,-1.122439766E1,1.883576870E0,2.488241830E1
2.356497293E1,-1.064584923E1,7.399847984E0,7.408482552E0,1.493243013E1
2.357498270E1,-1.556773186E-1,-7.070942402E0,-6.828923225E0,9.831411613E0
2.358499231E1,1.940737724E0,1.808845520E0,-3.896149635E0,4.713636283E0
2.359497170E1,4.206505299E0,-1.442118263E1,4.799623489E-1,1.502982233E1
2.360496616E1,1.741569042E0,-4.176865578E0,-7.016824722E0,8.349556753E0
2.361496062E1,-4.467957497E0,-3.599511683E-1,-1.632640076E1,1.693055140E1
2.362497046E1,3.788096189E0,-1.509593678E1,6.731453896E0,1.695728314E1
2.363498024E1,-4.776326180E0,-1.251082659E0,5.261862278E0,7.215656188E0
2.364498985E1,1.055006981E-1,-1.080753207E-1,2.897456646E0,2.901390303E0
2.365496924E1,1.741095781E-1,-4.670671463E0,2.350123882E0,5.231497713E0
2.366497900E1,1.913074017E0,-5.138186216E-1,2.140230656E0,2.916238850E0
2.367498885E1,2.503249645E0,9.238010645E-2,-6.713422775E0,7.165531259E0
2.368496800E1,3.588147163E0,-5.239565372E-1,-8.124704361E-1,3.716105317E0
2.369497777E1,-2.209033728E0,2.916251183E0,4.381163120E0,5.707796532E0
2.370498762E1,1.247497082E1,-4.584897995E0,-1.274403572E0,1.335178980E1
2.371496677E1,-8.671968460E0,5.185144901E0,6.568303108E0,1.205119788E1
2.372497662E1,3.679062426E-1,-3.123087645E0,-5.730752945E-1,3.196474109E0
2.373481847E1,1.118516922E1,-4.692834854E0,-1.972325706E1,2.315464486E1
2.374496554E1,3.195640326E0,-3.584180593E0,2.740806103E0,5.529058302E0
2.375497539E1,-5.894407272E0,1.831266582E-1,6.983822823E0,9.140642958E0
2.376498516E1,1.804451704E0,-1.854635596E0,2.810626507E0,3.820384864E0
2.377496431E1,-4.042447567E0,7.901609540E-1,4.027582169E0,5.760829349E0
2.378497408E1,-4.370641708E-1,1.661584973E-1,1.479258537E0,1.551399225E0
2.379498393E1,2.277043819E0,-4.995367527E-1,-2.572068214E0,3.471311052E0
2.380499354E1,1.173543572E0,5.813882351E-1,-4.044951439E0,4.251687775E0
2.381507970E1,-2.102082014E0,1.228252053E0,-1.348064995E1,1.369873260E1
2.382498270E1,4.053210258E0,-4.231281281E0,5.473503113E0,8.018197491E0
2.383499254E1,1.038595915E0,5.946611166E-1,8.109276772E0,8.197113704E0
2.384497170E1,-3.568893433E0,1.890787959E0,6.623762131E0,7.757983256E0
2.385498147E1,1.699775934E0,-1.069955587E0,-5.316895485E0,5.683609837E0
2.386499131E1,4.751959801E0,-3.057077646E0,-9.356190681E0,1.093001143E1
2.387497047E1,-5.651686192E0,3.336534023E0,-3.235350609E0,7.317206411E0
2.388498024E1,-4.974421263E-1,4.318222404E-1,6.905531883E0,6.936878960E0
2.389499008E1,3.560268402E0,-2.518707752E0,5.561428547E0,7.067452675E0
2.390496924E1,2.835701108E-1,-1.690403938E0,1.750500679E0,2.449924511E0
2.391497901E1,-2.886338949E0,2.038319826E0,-1.160208988E1,1.212823936E1
2.392498885E1,3.523883343E0,-1.210829973E0,-1.567715645E0,4.042473918E0
2.393496800E1,-1.463550448E0,-5.605860949E-1,4.796533108E0,5.046084278E0
2.394497777E1,2.218176365E0,-1.718528867E-1,1.036452293E0,2.454398736E0
2.395498762E1,-9.638237357E-1,3.939492702E-1,-9.012298584E-1,1.377086591E0
2.396496677E1,3.734766960E0,-2.540244818E0,-2.944861412E0,5.391988197E0
2.397497654E1,1.580971479E-2,5.475113988E-1,2.744283676E0,2.798412331E0
2.398498639E1,1.404456139E0,-7.649669647E-1,7.257480621E-1,1.756240801E0
2.399496554E1,7.991725206E-1,2.080893278E0,-1.234644890E0,2.548164350E0
2.400497531E1,4.616460800E0,-3.162613630E0,-8.916101456E-1,5.666463090E0
2.401498516E1,-3.453850746E-2,4.692602158E-2,-1.163151741E0,1.164610206E0
2.402496431E1,2.660810232E0,-1.340857744E0,3.099155426E-2,2.979726675E0
2.403497416E1,-9.792065620E-1,1.571317911E0,3.756263256E0,4.187767797E0
2.404498393E1,1.842441797E0,-8.535929918E-1,-2.607653618E0,3.305006832E0
2.405499377E1,-6.837276936E0,2.685128689E0,-7.030106544E0,1.016762853E1
2.406497293E1,1.695590258E0,5.869563818E-1,5.789474487E0,6.061151620E0
2.407498270E1,3.120108366E0,-3.903803527E-1,6.261851311E0,7.007014691E0
2.408499231E1,9.138017893E-2,-1.984953284E-1,8.400173187E-1,8.679745551E-1
2.409497170E1,-5.347105026E0,2.669396400E0,-2.030916595E1,2.117024872E1
2.410498147E1,3.012909651E0,-9.236132503E-1,3.882749081E0,5.000642601E0
2.411499131E1,1.986353636E0,-1.012737036E0,6.875542164E0,7.228023043E0
2.412497047E1,9.642999649E0,-4.587221622E0,-3.258682251E0,1.116463409E1
2.413498024E1,-8.003100395E0,5.386367321E0,-8.501231194E0,1.285820752E1
2.414498985E1,2.787989616E0,-4.171543121E-1,5.532237053E0,6.209070029E0
2.415496924E1,3.739523411E0,-2.587597847E0,5.055317879E0,6.799701230E0
2.416497901E1,4.879744351E-1,4.589157701E-1,2.085251808E0,2.190204976E0
2.417498885E1,8.815867305E-1,7.062925100E-1,-6.214625359E0,6.316455701E0
2.418496800E1,5.254280567E-2,1.865668416E0,-1.279946327E0,2.263126595E0
2.419497777E1,1.908198953E0,-1.365484297E-1,1.124528885E0,2.219106561E0
2.420498762E1,-4.545566440E-1,2.061289549E-2,1.509956360E0,1.577027217E0
2.421496678E1,3.218689442E0,-8.404940367E-1,2.211418152E-1,3.333960955E0
2.422497662E1,-3.872400522E-1,1.149452686E0,2.769241333E0,3.023225744E0
2.423498639E1,3.331859350E0,-2.198751271E-1,-9.733352661E-1,3.478076098E0
2.424496554E1,-3.905252814E-1,2.229295969E-1,-4.179378510E0,4.203500009E0
2.425497539E1,2.702823162E0,-7.421913147E-1,2.950139046E0,4.069326895E0
2.426498516E1,1.042152405E0,-2.786183357E-1,1.590561867E0,1.921873269E0
2.427496431E1,1.804528713E0,1.380024254E-1,-7.781219482E-2,1.811469924E0
2.428497408E1,1.630596876E0,3.337792158E-1,1.159187317E0,2.028292379E0
2.429498393E1,-5.875158906E-1,1.158121228E0,3.050260544E-1,1.333964240E0
2.430499378E1,1.092029214E0,2.759106755E-1,-1.929718018E0,2.234382718E0
2.431497285E1,1.622035503E0,-1.090349555E0,4.787054062E-1,2.012217730E0
2.432498270E1,-2.099360228E-1,2.826426029E-1,-1.111902237E0,1.166313234E0
2.433499254E1,1.210915327E0,-1.178383231E-1,3.058036327E0,3.291168179E0
2.434497170E1,1.161527872E0,1.372877359E-1,-3.380775452E-1,1.217493879E0
2.435498147E1,1.528624296E0,-1.476615667E-3,-2.727559090E0,3.126703217E0
2.436499131E1,1.051895022E0,-4.456934929E-1,-3.748760223E-1,1.202355131E0
2.437497047E1,1.703804731E-1,4.979190230E-2,7.108497620E-2,1.912114353E-1
2.438498024E1,7.469717264E-1,1.790767461E-1,1.592321396E0,1.767914780E0
2.439498985E1,1.005923510E0,1.940666884E-1,8.429803848E-1,1.326710185E0
2.440496924E1,1.219626665E0,1.231050491E-2,-1.198664665E0,1.710098749E0
2.441497901E1,1.607465863E0,3.311434388E-2,-3.410415649E-1,1.643579146E0
2.442498885E1,2.018305779E0,-7.119517922E-1,1.227923393E0,2.467433774E0
2.443496801E1,3.311632872E-1,-6.696817279E-2,-9.480342865E-1,1.006440692E0
2.444497778E1,7.243868113E-1,-6.885221601E-2,9.068012238E-2,7.332801406E-1
2.445498762E1,1.045623302E0,-1.638669968E-1,4.558105469E-1,1.152364412E0
2.446496678E1,6.815723777E-1,4.918584228E-2,-8.794784546E-2,6.889811149E-1
2.447497662E1,5.370134115E-2,1.763248742E-1,9.942054749E-1,1.011147280E0
2.448498639E1,7.564309239E-1,-3.745408654E-1,-9.454784393E-1,1.267437605E0
2.449496554E1,5.053422451E-1,-1.225157082E-1,1.509151459E-1,5.414390683E-1
2.450497539E1,-1.550480723E-1,-3.671705723E-3,7.253179550E-1,7.417139085E-1
2.451498516E1,8.223066926E-1,-5.477167368E-1,-2.419757843E-1,1.017218856E0
2.452496431E1,7.388081551E-1,-8.298897743E-2,5.836629868E-1,9.451915903E-1
2.453497416E1,2.089837790E-1,4.401296377E-1,4.616117477E-1,6.711733930E-1
2.454498393E1,1.203894839E-1,5.832712054E-1,2.103967667E-1,6.316373377E-1
2.455499355E1,2.713650465E-1,6.394635439E-1,9.529085159E-1,1.179231636E0
2.456497285E1,1.569271684E-1,5.240350962E-3,-3.083731651E0,3.087726428E0
2.457498270E1,1.364789248E0,-1.570962548E0,-7.114448547E-1,2.199255965E0
2.458499231E1,-6.533657908E-1,-1.860707998E-1,8.643217087E-1,1.099345812E0
2.459497170E1,-9.316903353E-2,-3.944885731E-2,3.002678394E0,3.004382502E0
2.460498147E1,8.979336917E-2,1.808954775E-1,-1.138912201E0,1.156679309E0
2.461499131E1,4.912450910E-1,3.521727324E-1,-9.553003311E-1,1.130462779E0
2.462497047E1,1.917262226E-1,5.578469038E-1,1.311786652E0,1.438310235E0
2.463498024E1,-2.975837328E-2,4.768317342E-1,1.094143867E0,1.193903206E0
2.464499008E1,2.925027609E-1,3.070304990E-1,-1.757487297E0,1.807923447E0
2.465496924E1,9.079440236E-1,3.134872019E-1,-1.177845001E-1,9.677343459E-1
2.466497901E1,-4.924304187E-1,5.926619768E-1,1.946190834E0,2.093178134E0
2.467498885E1,-2.020387650E-1,-7.955244184E-2,-5.231421471E0,5.235925788E0
2.468496801E1,-4.300663471E-1,-3.888846934E-1,5.499868393E-1,7.991707521E-1
2.469497778E1,5.722394586E-1,-3.720551729E-3,2.566688538E0,2.629707567E0
2.470498762E1,6.434243321E-1,-3.599282503E-1,-5.598869324E-1,9.257519072E-1
2.471496678E1,1.591176867E0,-3.141131103E-1,-1.956367493E0,2.541236832E0
2.472497654E1,4.082196951E-2,-3.184885085E-1,-3.574171066E-1,4.804668056E-1
2.473498639E1,4.078786075E-1,-2.865731418E-1,1.586997986E0,1.663445740E0
2.474496555E1,-7.670416683E-2,2.243823707E-1,9.602422714E-1,9.890885690E-1
2.475497531E1,9.345816076E-2,4.695563018E-1,-6.270675659E-1,7.889431416E-1
2.476498516E1,2.818375230E-1,4.894955754E-1,1.556816101E-1,5.858968096E-1
2.477496431E1,-1.581922472E-1,2.703108191E-1,3.520755768E-1,4.712217501E-1
2.478497416E1,2.793229222E-1,-1.129958332E-1,-1.041336060E0,1.084052647E0
2.479498393E1,5.413723588E-1,5.367073417E-2,4.190664291E-1,6.867177372E-1
2.480499355E1,2.269383669E-1,1.911539435E-1,1.230904579E0,1.266162286E0
2.481497293E1,2.534481883E-1,-8.650636673E-2,-1.292469978E0,1.319923475E0
2.482498270E1,1.796858460E-1,3.798925877E-2,-3.398294449E-1,3.862825891E-1
2.483499231E1,3.669284284E-1,-5.657717586E-2,1.376982689E0,1.426155242E0
2.484497170E1,2.556508780E-1,3.636053205E-2,3.309679031E-1,4.197847217E-1
2.485498147E1,4.821631908E-1,-6.815590858E-1,-1.318777084E0,1.560825784E0
2.486499132E1,-8.629805595E-2,-3.576847315E-1,-8.281583786E-1,9.062185286E-1
2.487497047E1,-1.397927701E-1,-1.770404577E-1,1.721597672E0,1.736313303E0
2.488498024E1,3.681574762E-2,-1.527184248E-1,2.854080200E-1,3.257852889E-1
2.489499008E1,3.894563019E-1,-4.069954455E-1,-1.472250938E0,1.576338901E0
2.490496924E1,5.273479223E-2,-2.567495704E-1,-4.788665771E-1,5.459070424E-1
2.491497901E1,2.429343015E-1,-2.899401784E-1,1.254768372E0,1.310544180E0
2.492498885E1,5.871913433E-1,-3.510010540E-1,4.169940948E-1,8.011738193E-1
2.493496801E1,2.136723399E-1,-1.559457183E-1,-1.046033859E0,1.078963285E0
2.494497778E1,1.233648807E-1,-2.366808057E-2,3.807497025E-1,4.009356653E-1
2.495498762E1,9.449151158E-2,3.050756454E-2,8.741178513E-1,8.797393791E-1
2.496496678E1,2.504483163E-1,6.171301007E-2,-2.656183243E-1,3.702511971E-1
2.497497662E1,2.805736959E-1,3.427967429E-2,-4.167366028E-1,5.035534639E-1
2.498498639E1,1.442947984E-1,-1.380146146E-1,2.174978256E-1,2.952529878E-1
2.499496555E1,1.411812752E-1,-2.510555387E-1,3.371191025E-1,4.434076287E-1
2.500497532E1,2.080985606E-1,-2.040136456E-1,-1.826162338E-1,3.439117145E-1
2.501498516E1,1.312108338E-1,-1.459220648E-1,-8.233451843E-2,2.128109603E-1
2.502496432E1,1.060998440E-1,-1.609759331E-1,2.670059204E-1,3.293365899E-1
2.503497408E1,9.142163396E-2,-1.597557664E-1,1.542825699E-1,2.401727117E-1
2.504498393E1,5.850848556E-1,-2.418761849E-1,-3.042793274E-2,6.338408603E-1
2.505499378E1,2.922689319E-1,-9.204751253E-2,1.368083954E-1,3.355747460E-1
2.506497285E1,-1.264222562E-1,-5.961841345E-2,3.363609314E-2,1.437648387E-1
2.507498270E1,5.036564544E-2,-6.928944588E-2,-4.797935486E-3,8.579478851E-2
2.508499255E1,3.015864789E-1,-4.950642586E-2,1.266965866E-1,3.308433399E-1
2.509497170E1,1.321797967E-1,-3.241777420E-2,-3.757476807E-4,1.360975824E-1
2.510498147E1,7.447262108E-2,-2.829211950E-2,-7.671356201E-3,8.003414910E-2
2.511499132E1,1.726855636E-1,-2.233463526E-2,1.550579071E-1,2.331568021E-1
2.512497047E1,1.708931029E-1,-1.396936178E-2,3.765106201E-2,1.755482787E-1
2.513498024E1,9.152954072E-2,1.825869083E-2,6.451606750E-3,9.355565106E-2
2.514498985E1,1.298617423E-1,3.349441290E-2,2.554130554E-2,1.365221817E-1
2.515496924E1,1.202512309E-1,2.424061298E-2,8.775711060E-2,1.508286323E-1
2.516497901E1,1.088251844E-1,5.777317286E-2,2.309513092E-2,1.253556753E-1
2.517498885E1,1.406134516E-1,6.266075373E-2,-8.640289307E-4,1.539456377E-1
2.518496801E1,1.246259660E-1,6.704005599E-2,4.222393036E-2,1.476782340E-1
2.519497778E1,1.255148053E-1,6.611040235E-2,3.985118866E-2,1.473521934E-1
2.520498762E1,1.170400605E-1,9.358564019E-2,3.988742828E-2,1.550730626E-1
2.521496678E1,7.082156092E-2,8.492228389E-2,6.148910522E-2,1.265242975E-1
2.522497655E1,8.486343920E-2,8.317133784E-2,4.959392548E-2,1.287588141E-1
2.523498639E1,1.060714722E-1,8.850285411E-2,1.854038239E-2,1.393831345E-1
2.524496555E1,9.860575944E-2,9.363919497E-2,2.341270447E-2,1.379838735E-1
2.525497539E1,1.007483751E-1,8.907991648E-2,6.899642944E-2,1.511488467E-1
2.526498516E1,1.529054642E-1,6.748083234E-2,2.600479126E-2,1.691448872E-1
2.527496432E1,5.967631191E-2,2.742570639E-2,-2.899169922E-2,7.179101753E-2
2.528497416E1,-4.631667212E-2,7.838383317E-2,8.362197876E-2,1.236199610E-1
2.529498393E1,5.156486481E-2,1.260366738E-1,4.784107208E-2,1.443362276E-1
2.530499355E1,1.448608786E-1,2.400408685E-1,2.501487732E-3,2.803757303E-1
2.531497293E1,7.667221874E-2,3.447407484E-1,-5.949687958E-2,3.581406029E-1
2.532498270E1,1.970402896E-3,3.792737126E-1,4.147148132E-2,3.815394021E-1
2.533499232E1,5.390253663E-2,3.794360757E-1,5.161190033E-2,3.867053235E-1
2.534497170E1,8.764336258E-2,3.516723514E-1,1.937866211E-3,3.624342106E-1
2.535498147E1,4.535071552E-2,3.229638338E-1,2.651977539E-2,3.272088383E-1
2.536499132E1,2.531500161E-2,2.845939994E-1,1.518154144E-2,2.861207315E-1
2.537497047E1,4.860913754E-2,2.681685090E-1,4.450988770E-2,2.761491039E-1
2.538498024E1,5.288042128E-2,2.193493992E-1,6.897735596E-2,2.359414621E-1
2.539499008E1,5.000957847E-2,2.029879093E-1,-4.792213440E-3,2.091124448E-1
2.540496924E1,6.623426080E-2,1.643445045E-1,-1.160812378E-2,1.775692597E-1
2.541497901E1,-7.392957807E-3,1.365070641E-1,1.275854111E-1,1.869943087E-1
2.542498885E1,2.457101643E-2,1.101332307E-1,5.363082886E-2,1.249373009E-1
2.543496801E1,7.527863979E-2,1.022121906E-1,-6.110572815E-2,1.408833402E-1
2.544497778E1,3.753761947E-2,8.108153939E-2,4.198455811E-2,9.872179103E-2
2.545498762E1,2.667650580E-2,5.558076501E-2,3.732872009E-2,7.207142807E-2
2.546496678E1,3.500193357E-2,4.772570729E-2,3.024291992E-2,6.646437163E-2
2.547497662E1,9.975835681E-3,7.396966219E-3,5.424499512E-2,5.564846720E-2
2.548498639E1,6.447444856E-2,-1.257747412E-3,8.800506592E-3,6.508444793E-2
2.549496555E1,3.982056677E-2,2.881944180E-3,2.557182312E-2,4.741203727E-2
2.550497532E1,-2.044988573E-1,1.457688212E-2,-7.257843018E-2,2.174853941E-1
2.551498516E1,2.545782924E-2,-2.632114291E-2,1.285429001E-1,1.336569519E-1
2.552496432E1,-7.242877036E-2,-4.608273506E-2,2.434549332E-1,2.581469537E-1
2.553497408E1,2.713967860E-2,-9.897866845E-2,-2.042303085E-1,2.285680596E-1
2.554498393E1,1.123272181E-1,-2.985587120E-1,-9.895992279E-2,3.339876865E-1
2.555499378E1,-4.134442806E-1,-4.166041911E-1,-5.875005722E-1,8.304529773E-1
2.556497286E1,5.738842487E-1,-5.665632486E-1,1.880321503E-1,8.280659003E-1
2.557498270E1,2.266772389E-1,-1.230372488E-1,-1.499509811E-1,2.983387873E-1
2.558499255E1,-4.619269073E-2,2.809849381E-2,-1.234943390E0,1.236126396E0
2.559497170E1,-9.796460867E-1,5.642010570E-1,-6.556816101E-1,1.306884716E0
2.560498147E1,-1.556514144E0,8.824843764E-1,-2.133177757E0,2.784234598E0
2.561499132E1,-1.398375511E0,7.827050686E-1,-2.531161308E0,2.995806880E0
2.562497047E1,-2.007446289E0,5.385048985E-1,-2.414209366E0,3.185629450E0
2.563498024E1,-2.385512829E0,9.548177719E-1,-2.644618034E0,3.687323281E0
2.564498986E1,-2.539154291E0,2.516716719E-1,-4.795460701E0,5.432042570E0
2.565496924E1,-1.497514009E0,-2.177610993E-1,-2.698030472E0,3.093434423E0
2.566497901E1,-9.059200883E-1,-3.330572844E-1,-1.424586296E0,1.720774383E0
2.567498886E1,-5.288993120E-1,-4.779563844E-1,-1.193658829E0,1.390323051E0
2.568496801E1,-4.445543289E-1,-2.834966779E-1,-5.802316666E-1,7.840074646E-1
2.569497778E1,5.874490738E-2,-3.004356027E-1,-5.002908707E-1,5.865180907E-1
2.570498762E1,4.631289244E-1,2.149903774E-2,-1.001795769E0,1.103877426E0
2.571496678E1,5.143543482E-1,4.617050588E-1,-7.481670380E-1,1.018570505E0
2.572497655E1,4.830085039E-1,8.106521368E-1,1.832962036E-2,9.438167601E-1
2.573498639E1,3.366521597E-1,1.077951193E0,7.085800171E-3,1.129319999E0
2.574496555E1,1.179838181E-2,1.252275229E0,-2.342882156E-1,1.274057855E0
2.575497539E1,-2.392621040E-1,1.298588514E0,-2.330131531E-1,1.340848095E0
2.576498516E1,-2.474675179E-1,1.370064259E0,5.773696899E-1,1.507206689E0
2.577496432E1,-3.440625668E-1,1.433869004E0,3.418483734E-1,1.513677536E0
2.578497416E1,2.016000748E-1,7.112994194E-1,2.638435364E-1,7.849859017E-1
2.579498393E1,9.050846100E-2,5.696356297E-1,1.400257587E0,1.514396858E0
2.580499355E1,1.983428001E-1,3.387797475E-1,1.304344177E0,1.362139977E0
2.581497293E1,4.272091389E-1,-9.070457518E-2,2.209938049E0,2.252678661E0
2.582498270E1,4.398581982E-1,-6.942027211E-1,2.105146885E0,2.259875231E0
2.583499232E1,9.402112961E-1,-7.742755413E-1,1.186465740E0,1.700353154E0
2.584497170E1,-2.064352036E-1,-3.725438118E-1,2.487237453E0,2.523441011E0
2.585498147E1,3.460826874E-1,-1.255955696E-1,2.005395412E0,2.038911041E0
2.586499132E1,7.377023697E-1,-8.529700339E-2,6.450519562E-1,9.836525765E-1
2.587497047E1,2.851967812E-1,1.225868464E-1,1.733686924E0,1.761259518E0
2.588498024E1,4.068198204E-1,2.349293530E-1,1.506414413E0,1.577966588E0
2.589499009E1,7.654042244E-1,2.174643129E-1,6.503872871E-1,1.027685739E0
2.590496924E1,9.181470871E-1,-1.956422627E-1,3.963985443E-1,1.019020007E0
2.591497901E1,-1.342210770E-1,-2.294481099E-1,4.778790474E-1,5.468364624E-1
2.592498886E1,-3.719682693E-1,-1.769272238E-1,3.112478256E-1,5.162740017E-1
2.593496801E1,4.201879501E-1,-2.199044526E-1,-9.040899277E-1,1.020928244E0
2.594497778E1,4.766340256E-1,-2.264626920E-1,-2.218246460E-1,5.724259942E-1
2.595498762E1,7.919244766E-1,-4.578284621E-1,-3.251504898E-1,9.708110622E-1
2.596496678E1,8.330588341E-1,-5.069773793E-1,-3.069863319E-1,1.022376492E0
2.597497662E1,3.578939438E-1,-3.790331185E-1,3.562216759E-1,6.313858268E-1
2.598498639E1,5.081467628E-1,-1.477529407E-1,-2.763304710E-1,5.969946342E-1
2.599496555E1,8.318638802E-1,-5.686722323E-2,-6.297931671E-1,1.044926232E0
2.600497532E1,4.416174889E-1,1.708018631E-1,1.611094475E-1,5.001555128E-1
2.601498516E1,7.399134636E-1,3.205307126E-1,4.251151085E-1,9.115562115E-1
2.602496432E1,1.882682323E0,4.684928358E-1,4.702777863E-1,1.996281409E0
2.603497409E1,1.507651329E0,1.888688207E-1,1.872581482E0,2.411481986E0
2.604498393E1,4.293193817E-1,3.090858161E-1,2.854966402E0,2.903563729E0
2.605499378E1,1.323747635E0,3.406416774E-1,1.868214607E0,2.314858607E0
2.606497286E1,1.889180183E0,2.146606445E-1,1.130191326E0,2.211880058E0
2.607498270E1,-6.318092346E-3,4.127409458E-1,1.804277420E0,1.850894923E0
2.608499255E1,1.925810814E0,4.680236578E-1,7.129850388E-1,2.106214875E0
2.609497170E1,8.123545647E-1,-4.877314568E-1,1.624543667E0,1.880676484E0
2.610498147E1,-8.222651482E-1,-3.646963835E-2,3.274557352E0,3.376414646E0
2.611499132E1,1.036107063E0,-7.067877054E-2,2.347077370E0,2.566570769E0
2.612497047E1,1.933731079E0,2.103403807E-1,1.289804935E0,2.333914252E0
2.613498024E1,1.277107239E0,1.594983935E-1,1.812798738E0,2.223214318E0
2.614498986E1,7.090883255E-1,2.190377116E-1,2.201064348E0,2.322814680E0
2.615496924E1,1.921357155E0,1.645128131E-1,1.966207743E0,2.754024450E0
2.616497901E1,2.335374832E0,3.565854430E-1,2.285355330E0,3.286940487E0
2.617498886E1,1.336483955E0,5.655686855E-1,2.642499924E0,3.014774145E0
2.618496801E1,1.469995499E0,6.630582809E-1,2.430893421E0,2.917152014E0
2.619497778E1,1.239356995E0,7.264022827E-1,1.604842424E0,2.153876794E0
2.620498762E1,1.359597206E0,6.169177294E-1,1.721864939E0,2.279015339E0
2.621496678E1,1.187737465E0,5.115654469E-1,1.901130676E0,2.299286268E0
2.622497662E1,1.628158569E0,5.184746981E-1,2.276075125E0,2.846091058E0
2.623498640E1,1.447003365E0,5.050750971E-1,2.688434124E0,3.094607831E0
2.624496555E1,1.284930229E0,5.852322578E-1,2.677697897E0,3.027145275E0
2.625497540E1,1.599623680E0,7.024185658E-1,2.192774773E0,2.803649223E0
2.626498516E1,1.872778893E0,7.744029760E-1,1.634850383E0,2.603792719E0
2.627496432E1,1.721538544E0,6.786167622E-1,1.443224907E0,2.346724057E0
2.628497416E1,1.668985367E0,4.975138903E-1,1.496975064E0,2.296511826E0
2.629498393E1,1.987350464E0,2.890135050E-1,1.633700728E0,2.588835403E0
2.630499355E1,2.292438507E0,1.418741941E-1,1.672164440E0,2.841044968E0
2.631497286E1,2.441971779E0,1.105813980E-1,1.506395817E0,2.871355563E0
2.632498270E1,2.772634506E0,1.275473833E-1,1.292579532E0,3.061785800E0
2.633499232E1,2.991385460E0,1.871153116E-1,1.123269200E0,3.200801900E0
2.634497170E1,2.921628952E0,2.379596233E-1,1.206407666E0,3.169851727E0
2.635498155E1,2.937823296E0,2.187370062E-1,1.397001505E0,3.260408686E0
2.636499132E1,3.284238815E0,2.470407486E-1,1.369598508E0,3.566938996E0
2.637497047E1,3.492510796E0,2.295739651E-1,1.515825987E0,3.814192481E0
2.638498024E1,3.386693954E0,2.275208235E-1,1.834151983E0,3.858182884E0
2.639499009E1,3.343704224E0,1.968452930E-1,2.136779547E0,3.973025653E0
2.640496924E1,3.336662292E0,1.465042830E-1,2.245872259E0,4.024763467E0
2.641497901E1,2.849735260E0,1.905065775E-2,2.054529667E0,3.513181768E0
2.642498886E1,2.455362320E0,-1.471468210E-1,1.661044002E0,2.968084144E0
2.643496801E1,2.280592918E0,-2.306361198E-1,1.400281906E0,2.686091304E0
2.644497778E1,1.988204956E0,-1.791151762E-1,1.439723015E0,2.461268688E0
2.645498763E1,1.973823547E0,-2.704137564E-1,1.644440651E0,2.583270805E0
2.646496678E1,1.720685959E0,-3.838848472E-1,3.878629923E0,4.260504410E0
2.647497655E1,1.784600258E0,-3.171463013E-1,1.759930611E0,2.526407649E0
2.648498640E1,1.768142700E0,-2.817983031E-1,1.668077707E0,2.447084414E0
2.649496555E1,1.527537346E0,-1.906840056E-1,3.108537674E0,3.468823605E0
2.650497532E1,1.438093185E0,-1.726059616E-1,2.369153738E0,2.776831695E0
2.651498517E1,9.797592163E-1,-3.090689182E-1,2.714355946E0,2.902271510E0
2.652496432E1,6.071910858E-1,-4.230791926E-1,2.756817579E0,2.854421164E0
2.653497416E1,4.038000107E-1,-4.709568918E-1,2.571002722E0,2.644789186E0
2.654498393E1,1.620388031E-1,-4.423538148E-1,2.584985971E0,2.627562738E0
2.655499378E1,3.578319550E-1,-3.929774165E-1,2.691124201E0,2.743104887E0
2.656497293E1,3.354597092E-1,-3.532965779E-1,2.662704706E0,2.706907468E0
2.657498270E1,1.391296387E-1,-3.847067952E-1,2.734214067E0,2.764648792E0
2.658499232E1,1.210031509E-1,-5.656394958E-1,2.791349649E0,2.850653025E0
2.659497170E1,1.630249023E-1,-6.216849089E-1,2.886036634E0,2.956734127E0
2.660498147E1,2.272596359E-1,-5.838207006E-1,2.920464277E0,2.986905614E0
2.661499132E1,4.423494339E-1,-5.819136500E-1,2.769002199E0,2.863855740E0
2.662497047E1,4.419441223E-1,-6.084741950E-1,3.393555880E0,3.475885062E0
2.663498024E1,3.033552170E-1,-5.141106248E-1,2.958876610E0,3.018490503E0
2.664498986E1,1.500396729E-1,-4.329198003E-1,2.691183090E0,2.729908035E0
2.665496924E1,-5.037879944E-2,-3.265618086E-1,2.640817881E0,2.661409348E0
2.666497901E1,-2.149152756E-1,-2.237087488E-1,2.679031372E0,2.696932196E0
2.667498886E1,2.006530762E-2,-1.491236091E-1,2.980523109E0,2.984318762E0
2.668496801E1,1.674327850E-1,-1.315283775E-1,3.176746845E0,3.183874051E0
2.669497778E1,2.587823868E-1,-1.274764538E-1,3.266812325E0,3.279524559E0
2.670498763E1,1.878528595E-1,-1.342977285E-1,3.164347172E0,3.172761825E0
2.671496678E1,-1.175279617E-1,-1.511985064E-1,2.800586700E0,2.807126587E0
2.672497663E1,-4.992451668E-1,-1.304461956E-1,2.604218960E0,2.654848082E0
2.673498640E1,-6.874961853E-1,-1.002533436E-1,2.584141254E0,2.675908773E0
2.674496555E1,-7.109384537E-1,9.495496750E-3,2.507041931E0,2.605913063E0
2.675497540E1,-8.233180046E-1,8.041036129E-2,2.180565834E0,2.332206191E0
2.676498517E1,-7.474999428E-1,2.342224121E-3,2.182727814E0,2.307176274E0
2.677496432E1,-1.314295292E0,1.677788496E-1,1.984303474E0,2.385997095E0
2.678497409E1,-1.461079121E0,2.826801538E-1,2.475525379E0,2.888405472E0
2.679498394E1,-1.416429520E0,1.934207678E-1,2.083763599E0,2.527005128E0
2.680499355E1,-1.235274792E0,1.703301668E-1,1.784969330E0,2.177391027E0
2.681497286E1,-1.327155590E0,2.112736702E-1,1.329538822E0,1.890410538E0
2.682498270E1,-1.711282253E0,2.616488934E-1,2.180137157E0,2.783872324E0
2.683499255E1,-2.140254021E0,2.607436180E-1,2.063817501E0,2.984630159E0
2.684497170E1,-2.574951649E0,3.501454592E-1,1.916532516E0,3.228943283E0
2.685498147E1,-2.436297894E0,3.558748960E-1,1.521112919E0,2.894128345E0
2.686499132E1,-2.272271633E0,2.983797789E-1,6.411433220E-1,2.379771759E0
2.687497047E1,-2.015089035E0,2.614152431E-1,-6.538629532E-2,2.033026590E0
2.688498024E1,-1.860714436E0,2.694687843E-1,-3.543024063E-1,1.913217664E0
2.689499009E1,-1.675345898E0,3.124961853E-1,-5.633382797E-1,1.794933915E0
2.690496924E1,-1.544609070E0,3.746463060E-1,-6.498184204E-1,1.717102505E0
2.691497901E1,-1.523411751E0,4.475752115E-1,-6.251688004E-1,1.706441608E0
2.692498886E1,-1.462809086E0,4.233922958E-1,-5.418634415E-1,1.616380972E0
2.693496801E1,-1.525187969E0,4.275921583E-1,-6.518983841E-1,1.712893721E0
2.694497778E1,-1.583781719E0,4.621701837E-1,-6.032710075E-1,1.756673482E0
2.695498763E1,-1.532599449E0,5.062397718E-1,-6.955490112E-1,1.757534695E0
2.696496678E1,-1.409743786E0,5.976166725E-1,-1.029447079E0,1.845070328E0
2.697497655E1,-1.864367485E0,7.367731333E-1,-1.360386848E0,2.422674792E0
2.698498640E1,-1.887790680E0,7.037570477E-1,-1.215533733E0,2.352987439E0
2.699496555E1,-2.022873640E0,8.185706139E-1,-1.183138371E0,2.482315858E0
2.700497532E1,-2.003524303E0,8.313468099E-1,-1.043667793E0,2.407174613E0
2.701498517E1,-2.034125805E0,8.557744026E-1,-1.074759960E0,2.454613328E0
2.702496432E1,-2.156178713E0,9.065436721E-1,-1.058871746E0,2.567515812E0
2.703497417E1,-2.077475786E0,8.501850367E-1,-8.251628876E-1,2.391571456E0
2.704498394E1,-2.064737797E0,7.308155298E-1,-8.658690453E-1,2.355199081E0
2.705499378E1,-1.896717787E0,6.536981463E-1,-9.137082100E-1,2.204477789E0
2.706497294E1,-1.641784430E0,6.145595908E-1,-1.065185547E0,2.051282490E0
2.707498270E1,-1.545732737E0,5.843802691E-1,-1.301785946E0,2.103672180E0
2.708499232E1,-1.533257723E0,5.946812630E-1,-1.293725014E0,2.092426692E0
2.709497170E1,-1.457080126E0,4.176867604E-1,-1.518166065E0,2.145314178E0
2.710498147E1,-1.274480581E0,4.528071284E-1,-1.127272606E0,1.760704000E0
2.711499132E1,-1.144827843E0,4.061183929E-1,-1.143627167E0,1.668366277E0
2.712497047E1,-1.107637644E0,3.652462363E-1,-1.358369827E0,1.790372741E0
2.713498024E1,-1.102734327E0,5.234435201E-1,-1.288968563E0,1.775234089E0
2.714498986E1,-1.210268259E0,5.196029544E-1,-1.198017120E0,1.780444189E0
2.715496924E1,-1.188682318E0,5.664902329E-1,-1.390788078E0,1.915246281E0
2.716497901E1,-1.336927176E0,5.604629517E-1,-1.496549606E0,2.083543548E0
2.717498886E1,-1.407051444E0,5.980236530E-1,-1.560739994E0,2.184796417E0
2.718496801E1,-1.671509981E0,5.763671994E-1,-1.649819374E0,2.418273916E0
2.719497778E1,-1.850749493E0,5.230208635E-1,-1.471873283E0,2.421824822E0
2.720498763E1,-1.878738999E0,5.824171305E-1,-1.538147926E0,2.496951939E0
2.721496678E1,-2.016006947E0,6.119774580E-1,-1.465981007E0,2.566690618E0
2.722497663E1,-1.961415172E0,6.143056154E-1,-1.573640823E0,2.588603157E0
2.723498640E1,-1.995356321E0,6.343255043E-1,-1.690509319E0,2.691029070E0
2.724496555E1,-1.957507133E0,6.029535532E-1,-1.795075893E0,2.723542661E0
2.725497540E1,-1.947179437E0,5.383458138E-1,-1.731050491E0,2.660424736E0
2.726498517E1,-1.958339453E0,4.629781246E-1,-1.615451813E0,2.580528379E0
2.727496432E1,-1.863721728E0,4.093842506E-1,-1.443342686E0,2.392549321E0
2.728497409E1,-1.619585752E0,3.146995306E-1,-1.408521175E0,2.169337619E0
2.729498394E1,-1.568238497E0,3.792829514E-1,-1.529945850E0,2.223502158E0
2.730499355E1,-1.497014165E0,3.972170353E-1,-1.668734074E0,2.276731471E0
2.731497286E1,-1.391256094E0,4.230866432E-1,-1.904148579E0,2.395908520E0
2.732498270E1,-1.197596192E0,3.564525843E-1,-2.055039883E0,2.405095425E0
2.733499255E1,-1.067212582E0,2.978091240E-1,-2.045957565E0,2.326709120E0
2.734497171E1,-9.900971651E-1,2.476670742E-1,-1.925375938E0,2.179152101E0
2.735498147E1,-9.974491596E-1,2.033360004E-1,-1.628694057E0,1.920649548E0
2.736499132E1,-9.502513409E-1,2.372100353E-1,-1.522103310E0,1.809984723E0
2.737497047E1,-9.915616512E-1,2.935335636E-1,-1.377876759E0,1.722759653E0
2.738498024E1,-1.092357516E0,3.465635777E-1,-1.468299866E0,1.862593824E0
2.739499009E1,-1.244344592E0,4.439918995E-1,-1.570473671E0,2.052293795E0
2.740496924E1,-1.377703428E0,4.952826500E-1,-1.593409061E0,2.163867851E0
2.741497901E1,-1.457254052E0,5.214712620E-1,-1.585519314E0,2.215715041E0
2.742498886E1,-1.370842934E0,4.227182865E-1,-1.460858345E0,2.047439426E0
2.743496801E1,-1.522778869E0,4.145565033E-1,-1.197379112E0,1.981017243E0
2.744497778E1,-1.905489445E0,3.731095791E-1,-9.275293350E-1,2.151839085E0
2.745498763E1,-2.203648090E0,4.202158451E-1,-4.387054443E-1,2.285849673E0
2.746496678E1,-2.008667469E0,4.546816349E-1,-4.426221848E-1,2.106512471E0
2.747497655E1,-2.084467888E0,4.750363827E-1,-3.743362427E-2,2.138239280E0
2.748498640E1,-2.208952188E0,4.478032589E-1,-3.102426529E-1,2.275136926E0
2.749496555E1,-2.293974400E0,4.425017834E-1,-3.672609329E-1,2.364953904E0
2.750497532E1,-2.265559435E0,4.124212265E-1,-4.451494217E-1,2.345422953E0
2.751498517E1,-2.184423923E0,4.068369865E-1,-4.808301926E-1,2.273416347E0
2.752496432E1,-2.347045422E0,4.020226002E-1,-4.795503616E-1,2.429035391E0
2.753497417E1,-2.426484585E0,4.166750908E-1,-3.698482513E-1,2.489625133E0
2.754498394E1,-2.182296276E0,3.781540394E-1,-2.535333633E-1,2.229281651E0
2.755499378E1,-2.067904472E0,2.983961105E-1,-2.069015503E-1,2.099542187E0
2.756497294E1,-1.969084859E0,1.920931339E-1,-1.644134521E-2,1.978500764E0
2.757498271E1,-1.876338720E0,1.068470478E-1,1.671676636E-1,1.886798429E0
2.758499232E1,-1.725420356E0,3.806066513E-2,3.203763962E-1,1.755324772E0
2.759497171E1,-1.550677061E0,-2.337932587E-3,4.798192978E-1,1.623216366E0
2.760498148E1,-1.462376118E0,2.623105049E-2,5.095186234E-1,1.548819294E0
2.761499132E1,-1.403979659E0,7.566928864E-2,4.817514420E-1,1.486260131E0
2.762497048E1,-1.381446600E0,1.680674553E-1,3.729104996E-1,1.440730238E0
2.763498024E1,-1.392895460E0,2.414891720E-1,2.312488556E-1,1.432463199E0
2.764498986E1,-1.426582813E0,3.055410385E-1,1.640548706E-1,1.468130733E0
2.765496924E1,-1.533937573E0,3.077838421E-1,3.270034790E-1,1.598319945E0
2.766497901E1,-1.455780387E0,1.931557655E-1,8.906259537E-1,1.717504083E0
2.767498886E1,-1.107130647E0,1.329016685E-2,1.658016205E0,1.993723309E0
2.768496801E1,-8.917318583E-1,-7.723045349E-2,2.247100830E0,2.418803917E0
2.769497778E1,-7.488531470E-1,-4.703545570E-2,2.369818687E0,2.485766276E0
2.770498763E1,-5.082762241E-1,8.267641068E-3,2.179390907E0,2.237891374E0
2.771496678E1,-1.666319221E-1,2.400302887E-2,1.931745529E0,1.939067594E0
2.772497663E1,1.963958442E-1,1.343796253E-1,1.569228172E0,1.587169263E0
2.773498640E1,4.560851157E-1,2.578473091E-1,1.297436714E0,1.399228679E0
2.774496555E1,5.518986583E-1,4.014675617E-1,1.190344810E0,1.372111184E0
2.775497540E1,6.066587567E-1,5.365180969E-1,1.317228317E0,1.546278421E0
2.776498517E1,5.124211311E-1,6.917030811E-1,1.541577339E0,1.765641317E0
2.777496432E1,3.552623689E-1,8.333644867E-1,1.796375275E0,2.011882662E0
2.778497409E1,2.164978385E-1,9.253695011E-1,2.007471085E0,2.221062850E0
2.779498394E1,6.098550558E-2,9.689490795E-1,1.961546898E0,2.188663470E0
2.780499355E1,-1.591492295E-1,1.022529364E0,1.778726578E0,2.057853983E0
2.781497286E1,-3.104685247E-1,1.093465328E0,1.456660271E0,1.847678617E0
2.782498271E1,-4.564584792E-1,1.201037526E0,1.117464066E0,1.702812797E0
2.783499255E1,-5.302586555E-1,1.271164417E0,7.779312134E-1,1.581837599E0
2.784497171E1,-5.771629810E-1,1.308840394E0,5.267305374E-1,1.524344234E0
2.785498148E1,-6.079830527E-1,1.324894667E0,3.346796036E-1,1.495660291E0
2.786499132E1,-6.251261234E-1,1.221092463E0,2.059736252E-1,1.387182254E0
2.787497048E1,-6.521983147E-1,1.073916674E0,1.015062332E-1,1.260540828E0
2.788498024E1,-6.126622558E-1,9.054955244E-1,4.433345795E-2,1.094185834E0
2.789499009E1,-5.660461187E-1,7.473763227E-1,-6.682014465E-2,9.399172879E-1
2.790496924E1,-4.730740786E-1,7.639374733E-1,-8.038520813E-2,9.021426321E-1
2.791497901E1,-2.409101725E-1,8.514014482E-1,-1.391429901E-1,8.957024668E-1
2.792498886E1,-4.478070736E-1,5.791896582E-1,-3.170986176E-1,7.978366804E-1
2.793496801E1,-4.255396724E-1,4.057770967E-1,-4.567241669E-1,7.445374602E-1
2.794497778E1,-2.936824560E-1,3.225197792E-1,-5.487356186E-1,7.009844307E-1
2.795498763E1,-2.659678459E-3,2.027165890E-1,-6.344280243E-1,6.660330377E-1
2.796496678E1,9.155309200E-2,1.399753094E-1,-5.919876099E-1,6.151620812E-1
2.797497655E1,1.431216002E-1,1.093646288E-1,-6.259193420E-1,6.513213011E-1
2.798498640E1,1.405273080E-1,1.251446009E-1,-7.051944733E-1,7.298687146E-1
2.799496555E1,8.864921331E-2,1.276341677E-1,-7.575531006E-1,7.733277856E-1
2.800497532E1,3.701484203E-2,1.889101267E-1,-8.475456238E-1,8.691321642E-1
2.801498517E1,2.218830585E-2,1.808269024E-1,-7.557945251E-1,7.774419938E-1
2.802496432E1,1.835823059E-5,1.695039272E-1,-8.094673157E-1,8.270241332E-1
2.803497417E1,-5.941808224E-2,1.523066759E-1,-8.627157211E-1,8.780696143E-1
2.804498394E1,-2.751827240E-2,1.490648985E-1,-1.032887459E0,1.043951197E0
2.805499378E1,2.019193172E-1,1.616170406E-1,-1.071320534E0,1.102097620E0
2.806497294E1,-4.386901855E-4,1.349009275E-1,-1.255760193E0,1.262985398E0
2.807498271E1,-1.849319935E-1,1.031757593E-1,-1.105356216E0,1.125458771E0
2.808499232E1,-2.657219172E-1,5.417001247E-2,-1.194535255E0,1.224931428E0
2.809497171E1,-2.828376293E-1,-1.758229733E-2,-1.066040039E0,1.103062839E0
2.810498148E1,5.204904079E-2,-1.759529114E-4,-1.045057297E0,1.046352659E0
2.811499132E1,4.655957222E-2,-7.175350189E-2,-9.083347321E-1,9.123531905E-1
2.812497048E1,8.361625671E-2,-2.047994137E-1,-7.115697861E-1,7.451617534E-1
2.813498024E1,1.037182808E-1,-3.358751535E-1,-5.439805984E-1,6.476762247E-1
2.814498986E1,1.758785248E-1,-4.457687140E-1,-3.573875427E-1,5.978033602E-1
2.815496924E1,2.659370899E-1,-5.477002859E-1,-1.470146179E-1,6.263476965E-1
2.816497902E1,3.015172482E-1,-6.532083750E-1,-1.393508911E-2,7.195748875E-1
2.817498886E1,3.067052364E-1,-7.340011597E-1,9.205913544E-2,8.008125179E-1
2.818496802E1,2.933821678E-1,-7.852908373E-1,8.277606964E-2,8.423815485E-1
2.819497778E1,7.647383213E-2,-7.720898390E-1,-2.722930908E-2,7.763455427E-1
2.820498763E1,-9.642696381E-2,-5.887668133E-1,1.619243622E-2,5.968305578E-1
2.821496678E1,-9.586799145E-2,-3.231329918E-1,2.799177170E-1,4.381318642E-1
2.822497663E1,1.248605251E-1,-4.877722263E-2,8.374271393E-1,8.480881922E-1
2.823498640E1,4.103807211E-1,5.293214321E-2,1.254444122E0,1.320925510E0
2.824496555E1,6.002162695E-1,-2.965807915E-2,1.343656540E0,1.471921217E0
2.825497540E1,7.230181694E-1,-2.122017145E-1,1.059043884E0,1.299753357E0
2.826498517E1,6.722118855E-1,-3.618068695E-1,6.048707962E-1,9.739823971E-1
2.827496432E1,6.887216568E-1,-5.514144897E-1,1.101751328E-1,8.891198007E-1
2.828497409E1,8.270438910E-1,-7.729171515E-1,-3.953323364E-1,1.199037187E0
2.829498394E1,9.584069252E-1,-8.548419476E-1,-8.095026016E-1,1.518088618E0
2.830499355E1,1.139110565E0,-9.539392591E-1,-1.068937302E0,1.830355142E0
2.831497286E1,1.269660592E0,-9.899155498E-1,-1.103410721E0,1.951790469E0
2.832498271E1,1.314771652E0,-1.012742281E0,-1.078063011E0,1.979012704E0
2.833499255E1,1.212166786E0,-1.000883818E0,-9.713878632E-1,1.847893697E0
2.834497171E1,9.874612689E-1,-9.779074192E-1,-8.173780441E-1,1.612293257E0
2.835498148E1,6.666288376E-1,-9.572860599E-1,-4.751329422E-1,1.259580057E0
2.836499132E1,4.448226690E-1,-9.152171612E-1,-2.134103775E-1,1.039727680E0
2.837497048E1,2.019155025E-1,-8.615779281E-1,-4.469585419E-2,8.860497253E-1
2.838498025E1,1.349029541E-1,-8.562902212E-1,1.643247604E-1,8.822892818E-1
2.839499009E1,9.503293037E-2,-8.174545765E-1,2.834348679E-1,8.704013826E-1
2.840496925E1,1.307803392E-1,-7.679957151E-1,2.215929031E-1,8.099532890E-1
2.841497902E1,1.849406958E-1,-6.432486773E-1,1.316194534E-1,6.821257965E-1
2.842498886E1,3.026171923E-1,-5.565944910E-1,-1.535129547E-2,6.337272716E-1
2.843496802E1,4.049077034E-1,-5.049037933E-1,-2.067909241E-1,6.794413699E-1
2.844497779E1,5.270446539E-1,-4.223169684E-1,-4.152488708E-1,7.928173269E-1
2.845498763E1,5.999011993E-1,-3.806121349E-1,-5.684108734E-1,9.098560146E-1
2.846496678E1,6.462860107E-1,-3.653388023E-1,-6.732425690E-1,1.002204373E0
2.847497655E1,6.463917494E-1,-4.190794826E-1,-8.156137466E-1,1.121907166E0
2.848498640E1,5.810453892E-1,-4.888268709E-1,-8.949651718E-1,1.173681436E0
2.849496555E1,4.184398651E-1,-4.979042411E-1,-8.990516663E-1,1.109637081E0
2.850497532E1,2.137786150E-1,-3.823699355E-1,-9.621343613E-1,1.057171033E0
2.851498517E1,3.614330292E-2,-3.096051216E-1,-9.330015182E-1,9.836938054E-1
2.852496432E1,-4.359281063E-2,-3.434756398E-1,-1.013899803E0,1.071386326E0
2.853497417E1,-7.393467426E-2,-3.768568039E-1,-1.077743530E0,1.144123465E0
2.854498394E1,-1.332679987E-1,-4.111366868E-1,-1.124712944E0,1.204895407E0
2.855499378E1,-2.190407515E-1,-4.133762717E-1,-1.075834274E0,1.173148831E0
2.856497294E1,-2.427504063E-1,-3.870828152E-1,-1.087909698E0,1.179961176E0
2.857498271E1,-2.469171286E-1,-3.046944141E-1,-9.202766418E-1,1.000357862E0
2.858499232E1,-1.868902445E-1,-2.532236576E-1,-9.055747986E-1,9.587053249E-1
2.859497171E1,-3.891861439E-2,-1.770877838E-1,-1.349523544E0,1.361649198E0
2.860498148E1,-3.163050413E-1,-1.852819920E-1,7.283325195E-1,8.153812327E-1
2.861499132E1,-2.055494785E-1,-1.318925619E-1,-1.321933746E0,1.344304677E0
2.862497048E1,-2.319957018E-1,-1.963281631E-1,-1.000388145E0,1.045534885E0
2.863498025E1,-2.516299486E-1,-2.410042286E-1,-6.765441895E-1,7.609945529E-1
2.864498986E1,-3.977165222E-1,-1.998543739E-1,-3.621053696E-1,5.737948253E-1
2.865496925E1,-5.879282951E-1,-1.316941977E-1,-2.874412537E-1,6.675518828E-1
2.866497902E1,-7.138048410E-1,-6.729638577E-2,-1.104125977E-1,7.254220126E-1
2.867498886E1,-7.884560823E-1,-3.873395920E-2,-7.783126831E-2,7.932345301E-1
2.868496802E1,-7.797802687E-1,-7.029378414E-2,-7.909011841E-2,7.869267630E-1
2.869497779E1,-7.560981512E-1,-1.687344313E-1,5.751609802E-3,7.747185318E-1
2.870498763E1,-6.579017639E-1,-2.702945471E-1,2.403068542E-2,7.116680033E-1
2.871496678E1,-6.124694347E-1,-3.075386286E-1,-8.894538879E-2,6.910934081E-1
2.872497663E1,-2.628287077E-1,-2.367646694E-1,3.730916977E-1,5.141340809E-1
2.873498640E1,-3.522992134E-3,-1.159694195E-1,5.410861969E-2,1.280197659E-1
2.874496556E1,1.039901972E-1,-1.061120033E-1,2.634677887E-1,3.024714764E-1
2.875497540E1,-2.152023315E-1,-3.422880173E-2,-2.978334427E-1,3.690371444E-1
2.876498517E1,-2.236535549E-1,-8.705210686E-2,-1.461677551E-1,2.810053284E-1
2.877496432E1,-4.148536921E-1,-1.419687271E-2,4.480552673E-2,4.175076912E-1
2.878497417E1,-4.404097795E-1,1.348787546E-1,2.662181854E-2,4.613694545E-1
