Time (s),Linear Acceleration x (m/s^2),Linear Acceleration y (m/s^2),Linear Acceleration z (m/s^2),Absolute acceleration (m/s^2),Velocity (m/s),Position (m)
0.035130695,0.002489805222,-0.001356311142,-0.03356647491,0.03368600523,0.0,0.0
0.045140541,0.02875971794,0.01072672009,-0.09582138062,0.1006176967,4.689817526325099e-05,2.3472175603307586e-07
0.055150387,0.04066818953,-0.00832105428,-0.07906627655,0.08930071484,5.8938347406033625e-05,7.644254025806e-07
0.065129464,0.03681778908,0.01126114279,-0.0869846344,0.09512460014,7.360803222008625e-05,1.4257706667607403e-06
0.07513931,0.04217225313,0.004009015858,-0.0634098053,0.07625860312,0.00015003400045111037,2.545081819843564e-06
0.085149156,0.03407967091,0.00406242907,-0.07808685303,0.08529644726,0.00019043096081449093,4.249082735175882e-06
0.09512831,0.03647917509,-0.0007325187325,-0.09031772614,0.09740923187,0.00020704580484654317,6.232323663152565e-06
0.105138079,0.0516858995,0.008841089904,-0.07377147675,0.09050871703,0.00024762826701993037,8.507914877988964e-06
0.115147926,0.04011240602,0.001381136477,-0.06717014313,0.07824794427,0.00029878972805651724,1.1242695142369961e-05
0.125127079,0.03334146738,-0.003476724029,-0.07445716858,0.08165544079,0.0002883336336533655,1.4172192070558593e-05
0.135136849,0.03711512685,0.006150320172,-0.08648109436,0.09430980204,0.00030171467488552406,1.7125315999240253e-05
0.145146464,0.02256852388,0.001475647092,-0.07691478729,0.08017106903,0.0003398811730431457,2.0336379710922518e-05
0.155125849,0.008227080107,0.01346085966,-0.07028961182,0.07203824761,0.0004144097487597995,2.4100059466260762e-05
0.165135618,0.002659857273,-0.02005796134,-0.06541824341,0.0684758587,0.00038139201681664355,2.8082955387866936e-05
0.175145464,-0.001776576042,-0.0009732991457,-0.0628824234,0.06291504356,0.00027613217749277255,3.13738133510226e-05
0.185124618,-0.01284116507,0.001420900226,-0.05313491821,0.05468303221,0.0002783655175482126,3.414052229675211e-05
0.195134387,-0.02100169659,-0.0106158331,-0.07687759399,0.08039857978,0.00023234594052858954,3.6696574157253096e-05
0.205144233,-0.0141685009,0.006077289581,-0.047914505,0.05033368312,0.00020963087968384547,3.8908634110201184e-05
0.215123387,-0.0286641717,-0.01553975046,-0.05963897705,0.06797003874,0.00016241720251858734,4.076499666405255e-05
0.225133233,-0.03818535805,-0.003634914756,-0.05219650269,0.06477506516,6.644947956172907e-05,4.191045678513001e-05
0.235143003,-0.05469846725,-0.01246878505,-0.03963375092,0.06868935239,-1.4147686041823256e-05,4.2172221246990884e-05
0.245122157,-0.064024508,-0.002955235541,-0.02977848053,0.07067268881,-9.11070244302034e-05,4.1647044764478e-05
0.255131926,-0.04566514492,0.008447647095,-0.02182769775,0.05131390251,-6.361813897596789e-05,4.087266319238649e-05
0.265141772,-0.06780260801,-0.01070937514,-0.02158927917,0.07195819164,-7.49379136881334e-05,4.017920081761872e-05
0.275151387,-0.04783546925,0.0104137361,-0.02535247803,0.05513099092,-7.641753017281821e-05,3.94216959570176e-05
0.285130695,-0.05447441339,-0.001504376531,-0.0179977417,0.05739027417,-3.196290856191925e-05,3.888091506736306e-05
0.295140541,-0.03164374828,-0.005364105105,-0.01257038116,0.0344690428,-6.633913027701325e-05,3.8388920932231196e-05
0.305150388,-0.0384079814,-0.0005829408765,-0.02691078186,0.04690099184,-9.61036404654032e-05,3.757590729153736e-05
0.315129464,-0.04072546959,0.01184049994,-0.004454612732,0.0426451039,-3.9933621730825364e-05,3.6897144202393315e-05
0.325139311,0.008175909519,0.002196542919,-0.0332698822,0.03433009407,3.0320703944690646e-05,3.684903228426192e-05
0.335149157,0.01320654154,0.006973899901,-0.04537391663,0.04776861239,7.621806413469345e-05,3.7382250615014095e-05
0.345128311,0.02265632153,0.004628621042,-0.02398109436,0.03331404996,0.00013410973577390482,3.843169736789864e-05
0.35513808,0.04133743048,-0.009624496102,-0.03134059906,0.05276028083,0.00010910595812217424,3.9648963824435875e-05
0.365147926,0.02398043871,0.002342872322,-0.04109859467,0.04764079108,7.266199178830535e-05,4.0558698417605684e-05
0.37512708,0.02817708254,0.009644918144,-0.0580406189,0.0652356181,0.00013247599537827818,4.1582250200198365e-05
0.385136849,0.03488272429,0.002578340471,-0.03666782379,0.05067525624,0.00019365199295998315,4.321448311404871e-05
0.395146465,0.03704112768,0.002746768296,-0.04400920868,0.05758819605,0.00022030313991793489,4.528624907471718e-05
0.405125849,0.04907816648,0.005058549345,-0.05851268768,0.07653750693,0.0002592492709086914,4.76790679025995e-05
0.415135619,0.058983922,0.009937889874,-0.03708934784,0.07038099483,0.00033430472460927645,5.0649737391457454e-05
0.425145465,0.03590005636,-0.004330612719,-0.0515460968,0.06296481834,0.00036236871500971047,5.413653431289563e-05
0.435124619,0.04445493221,-0.004294045269,-0.05400085449,0.07007690139,0.00031933531987991945,5.753794908618812e-05
0.445134388,0.04863762856,-0.006701871753,-0.04924869537,0.06954112447,0.0002643020252132255,6.0458986588265954e-05
0.455144234,0.04834419489,0.01488561928,-0.04447746277,0.06735716395,0.0003052610514373009,6.330960593054493e-05
0.465123388,0.03195101023,-0.006672717631,-0.05403232574,0.06312594111,0.00034623995660841355,6.656032037576666e-05
0.475133234,0.03027743101,-0.001896351576,-0.05638408661,0.06402721453,0.0003033524250457075,6.981148022733214e-05
0.485143003,0.04808479548,0.007658801973,-0.04435062408,0.06586184525,0.00033219282371967166,7.299231079192664e-05
0.495122157,0.04456341267,-0.01377309859,-0.03948879242,0.061114325,0.0003016850699483107,7.615509335098085e-05
0.505132003,0.01011770964,0.003095902503,-0.0250377655,0.02718165488,0.00024824652567697415,7.890745864235255e-05
0.515141773,0.009390175343,0.02228824049,-0.02254486084,0.03306375368,0.0003752912421804939,8.202819346363585e-05
0.525151388,0.02063775063,0.007942274213,-0.0200510025,0.02985027926,0.0005265891488949299,8.65419312089931e-05
0.535130696,0.01280885935,0.003176689148,-0.02952289581,0.03233820664,0.0005820689289049965,9.207375142151977e-05
0.545140542,0.004898905754,-0.001523286104,-0.02224254608,0.02282653137,0.000590344083828182,9.794158827444735e-05
0.555150388,0.006232559681,0.0128621459,-0.02216243744,0.02637144726,0.0006470942040149583,0.00010413487162235416
0.565129465,-0.009496033192,0.0009173899889,-0.01731204987,0.01976672257,0.0007158477288447566,0.00011093532286962212
0.575139311,-0.004007875919,-0.008557140827,-0.05557823181,0.05637577121,0.0006776113641608807,0.00011790947833376516
0.585149157,0.005940496922,0.01069525629,-0.0196428299,0.02314127864,0.000688312467418305,0.00012474582193468394
0.595128311,0.01313138008,0.005939178169,-0.03640270233,0.0391518035,0.0007713112590029382,0.00013202872690868962
0.605138081,0.01260602474,0.01069702208,-0.03164577484,0.03570424634,0.0008545735280861548,0.00014016609329132004
0.615147927,0.0118470788,0.003551572561,-0.01972103119,0.02327844529,0.0009258866471225724,0.00014907715937280622
0.625127081,0.0179104805,0.005980074406,-0.03176021576,0.03694939657,0.0009734455336012357,0.00015855402353710563
0.63513685,0.03345215321,-0.01061371714,-0.01986408234,0.04032715354,0.0009502546869033016,0.00016818192095335532
0.645146465,0.01288169622,0.006180658937,-0.03431510925,0.03717075955,0.0009280680839609907,0.00017758256484439768
0.65512585,0.02109396458,0.01829825342,-0.02960968018,0.04070030196,0.0010502103293568716,0.00018745356580624178
0.665135619,0.01501142979,0.003969267011,-0.02968883514,0.03350410478,0.0011616566972154163,0.00019852370480359446
0.675145465,0.02102100849,0.008789166808,-0.03694152832,0.04340286587,0.0012255116760801071,0.0002104712986999738
0.685124619,0.0200252533,-0.0008078441024,-0.04418182373,0.04851491451,0.0012653351002815468,0.0002228995704858321
0.695134388,0.01448559761,0.004016011953,-0.03943920135,0.04220677071,0.0012813916098304132,0.00023564564352300752
0.705144235,0.05229157209,0.008769191802,-0.03228664398,0.06207845533,0.0013453805765561006,0.0002487924373677997
0.715123388,0.03274047375,0.008791357279,-0.03709888458,0.05025488853,0.0014330002795777544,0.00026265538119561504
0.725133235,0.0348341465,0.008747585118,-0.04190444946,0.05518986223,0.0015207813445456467,0.0002774388322600585
0.735143004,-0.001225531101,-0.0008027255535,-0.03473091125,0.03476179644,0.0015605444490346893,0.00029286051196379887
0.745122158,0.0971788168,-0.01274581999,-0.09457206726,0.1361985839,0.001492942937807389,0.00030809612239897626
0.755131927,0.07586187124,0.01365505904,-0.09216403961,0.1201486344,0.0014974935742355286,0.00032306291174633386
0.765141773,0.05373817682,0.02558720857,-0.01065254211,0.06046464706,0.0016938981019689724,0.0003390355813485783
0.775151389,0.03541463614,0.006383173168,-0.07749652863,0.08544386052,0.0018539037242543696,0.00035679164831087554
0.785130773,0.023019135,0.006391815841,-0.01498603821,0.02820136924,0.0019176469847126648,0.00037561052471100264
0.795140543,-0.02226316929,0.02321305871,-0.03144454956,0.04498060136,0.002065815977279847,0.0003955472987375346
0.805150389,-0.04109871387,0.01125588268,-0.007190704346,0.04321464342,0.0022383303748283096,0.00041708921981056677
0.815129466,-0.06036937237,0.006497688591,-0.006902694702,0.06110915047,0.002326912502197458,0.0004398676749073376
0.825139312,-0.06415706873,-0.005552098155,0.01006793976,0.06517912759,0.0023316451095191744,0.00046318339704504326
0.835149158,-0.08139491081,0.01604154706,0.007793426514,0.08332586774,0.0023841439936011337,0.00048678555839039945
0.845128312,-0.06412947178,-0.005411222577,0.01261138916,0.06558138163,0.0024371848161440475,0.0005108419497289415
0.855138081,-0.0339127779,-0.00782006979,-0.02575302124,0.04329489692,0.002370963726061481,0.0005349061778415234
0.865147927,-0.0007197260857,0.006586790085,-0.009161949158,0.01130686171,0.0023647912561004934,0.0005586082668741104
0.875127081,-0.006646513939,0.009014427662,-0.01416969299,0.01806145767,0.0024426347333429167,0.0005825952890202396
0.88513685,-0.006099760532,0.009162992239,-0.004855155945,0.01203079567,0.0025336106204554227,0.0006075008222596618
0.895146466,0.01049315929,-0.009830839932,-0.1081104279,0.1090624427,0.0025302681709787147,0.0006328445633460619
0.90512585,0.01747632027,0.004579566419,-0.01264476776,0.02205185594,0.0025040659335410866,0.0006579643399527114
0.91513562,0.0511610508,0.01192724705,-0.1015090942,0.114297019,0.002586680636669883,0.0006834429411007618
0.925145466,0.09167069197,-0.002265140414,-0.05392360687,0.1063785787,0.002635038736400852,0.0007095772444905891
0.93512462,0.07377970219,0.007241308689,-0.1403226852,0.1587020384,0.002659867711173921,0.0007359965879185597
0.945134389,0.07194459438,-0.00713929534,0.01758670807,0.07440622622,0.0026603782762031243,0.0007626238045969705
0.955144235,0.04018050432,0.004935517907,-0.09019088745,0.09885964012,0.0026493485398418216,0.0007891985784623106
0.965123389,0.0450822711,0.007253110409,-0.0399055481,0.06064215981,0.0027101646393488843,0.0008159402821523975
0.975133235,0.04844886065,-0.004677198827,-0.08533859253,0.09824379706,0.0027230568784716025,0.0008431331374910322
0.985143005,0.01896089315,0.007212176919,-0.01820373535,0.02725631937,0.002735744152299582,0.0008704538088879232
0.995122158,-0.01457828283,0.00718716532,-0.0108795166,0.01955877187,0.002807590771950754,0.0008981127025575921
1.005131928,-0.03831017017,0.01913554966,-0.05860900879,0.07258687423,0.0029393329333134302,0.0009268753948062131
1.015141774,-0.03605258465,0.0168453902,0.01334953308,0.0419733971,0.003119414766780361,0.0009571989605216095
1.025151389,-0.03880304098,0.009655602276,-0.02004718781,0.0447302625,0.003252047132681689,0.0009890869008220013
1.035130697,-0.04509049654,0.004863619804,0.03028488159,0.0545342253,0.00332449302721005,0.0010219015607369662
1.045140543,-0.02125304937,0.002505980432,-0.03436470032,0.04048338762,0.003361377308932012,0.0010553638269573413
1.055150389,0.001442909241,0.0072728917,0.01583862305,0.01748825094,0.0034103198109795177,0.0010892556496218202
1.065129466,0.04267770052,0.01684254408,-0.0800409317,0.09225837718,0.0035306447062481037,0.001123887859307661
1.075139312,0.1053247452,0.007298357785,-0.06100654602,0.121935912,0.003651468061232985,0.0011598337806862206
1.085149159,0.1525598764,-0.009438827634,-0.1209001541,0.1948857476,0.003640755173384683,0.0011963308001204048
1.095128312,0.1801607311,0.009648256004,-0.08969974518,0.2014870273,0.0036418001322580684,0.00123266766693339
1.105138082,0.2127363086,-0.01667228341,-0.1301717758,0.2499587831,0.0036066456828541898,0.0012689453046667587
1.115147928,0.2072253525,0.007202640176,-0.07710933685,0.2212240371,0.003559250847630549,0.001304810065027802
1.125127082,0.142973274,0.00938270241,-0.1794490814,0.2296331096,0.003642004691534774,0.001340741284037143
1.135136851,0.1439511478,-0.02187682688,0.07035636902,0.1617113081,0.0035794730416338,0.0013768839460109737
1.145146697,-0.1181889176,-0.005412176251,-0.01947307587,0.1199045979,0.003442893682216386,0.0014120303507416062
1.155125851,-0.04805040359,0.02077141404,0.1326704025,0.1426244321,0.0035195297818259117,0.0014467698987220522
1.16513562,0.03250980377,0.0111463666,0.00462436676,0.03467727783,0.0036792745874254487,0.0014827990831282507
1.175145467,0.3409791291,0.1086759716,-0.2649431229,0.4452775445,0.0042789762237075805,0.0015226295196317848
1.18512462,0.3285503983,0.002885848284,0.1693973541,0.3696608661,0.004835622458498018,0.0015681075070234486
1.19513439,0.532951355,-0.01891752332,-0.2961893082,0.6100189552,0.004755385768585468,0.001616109400234055
1.205144236,0.5862634182,0.02138420194,-0.03853225708,0.5879173534,0.004767731305144314,0.0016637718679080578
1.21512339,0.6013597846,0.04062777013,-0.1666212082,0.6253373756,0.00507714481470943,0.0017128936353635294
1.225133236,0.4712780118,0.01427748054,-0.1808614731,0.5049927557,0.005351941366608478,0.0017650904086613894
1.235143005,-0.02954792976,0.0144122988,0.03168010712,0.04565548923,0.005495530398535665,0.0018193807519629472
1.245122159,-0.185772419,-0.03090929985,-0.02909660339,0.1905607221,0.0054132173415276106,0.001873810788785568
1.255131928,-0.3586843014,-0.08811187744,-0.3298006058,0.4951631757,0.004817530096137134,0.0019250144980597513
1.265141774,-0.4926493168,-0.147562623,-0.4370136261,0.6748770158,0.003637997368371469,0.001967333761944002
1.27515139,-0.4720039368,0.09017740935,1.216856956,1.30830445,0.0033507953920142385,0.0020023113278615228
1.285130698,-0.7765648365,0.1767547727,1.171469688,1.41655795,0.0046826946219087374,0.002042395663443453
1.295140544,-0.2937948704,-0.04856891185,-0.9541807175,0.9995675098,0.005324254985151701,0.002092479675691671
1.30515039,-0.3933241367,-0.09567074478,-0.2211618423,0.4612692581,0.004602346610172096,0.0021421615523279447
1.315129467,0.1201697588,-0.1878618598,0.9193878174,0.9460479946,0.003187649763614925,0.002181030039149815
1.325139313,-0.355869174,0.0002351477742,-0.3731918335,0.5156695346,0.002248592517182623,0.002208238013174551
1.335149159,-0.744124651,0.00742264837,-0.7244768143,1.038577511,0.002286919197234041,0.002230937900070804
1.345128313,-0.8340169191,0.1056992859,0.2181959152,0.8685424675,0.0028513497986631473,0.002256575688872546
1.355138082,-0.7383227348,0.01997166127,-0.0002164840698,0.7385928343,0.0034803183742546026,0.0022882649567703256
1.365147929,-1.240455389,0.04905575514,-0.9686079025,1.574591156,0.003825795312789292,0.0023248314968562825
1.375127082,-1.0929389,-0.05625150353,0.7693843842,1.337771281,0.0037898915757226355,0.0023628305491865597
1.385136852,-0.8829667568,-0.10739398,1.103931427,1.417684152,0.00297086474988558,0.002396667357109252
1.395146467,-0.9584608078,0.09042086452,-1.780974865,2.024523283,0.0028859175742329104,0.0024259794252108674
1.405125852,-1.360430956,0.03127778322,-0.7807397842,1.568854772,0.0034931564041213344,0.002457809042797607
1.415135621,-1.165797949,-0.1516140997,0.07781505585,1.178187963,0.002890887038983498,0.0024897604428733284
1.425145467,-0.7638478279,-0.08735915273,0.6599225998,1.01320924,0.0016948443115117598,0.0025127116751812438
1.435124621,0.2266163826,-0.01453859359,4.257868767,4.263919886,0.0011864176601216621,0.00252708795364588
1.44513439,0.392203331,-0.08070735633,1.800270081,1.844263943,0.0007097226816792752,0.0025365779170523845
1.455144236,-0.7393140793,-0.1838006973,0.8984441757,1.177951587,-0.000614119759618744,0.0025370564023158722
1.46512339,-1.393208504,-0.2061766982,0.2982301712,1.439611059,-0.002559942002725456,0.0025212191767499
1.475133236,-1.330123663,-0.2002933323,-0.8693552017,1.601600713,-0.004594293207185605,0.0024854127804004064
1.485143006,-1.408343315,-0.1751591116,-0.1737298965,1.429787986,-0.006473389511874041,0.002430020301175026
1.49512216,-1.250715733,-0.2281690538,-0.1834001541,1.284518033,-0.008485826449406085,0.0023553801412765896
1.505131929,-1.093347311,-0.2206766307,-0.1805763245,1.129917841,-0.010732247258652038,0.0022591959020552715
1.515141775,-1.113610506,-0.166728422,-0.05672168732,1.127450254,-0.012671179717226477,0.0021420635521048766
1.52515139,-1.157364368,-0.04677639902,-0.1289720535,1.165467333,-0.013739730246753528,0.0020098820318353253
1.535130698,-1.184198618,0.03032290936,-0.2584438324,1.212451673,-0.013821827467249505,0.0018723593951414205
1.545140544,-1.053476572,0.1147756577,-0.2337360382,1.085181494,-0.01309562031170387,0.001737639641651238
1.555150391,-1.103999853,0.1228377074,-0.2218122482,1.132742447,-0.011906383596800792,0.0016125065247424703
1.565129467,-1.144292355,0.1524832398,-0.1671056747,1.166439213,-0.010532659268550395,0.0015005460676821712
1.575139314,-1.221934795,0.1191245019,-0.06891822815,1.229660528,-0.009173283299334126,0.001401919332634515
1.58514916,-1.378053188,0.1372577995,-0.02544784546,1.385105731,-0.007890109622264335,0.0013165183649431697
1.595128314,-1.389238358,0.1151997745,-0.07802391052,1.396188359,-0.006630453117558131,0.0012440668990694943
1.605138083,-1.319606781,0.1120515615,-0.2119207382,1.34120394,-0.005493086428407458,0.0011833899839107551
1.615147929,-1.413062096,0.09391456842,-0.216170311,1.432582994,-0.004462241807549863,0.001133564332650063
1.625127083,-1.348412514,0.008420184255,-0.138335228,1.35551608,-0.003951634679301992,0.001091582648050426
1.635136852,-1.03121233,0.0876210928,0.04018497467,1.035708046,-0.003470959180409214,0.001054433423092162
1.645146468,-1.278968811,-0.08787089586,-0.05615901947,1.283213291,-0.0034722093967623265,0.001019684197451785
1.655125852,-1.001340866,-0.08658109605,-0.1983442307,1.024460956,-0.004342671105179717,0.000980690350730289
1.665135622,-0.5296630859,-0.09924799204,-0.09794235229,0.5477096429,-0.0052727243207250285,0.0009325664023941101
1.675145468,-0.2525987625,-0.04257594049,-0.2729539871,0.3743297004,-0.005982542182594873,0.0008762346602005148
1.685124622,0.01790904999,0.0118457675,-0.4950246811,0.4954901524,-0.006135872746951799,0.0008157688957915919
1.695134391,0.1740198135,0.02912473679,-0.5216441154,0.5506757022,-0.005930820105073593,0.0007553764917702288
1.705144237,0.1848883629,0.04345953465,-0.6562004089,0.6831335262,-0.005567541415505294,0.0006978280777335687
1.715123391,0.1251511574,0.01133596897,-0.6652607918,0.6770252857,-0.005294135030939524,0.0006436329067549456
1.725133237,0.1879076958,-0.04893438518,-0.6065211296,0.6368451592,-0.005482312208992525,0.0005896976181055233
1.735143006,0.2925691605,-0.05421330035,-0.515185833,0.5949388524,-0.005998554461512488,0.000532237206459747
1.74512216,0.5328416824,-0.2034928203,-0.4719138145,0.7402919929,-0.0072843989938669584,0.0004659608874067149
1.755131929,0.5469608307,-0.3125686049,-0.2519841194,0.6784992849,-0.009867226821898362,0.00038011898121159075
1.765141776,0.4451169968,-0.354699105,-0.1336874962,0.5846477081,-0.013206850663968078,0.00026463498856175603
1.775120929,0.3337826729,-0.3209314942,-0.0486369133,0.4655893534,-0.016577961224417303,0.00011602139110654828
1.785130699,0.2744579315,-0.2025744021,-0.07414054871,0.3490850405,-0.019198048032220708,-6.303342098185901e-05
1.795140545,0.2542643547,-0.110495314,-0.1440739632,0.312437007,-0.020764937854933066,-0.0002630450881971501
1.805150391,0.2540836334,-0.09265124798,-0.1532526016,0.310852226,-0.021781670755357693,-0.0004759875882027921
1.815129468,0.2141919136,-0.1191899478,-0.04416513443,0.2490682208,-0.022838660557588052,-0.0006986224491714931
1.825139314,0.1772699356,-0.1284086406,-0.1169185638,0.2481599477,-0.024077872427438744,-0.000933436084188512
1.83514916,0.151720047,-0.09898811579,-0.1501893997,0.2353178181,-0.02521597568362045,-0.0011801479983580584
1.845128314,0.1808004379,-0.0351883173,-0.1895279884,0.2642874844,-0.025885459328108356,-0.0014351225431595764
1.855138084,0.1934585571,0.05731198192,-0.3320684433,0.388561871,-0.025774732930906687,-0.0016936758644938348
1.86514793,0.1321749687,0.08294969797,-0.3651871681,0.3971303848,-0.02507273402320659,-0.001948163521344216
1.875127084,0.1529035568,0.1306642592,-0.4421615601,0.4857566176,-0.024006890735632166,-0.0021930500882095497
1.885136853,-0.1574287415,0.3563933671,0.1010489464,0.402505814,-0.021569223571156544,-0.0024211532762738208
1.895146468,-0.9705467224,0.2078172863,-0.9619603157,1.382214388,-0.01874545786144027,-0.002622920496267796
1.905125853,-0.3885583878,0.2469168603,-0.4747920036,0.6613418203,-0.016476474300656387,-0.0027986671070125155
1.915135622,-0.1971502304,0.2317961454,-0.7547683716,0.813801549,-0.014080570998480032,-0.002951601589395962
1.925145468,-0.1075224876,0.1915636957,-0.604133606,0.6428336867,-0.011961687592482298,-0.0030819410883898167
1.935124622,-0.00653219223,0.2070018947,-0.7143545151,0.7437706818,-0.009973013889631028,-0.0031913859704068358
1.945134391,0.1252737045,0.1592428386,-0.7858576775,0.8115565735,-0.008140001300731213,-0.003282039519381345
1.955144238,0.2717404366,0.06242260337,-0.6981973648,0.7518104858,-0.007030582721077691,-0.0033579671318608195
1.965123391,0.5165328979,0.04008510709,-0.9241943359,1.059503762,-0.006519112657897661,-0.003425574373505915
1.975133238,0.6077384949,-0.08895714581,-0.7886075974,0.9995806093,-0.006763713472980296,-0.003492053902154759
1.985143007,0.6371440887,-0.007911145687,-0.9000477791,1.102769777,-0.007248528083635116,-0.00356218355273172
1.995122161,0.5081295967,-0.01176047325,-0.6014719009,0.7874658363,-0.007346681141035936,-0.0036350074729893265
2.00513193,0.4748511314,0.01836711168,-0.5986347198,0.7643196161,-0.007313615678760525,-0.0037083805653081257
2.015141776,0.5430026054,0.01491856575,-0.5678181648,0.7858065038,-0.007147023426220538,-0.0037807549505593447
2.02512093,0.5792217255,-0.004902750254,-0.5775871277,0.8180028938,-0.0070970487435854535,-0.0038518268454441475
2.035130776,0.5480937958,-0.03849802911,-0.4948344231,0.7394254617,-0.007314266302442262,-0.003923954367578257
2.045140546,0.5137624741,-0.05616180599,-0.4104752541,0.6599969412,-0.007788027891236722,-0.003999539613253788
2.055150392,0.5199666023,-0.07510998845,-0.4150524139,0.6695336319,-0.008445033114480749,-0.0040807848336417065
2.065129469,0.5289173126,-0.1022617519,-0.3858647346,0.6626481592,-0.009330036241769087,-0.004169474226534887
2.075139315,0.504357338,-0.07868234813,-0.4540710449,0.6831893955,-0.010235647529723535,-0.004267398967253556
2.085149161,0.5625829697,-0.06699462235,-0.4883160591,0.7479575194,-0.010964749549849207,-0.004373505322206242
2.095128315,0.4344420433,0.02359750867,-0.4755167961,0.6445253717,-0.011181282790133326,-0.004484004655811078
2.105138084,0.3394036293,0.1146365851,-0.411968708,0.5459437578,-0.010489437116852319,-0.00459246410597739
2.11514793,0.2564353943,0.1982961446,-0.4668388367,0.5683475801,-0.008923232900524007,-0.004689623024638767
2.125127084,0.08461380005,0.3262994885,-0.392865181,0.5176619571,-0.006305722595307855,-0.004765609070714792
2.135136853,0.06262493134,0.3511406779,-0.2816972733,0.4545052381,-0.0029152128068149793,-0.004811758787384379
2.145146469,0.05943393707,0.3676472008,-0.179418087,0.4133856639,0.0006821825188058294,-0.00482293467523405
2.155125853,0.08423614502,0.3397189081,-0.1445569992,0.3786837607,0.0042117215334552035,-0.004798515601335716
2.165135623,0.09824848175,0.2791789174,-0.1346411705,0.3251490072,0.007309233976832745,-0.004740854543916609
2.175145469,0.1152954102,0.2442335635,-0.1569123268,0.3123532351,0.009928873140976213,-0.004654579145126223
2.185124623,0.04758167267,0.2200569361,-0.167195797,0.2804344937,0.012245486339098943,-0.004543938471074705
2.195134392,-0.02225399017,0.2248712778,-0.1581864357,0.2758356034,0.014472300660459701,-0.004410219033046315
2.205144238,0.7290940285,0.1330495328,0.0339384079,0.7419111106,0.016263666757610283,-0.004256387882788366
2.215123392,-0.1742105484,0.1790364981,-0.1013450623,0.2695815358,0.017820844039410255,-0.004086320591659296
2.225133238,-0.6624450684,0.1075000167,-0.6543421745,0.9373117963,0.019254937232672614,-0.00390075916122768
2.235143008,-0.1652145386,0.176841706,-0.2347979546,0.337192693,0.02067803485548799,-0.003700899228218228
2.245122161,-0.1947488785,0.174643293,-0.3858718872,0.4661807791,0.022431796146600867,-0.0034857994285312395
2.255131931,-0.2335109711,0.2317030877,-0.3561763763,0.4848456512,0.02446551305217066,-0.0032510837891819373
2.265141777,-0.2230443954,0.2495213747,-0.3664207458,0.4962598934,0.026874004432199054,-0.0029941334573155135
2.275120931,-0.1789293289,0.2494099587,-0.3829193115,0.4907629075,0.029363460737910983,-0.0027135322945644365
2.285130777,-0.174448967,0.1359793693,-0.3051643372,0.3768926951,0.03129230464957272,-0.002409954859294016
2.295140546,-0.181060791,0.0698633641,-0.2379560471,0.3070618505,0.032322523755403995,-0.0020915699906397934
2.305150392,-0.0935125351,0.03028202057,-0.2265081406,0.2469160439,0.032823743694482724,-0.0017655179383157045
2.315129469,0.0167016983,0.01106637716,-0.2531528473,0.2539444339,0.03303005311686987,-0.0014369378837542797
2.325139315,0.04902458191,0.01279574633,-0.2890262604,0.2934336721,0.033149481207553816,-0.0011057144102846824
2.335149162,-0.04005336761,0.09273636341,-0.2295937538,0.2508338038,0.03367766134359612,-0.0007712496740925797
2.345128315,-0.09692668915,0.08887714148,-0.227437973,0.2627203093,0.034583835819677916,-0.0004306537119918846
2.355138085,-2.829323769,0.7652542591,3.397109032,4.486762401,0.03885866525446972,-6.308244000340226e-05
2.365147931,7.851532459,-2.127046585,-10.58092117,13.34641457,0.03204299952134932,0.0002917749327713839
2.375127085,-1.284525871,-0.07271927595,5.346819878,5.499434299,0.021067098376168197,0.000556771855708581
2.385136854,0.715470314,-0.6019998193,-1.46870923,1.741094011,0.017690207234497355,0.0007507476938211694
2.395146469,-0.6674547195,-0.06101582944,0.4502792358,0.8074466696,0.014371941543066046,0.0009112125764892342
2.405125854,-1.063444138,0.6621542573,0.3409705162,1.298315288,0.017371437448020832,0.0010696022765657154
2.415135623,-0.4917020798,0.2355308235,-0.1680085659,0.5705020441,0.021864247594797926,0.0012659723484833977
2.425145469,-0.2617206573,-0.04349850118,-0.1113035679,0.2877121935,0.022825354581520706,0.0014896403662765048
2.435124623,-0.2473468781,-0.3134153783,-0.477458477,0.6223955934,0.021044505297486478,0.0017085324101220277
2.445134393,-0.4038953781,-0.1982152462,-0.4636356831,0.6460486103,0.018483852859385818,0.0019063672969359838
2.455144239,-0.290848732,-0.2015121728,-0.7282061577,0.8096198792,0.01648324790630208,0.0020813749438014927
2.465123393,-0.3336219788,-0.2061458826,-0.5328052044,0.6615747391,0.014449206649213552,0.002235714807605236
2.475133239,-0.2869501114,-0.2020641863,-0.5236632824,0.6303915729,0.01240614668654436,0.002370123783188497
2.485143008,-0.2621955872,-0.1638309658,-0.3839128017,0.4929261107,0.010574883711173875,0.0024851411860200693
2.495122162,-0.2628574371,-0.2172358185,-0.110152483,0.3583559719,0.008673521648766667,0.002581182586690704
2.505131931,-0.2030391693,-0.1115629375,-0.503098011,0.5538761612,0.007027921851242939,0.0026597664978915297
2.515141777,-0.1987743378,0.0149249658,-0.4929475784,0.5317248415,0.006544256244008261,0.0027276942042005485
2.525120931,-0.1581459045,-0.0003695636988,-0.5511767864,0.5734161783,0.006616881543558158,0.00279336271459922
2.535130701,-0.1910610199,-0.03722776473,-0.6074774265,0.6379020642,0.006428711238464785,0.0028586544062300743
2.545140547,-0.2563610077,-0.07038658857,-0.6265869141,0.6806514519,0.0058901096865034905,0.0029203091564103294
2.555150393,-0.2645778656,-0.09977628291,-0.6030728817,0.66607331,0.005038457617287195,0.002975005794266119
2.56512947,-0.2924451828,-0.0840190351,-0.6089568138,0.6807435525,0.004121403801956546,0.003020709275472101
2.575139316,-0.2393140793,-0.05196494609,-0.6304085255,0.676303551,0.0034408144468671487,0.0030585575955166585
2.585149162,-0.1744852066,0.009994592518,-0.6223964691,0.6464691361,0.003230756058956514,0.003091948292187377
2.595128316,-0.1147851944,-0.0002276711166,-0.7024264336,0.7117433437,0.0032794888653417463,0.0031244316605260215
2.605138085,-0.08278179169,0.1063005626,-0.256424427,0.2896655337,0.0038103714357972116,0.0031599155924543583
2.615147931,0.05702400208,0.09619060904,-0.2466776371,0.2708398544,0.004823824158035194,0.0032031290765684286
2.625127085,-0.0433511734,0.01509067416,-0.4965789318,0.4986959877,0.0053790706892203905,0.0032540372060317125
2.635136855,-0.08858108521,0.04502294585,-0.4810357094,0.4911914372,0.005679932444304137,0.0033093862449296418
2.64514647,-0.08334159851,0.04231916741,-0.7261439562,0.7321350825,0.006117062907813634,0.003368427935745386
2.655125855,-0.1221542358,0.02825418487,-0.6570266485,0.6688826303,0.006469202234385018,0.0034312295285284277
2.665135624,-0.1376085281,-0.01376483589,-0.5643692017,0.5810664106,0.0065417197525101094,0.003496347690311347
2.67514547,-0.1155195236,0.0187067464,-0.6501104832,0.660559114,0.00656645363408555,0.0035619530887819077
2.685124624,-0.05362129211,0.006124328822,-0.5007978678,0.5036975826,0.006690350195898515,0.0036280989322655098
2.695134393,-0.2389411926,0.09388583153,-0.5318880081,0.5906033323,0.007190889497286745,0.0036975729336467165
2.705144239,-0.4548282623,-0.2638548613,-0.9867956638,1.118147494,0.006340207590903189,0.003765295032678631
2.715123393,-0.1806240082,-0.1841749549,-0.4636316299,0.5305654857,0.004104728324677481,0.0038174108446894857
2.725133239,-0.07507228851,-0.02673471719,-0.1446323395,0.1651336042,0.0030491416559117832,0.0038532154130943466
2.735143009,-0.03754520416,-0.04693849757,-0.5110253096,0.5145480851,0.0026804156884576674,0.0038818911887038223
2.745122163,-0.05070114136,0.06642462313,-0.422626853,0.4308088824,0.002777643212370954,0.003909124593860042
2.755131932,-0.06670188904,-0.03784618527,-0.2005728483,0.2147345879,0.002920674993050679,0.003937644018322424
2.765141778,0.07275676727,0.01579429209,-0.2382102013,0.2495738505,0.002810306965680554,0.003966327141740263
2.775120932,0.1016540527,0.06929609179,-0.1851198673,0.2222720406,0.003234871988009384,0.003996490027608479
2.785130701,0.08265304565,0.02274170145,-0.2061983347,0.2233080029,0.0036955105128104572,0.004031175791565903
2.795140547,0.04697132111,0.0222369656,-0.271781683,0.2767057478,0.003920625278038344,0.004069293964756645
2.805150393,0.03053951263,0.01505501941,-0.3644646406,0.3660516216,0.0041072687915305476,0.004109472956426994
2.81512947,0.09303092957,0.04642865062,-0.3892167807,0.4028648356,0.0044140439302665325,0.004151990374322941
2.825139317,-0.1293392181,0.01845270023,-0.442468524,0.4613540183,0.004738770127847445,0.004197799508493526
2.835149163,-0.07409286499,-0.1743513346,-0.2348725796,0.3017503424,0.003958509467020442,0.004241328723175311
2.845128317,0.05778312683,0.07409487665,-0.4702916741,0.4795864878,0.003458272150331664,0.0042783353261472735
2.855138086,0.05978679657,0.0008241757751,-0.4491671026,0.4531293704,0.0038332333545687447,0.004314828469030415
2.865147932,0.03755664825,0.03024630621,-0.4807079136,0.4831205223,0.003988738724477057,0.004353976836994189
2.875127086,0.04817008972,0.01613404602,-0.5121744871,0.5146876434,0.0042201570632157594,0.004394935754611857
2.885136855,-0.01869773865,0.01319864765,-0.589489758,0.5899338815,0.004366963807107988,0.004437913302755367
2.895146471,-0.2062606812,0.04287059233,-0.7863777876,0.8141077208,0.004647579587913813,0.004483029361655119
2.905125855,3.998339176,0.3131691515,-2.660123348,4.812592577,0.006424108249384449,0.004538273673883385
2.915135625,-0.9754972458,0.3161875606,2.31178689,2.529017215,0.009573966217423032,0.004618342196811192
2.925145471,-1.291249275,-2.483553886,-1.234345436,3.059243902,-0.0012735353539969005,0.004659885214149463
2.935124625,-0.7925701141,-1.715968013,-4.235816956,4.638411246,-0.022227373232243254,0.004542625621188458
2.945134394,0.8666753769,-1.513255954,-6.388670444,6.622399855,-0.038389266211710515,0.004239246341993317
2.95514424,0.3471431732,0.2000393867,1.326440334,1.385629135,-0.04496181401337133,0.00382208060349996
2.965123394,2.939835548,0.7498877048,-1.426280141,3.352497526,-0.04022207964594612,0.003397049006926991
2.97513324,1.374186516,-0.05694251508,-4.123518467,4.346842024,-0.03675394232817713,0.003011789944100197
2.985143009,-3.387833595,-1.794358015,-0.1809866875,3.837954317,-0.046019487656016565,0.002597518487360459
2.995122163,-0.007399559021,-0.2385712862,3.259281397,3.268009522,-0.056162944939909976,0.0020876713718757825
3.005131932,-0.005116462708,0.8466506004,2.598205805,2.732675762,-0.05311957820549982,0.0015407249656644389
3.015141779,-0.1559438705,1.135358214,-1.147471428,1.621742101,-0.04319977571310205,0.0010586539677324078
3.025120932,0.5958623886,0.1059195995,1.011542678,1.178766108,-0.03700632510489096,0.0006584594919343117
3.035130702,0.6079473495,-0.9631043673,-4.602738857,4.741558287,-0.04129643629148162,0.00026656317596303076
3.045140548,-0.6850233078,0.9344934821,3.151404142,3.357660356,-0.04143963156886946,-0.00014752447300080075
3.055150394,0.4403553009,-0.2064914852,-1.90134275,1.962563572,-0.03779603763053873,-0.00054409289619731
3.065129471,-0.2851638794,0.0572524555,0.5235358477,0.5989040537,-0.038540671514929535,-0.0009249778454419303
3.075139317,-0.1558952332,-0.06396707892,-0.5869973898,0.610705368,-0.038574277688120634,-0.0013109322283521075
3.085149163,-0.1032390594,0.04089000821,-0.2397819757,0.2642455147,-0.03868977665008974,-0.001697632870982666
3.095128317,0.02606868744,-0.06827296317,-0.5844944715,0.5890454662,-0.03882640601235019,-0.0020844058331229683
3.105138087,0.1099128723,-0.1312326938,-0.91243577,0.928354401,-0.03982490888233448,-0.002478046619269649
3.115147933,0.02136516571,-0.03208089992,-0.7100485563,0.7110939507,-0.040642280843756366,-0.002880778707875124
3.125127087,-0.1352872849,-0.0254124552,0.1558089852,0.2079059456,-0.040929148366115956,-0.003287785634917842
3.135136856,-0.06977653503,-0.02238295227,-0.8607278466,0.8638415291,-0.04116835886013374,-0.0036986741763231305
3.145146471,0.02799606323,-0.1306559145,0.3099286854,0.337506352,-0.041934288928335735,-0.00411458693124472
3.155125856,-0.04916667938,-0.03044131771,-0.2319651544,0.2390645709,-0.042738114579664754,-0.004537076187985576
3.165135625,-0.01061344147,0.1839824319,0.4433072805,0.4800869977,-0.041969659037142504,-0.004961028811189837
3.175145471,-0.06303215027,0.1447219998,0.4382494092,0.4658111783,-0.04032451866672525,-0.005372904833946012
3.185124625,-0.01754951477,0.04040631652,-0.1768751442,0.1822785575,-0.03940080667756627,-0.005770700483601399
3.195134394,-0.08948326111,0.05631649494,-0.07548806071,0.1299124664,-0.03891672017769368,-0.006162670659837634
3.205144241,-0.07773399353,0.02894866653,-0.1456950009,0.1676533099,-0.03848997456732118,-0.006550085245424287
3.215123394,-0.02522468567,0.03648293763,-0.1122615337,0.1207060125,-0.03816349857284715,-0.006932553613647843
3.225133241,-0.02294540405,0.0081498418,-0.09229248762,0.09545058805,-0.03794011492620762,-0.007313446377284182
3.23514301,-0.04941272736,0.06069675088,-0.3687082529,0.3769237177,-0.03759554568162568,-0.007691493634257581
3.245122164,-0.05905437469,0.01022606436,0.07121172547,0.09307578314,-0.037241670833928917,-0.008064899688527622
3.255131933,-0.004013061523,-0.02630757727,-0.366196543,0.3671622276,-0.037322156948628726,-0.008438083034457209
3.265141779,-0.06859397888,-0.07491773367,-0.2722270489,0.2905604359,-0.03782878183553448,-0.00881420769644966
3.275120933,-0.09006595612,0.014850582,-0.1115548313,0.1441419322,-0.03812849151396263,-0.009193202360537034
3.285130702,-0.0132818222,0.05683349818,0.4414882064,0.4453294171,-0.037769720972172995,-0.009573064147786595
3.295140548,0.01796913147,0.05856741592,0.6605495214,0.6633842794,-0.03719214828297288,-0.009948242531344667
3.305150395,-0.07779884338,0.2254972905,0.2391653359,0.3377894995,-0.03577042615829081,-0.01031341463478625
3.315129472,1.308209419,0.3966507912,0.3056459427,1.40077235,-0.03266619435194748,-0.010654881787631977
3.325139318,-0.04291725159,-0.5368151665,-2.097953081,2.1659685,-0.03336770625766708,-0.01098537637557275
3.335149164,-0.2921772003,0.3445611,2.367046595,2.409771659,-0.03432992305693646,-0.011324197797574882
3.345128318,0.05672264099,0.6390978098,-0.3481108546,0.7299620782,-0.029421881184753394,-0.011642292333727714
3.355138087,0.004039764404,-0.2490105629,-0.2880178988,0.3807583094,-0.02746953956909594,-0.011927027323641629
3.365147933,-0.09178447723,-0.2928092182,0.481903255,0.5713076016,-0.030181305853378294,-0.012215565365866014
3.375127087,0.1978244781,0.04818060622,-0.8901550174,0.9131439371,-0.03140189914925566,-0.01252283950913345
3.385136856,0.190747261,-0.1877470464,-0.004491478205,0.2676819837,-0.032100413062432706,-0.012840661247235884
3.395146472,-0.1421852112,-0.1586281359,-0.5398299098,0.5803411508,-0.033833954345809214,-0.013170650096715595
3.405125856,-0.292974472,0.1962336451,0.3234083652,0.4784711647,-0.033646314437398045,-0.013507355854021021
3.415135626,-0.3600873947,0.1943847239,0.1887690127,0.4506463057,-0.03169131442166549,-0.013834363172633313
3.425145472,-0.204413414,0.1796029061,0.5299175978,0.5956968257,-0.029819535130563006,-0.0141422202383068
3.435124626,-0.3193922043,-0.09432087094,0.4187690318,0.5350470155,-0.029394013849415486,-0.014437670800385669
3.445134395,-0.4847574234,-0.05699957907,0.4180009365,0.6426223576,-0.03015135522420358,-0.014735688495109013
3.455144241,-0.5977296829,0.03314977139,0.5986322165,0.8466051097,-0.03027072167520679,-0.01503809633749064
3.465123395,-0.6582660675,-0.01978065819,0.679068923,0.9459598788,-0.030204015455473673,-0.015339839694958925
3.475133241,-0.7628593445,0.009573373012,0.8993570805,1.179359651,-0.030255102131828606,-0.01564243292313132
3.48514301,-0.808382988,0.072331734,0.9454624057,1.246039364,-0.02984517653127341,-0.015943227876257956
3.495122164,-0.7638120651,0.08945654333,0.8159440756,1.121238636,-0.029037921463838,-0.01623702962770312
3.505131934,-0.7180337906,0.08220168203,0.9719237089,1.211183445,-0.028178791786607125,-0.01652339269759957
3.51514178,-0.5612068176,0.08659275621,0.5612333417,0.798394803,-0.027333988620387672,-0.016801229889052485
3.525120934,-0.6191158295,0.03581665084,0.7958253622,1.008922817,-0.026723217458387363,-0.017070952481187396
3.535130703,-0.4540052414,-0.1631681919,0.1273187995,0.4989535998,-0.02736059721228969,-0.01734163572693355
3.545140549,-0.4825973511,-0.002353650518,0.8230564594,0.9541109361,-0.028189021288409912,-0.017619657290208927
3.555150395,-0.4113016129,0.06056363136,0.4407938719,0.6059176575,-0.02789768481646423,-0.017900366935587452
3.565129472,-0.3257684708,0.04221409559,0.499874413,0.5981484391,-0.02738487139090471,-0.018176201378162535
3.575139318,-0.3105211258,0.07648988068,0.4552104473,0.5563188139,-0.026790767129879534,-0.018447346277434894
3.585149165,-0.1941547394,-0.01844546571,0.5113017559,0.5472346696,-0.02650025927335244,-0.018714063787819542
3.595128318,0.07159233093,0.06619367003,-0.1297873259,0.1623324174,-0.026262015955160166,-0.018977325196386265
3.605138088,0.2395038605,-0.7994693518,-2.656815529,2.784812758,-0.029931976415715583,-0.01925856966589337
3.615147934,-0.1014347076,0.168897301,3.134637833,3.140823083,-0.033087940975921666,-0.019573979499904876
3.625127088,0.08372783661,0.5925455093,0.7634948492,0.9700746961,-0.02928866344283332,-0.019885212370650805
3.635136857,0.03099536896,0.07040689886,-0.6779839993,0.6823343371,-0.02597066321099572,-0.020161778918100986
3.645146472,0.5682268143,0.134149313,0.3043324947,0.6584041449,-0.024946898747707204,-0.020416611514073615
3.655125857,0.2854547501,0.1948562264,0.2331705093,0.4169194763,-0.023305262275304595,-0.020657374960038926
3.665135626,0.505358696,0.1696564555,-0.8448843956,0.9989996829,-0.021480918403609803,-0.020881524621533032
3.675145472,0.5563631058,-0.007114143111,-0.139988184,0.573748384,-0.020667406645860913,-0.021092473742984605
3.685124626,0.5270090103,-0.06898081303,-0.5623755455,0.7737978442,-0.02104708828883805,-0.02130061142747739
3.695134396,0.5288791656,-0.08461911976,-0.573870182,0.7849844286,-0.021815838288459722,-0.021515135445760208
3.705144242,0.4355659485,-0.04488631338,-0.2068581581,0.4842755148,-0.02246400300940707,-0.02173675264190825
3.715123396,0.3940191269,0.0234561339,-0.2893955708,0.4894395355,-0.02257093054004635,-0.021961457910543138
3.725133242,0.4332008362,0.02818308771,-0.4813489914,0.6481929515,-0.022312480212108365,-0.022186095925335044
3.735143011,0.4233570099,-0.02587086521,-0.442486763,0.612939634,-0.022300907805557563,-0.02240938077951714
3.745122165,0.2992219925,-0.06375621259,-0.5640666485,0.6416929479,-0.022748109011525665,-0.02263415631770028
3.755131934,0.4049921036,-0.08146481961,-0.4329922199,0.5984458065,-0.023474923504657432,-0.022865497256683517
3.76514178,0.4090909958,-0.07966478169,-0.6845145226,0.8014125354,-0.02428136475218463,-0.023104513802174816
3.775120934,0.4061565399,-0.05393923819,-0.4921140671,0.6403505535,-0.02494799229688541,-0.02335014746983164
3.785130704,0.3118782043,-0.01857238077,-0.3817744255,0.4933200377,-0.025310904610944044,-0.023601687469082193
3.79514055,0.3414916992,-0.05034267902,-0.5227718353,0.626451401,-0.02565581917873339,-0.023856771997211798
3.805150396,0.3411512375,-0.09600435942,-0.2362399101,0.4259228792,-0.02638827483740363,-0.024117248680367326
3.815129473,0.3086433411,-0.1475523263,-0.5785703659,0.6721428935,-0.027603510297735927,-0.024386642770982823
3.825139319,0.3131752014,-0.2032306641,-0.3877706528,0.5382819789,-0.029359152154397664,-0.024671736510430742
3.835149165,0.3170576096,-0.2366759777,-0.3217983246,0.5099953018,-0.031560851023795244,-0.024976636435497353
3.845128319,0.32051754,-0.2212421298,-0.324965477,0.5072298637,-0.033845668680860835,-0.02530298730186576
3.855138088,0.3147468567,-0.1810415685,-0.2502627373,0.4409910101,-0.03585905212708515,-0.02565185137861427
3.865147934,0.2721261978,-0.1972891688,-0.2393035889,0.4126037946,-0.03775256833580488,-0.02602027187093626
3.875127088,0.4419355392,-0.1129888892,-0.2639865875,0.5270317147,-0.03930072459760638,-0.026404735209131083
3.885136858,0.4209623337,-0.0008335337043,-0.3780879974,0.5658272837,-0.039870392734663765,-0.026800977546700598
3.895146473,0.5277853012,0.01246522367,-0.1942439079,0.5625330228,-0.039812178365485756,-0.02719977347616191
3.905125858,0.6122941971,-0.01812587678,-0.4669880867,0.77026658,-0.03984042328385382,-0.0275972154652171
3.915135627,0.601126194,-0.07410049438,-0.3615746498,0.7053933738,-0.040302005619363764,-0.027998319065427175
3.925145473,0.7223205566,-0.07888605446,-0.3482475281,0.8057582373,-0.0410676915163437,-0.02840556813412471
3.935124627,0.7521324158,-0.04807627201,-0.4822530746,0.8947527741,-0.04170117982036489,-0.028818549790862305
3.945134396,0.8948316574,-0.01451009512,-0.3205122948,0.9506115763,-0.04201441735912513,-0.029237536685594173
3.955144242,0.8255286217,0.07224304229,-0.6978392601,1.083372602,-0.041725468403976215,-0.029656648365867292
3.965123396,1.017744541,0.2088498175,-0.4524421692,1.133192885,-0.04032293393590377,-0.030066035187069115
3.975133242,1.206868172,0.282101661,-0.7783913612,1.463559101,-0.037865759589275114,-0.030457363577633234
3.985143012,1.230338097,0.3534091711,-0.773355484,1.495562964,-0.03468510095836033,-0.030820472291325184
3.995122166,1.201150417,0.4039503634,-0.5082464218,1.365376375,-0.030906197244288492,-0.031147745124237257
4.005131935,1.219167709,0.4494274855,-0.5361065865,1.405619166,-0.02663513967568561,-0.03143573286949731
4.015141781,1.262507915,0.5365008116,-0.6281652451,1.508758076,-0.02170064446517899,-0.03167764974726696
4.025120935,1.22053194,0.5204334855,-0.6281409264,1.468029378,-0.016426989405857288,-0.031867890512294314
4.035130704,1.157054901,0.4979755878,-0.4150714874,1.32628808,-0.011329969620238838,-0.032006810886291155
4.04514055,1.093333244,0.4694653451,-0.5395879745,1.306495494,-0.0064880022440261765,-0.03209598846348797
4.055150396,1.200051308,0.4526346922,-0.503780365,1.377968055,-0.0018729625590425533,-0.03213783444853304
4.065129473,1.343020916,0.4442506731,-0.3563532829,1.458784255,0.002602081501208212,-0.032134196481500024
4.07513932,1.550558567,0.4470749497,-0.8339800835,1.816488552,0.0070630980569120995,-0.032085822997197866
4.085149166,1.624257088,0.3853410184,-0.8844394684,1.889161708,0.011229275881223051,-0.031994271074150295
4.09512832,1.569223881,0.4014832079,-0.7812776566,1.798345665,0.015155195943812257,-0.031862623720374954
4.105138089,1.180897236,0.4017351568,-0.6377096176,1.400922187,0.019175211087414924,-0.03169080399834566
4.115147935,1.118021488,0.3686993718,-0.2423734665,1.201938506,0.023031176579599216,-0.031479564277964105
4.125127089,0.8776154518,0.275369972,-0.2604284286,0.9559604956,0.026244810163828732,-0.031233697947856798
4.135136858,0.9833426476,0.05946783349,-0.104683876,0.9906855705,0.02792063470653962,-0.03096260615238949
4.145146474,1.471531391,-0.2810433209,-0.5625905991,1.600280652,0.026811691934546196,-0.030688681366157582
4.155125858,1.503484011,-0.4787737727,-0.9887361526,1.862065433,0.023020438661146947,-0.03044003438278129
4.165135627,1.579299927,-0.564840734,-0.8549995422,1.882619858,0.017797268592589056,-0.030235746472421533
4.175145474,1.335418224,-0.5469124913,-0.2855138779,1.471044962,0.012233028749084251,-0.030085447131544204
4.185124628,0.8944735527,-0.4589070082,-0.7292928696,1.241993023,0.007214414908227628,-0.029988412613962886
4.195134397,0.6537985802,-0.3017278612,-0.3075990677,0.7830130727,0.003407525240207769,-0.029935251030354052
4.205144243,0.4548428059,-0.2309867591,0.2716493607,0.5779534895,0.0007413295846320353,-0.02991448633141755
4.215123397,0.4643509388,-0.2505177259,-0.05982780457,0.5309993329,-0.0016611741191207671,-0.029919075966550412
4.225133243,0.4463016987,-0.3998568654,0.01014995575,0.599311055,-0.004916248869733733,-0.029951995462148058
4.235143012,0.5839111805,-0.4009524584,0.3673238754,0.797898471,-0.008924207041875767,-0.030021265345413006
4.245122166,0.5675144196,-0.3950842023,-0.05397510529,0.6935974735,-0.01289609325526122,-0.030130139413908692
4.255131935,0.555188179,-0.4026160538,-0.1844987869,0.7101925114,-0.016888490902662073,-0.030279207817499626
4.265141782,0.6365725994,-0.3516598344,0.06475639343,0.730125129,-0.020663584020997654,-0.03046715307975881
4.275120935,0.5441944599,-0.2921347618,-0.1089267731,0.6271804933,-0.023875846409024366,-0.030689385975155848
4.285130705,0.574780941,-0.1474785507,0.09438800812,0.6008595086,-0.02607606048255591,-0.030939389524678913
4.295140551,0.5760545731,-0.1150349975,-0.1509952545,0.6065241039,-0.027389920577753697,-0.03120698264300522
4.305150397,0.6010448933,-0.09344762564,0.08432579041,0.6140832691,-0.028433360053407415,-0.03148637386417157
4.315129474,0.6188870668,-0.06518372893,0.2207069397,0.6602890831,-0.029224857304341555,-0.03177406175951942
4.32513932,0.6765124798,-0.0268458426,0.02553749084,0.6775263818,-0.029685458223572197,-0.03206890335264233
4.335149166,0.6921828985,0.05968502164,-0.07847595215,0.6991694658,-0.029521100661093782,-0.03236522762095505
4.34512832,0.6948657036,0.1722205281,-0.09978866577,0.7228112023,-0.028363990063938742,-0.03265404973827958
4.355138089,0.7266691923,0.2631129324,-0.1053600311,0.7799854271,-0.026185196375150772,-0.03292706211597621
4.365147936,0.7056604624,0.3302335441,-0.03529930115,0.7799082783,-0.023215542651273968,-0.03317430903564691
4.37512709,0.6431703568,0.2221520841,-0.2658863068,0.7305581321,-0.0204593720256765,-0.033392228385395996
4.385136859,0.5940469503,0.5031614304,0.3206882477,0.8419644627,-0.016829261659314983,-0.033578853690152184
4.395146474,0.8156740665,0.5956083536,-0.3852767944,1.080977198,-0.011330130403578663,-0.03371978602674399
4.405125859,0.7927463651,0.728323698,-0.6710042953,1.268522358,-0.004724116575200341,-0.03379989178248716
4.415135628,0.7261627913,0.8461229205,0.1706438065,1.127987458,0.0031558069018075927,-0.03380774099126272
4.425145474,0.8977636695,0.7621381283,-0.000958442688,1.17763961,0.011205029614950826,-0.03373586611028076
4.435124628,0.8245179653,0.619459033,-0.2157449722,1.053615329,0.018098615034238475,-0.033589653318922996
4.445134397,0.6207014322,0.4623053968,0.1622409821,0.7907709429,0.023512721061596225,-0.033381393387872646
4.455144244,0.4992299676,0.2579441369,-0.2061719894,0.598558792,0.027117514878675423,-0.03312799293020463
4.465123397,0.1987540722,0.1458029151,-0.1173477173,0.2730057838,0.02913204168127885,-0.03284733146465767
4.475133244,0.7325058579,0.2251884639,-0.4500226974,0.8887041715,0.03098882515233337,-0.032546431125401745
4.485143013,0.2312009335,1.198542595,-7.231076241,7.333377245,0.038114434661190445,-0.03220057729146157
4.495122167,2.099598646,0.4973432124,5.921610355,6.302470464,0.046576187480419765,-0.03177800691110811
4.505131936,2.862657547,-0.7338327169,2.765771866,4.04756874,0.04539258482493505,-0.03131771382811302
4.515141782,3.053331852,1.390435696,-1.350041389,3.616456633,0.04867883217690116,-0.030846893629517938
4.525120936,-2.111974478,3.538299322,-2.512861252,4.826434498,0.0732711350618103,-0.030238414877832867
4.535130705,2.298694134,0.3746911287,1.568834305,2.808136257,0.09285520031716642,-0.029406971756852838
4.545140551,0.9249137044,0.3487807512,4.583955288,4.689323987,0.09647612136873115,-0.02845938307032669
4.555150398,0.3180278242,0.149464339,-0.6121826172,0.7058674397,0.09896979992943278,-0.02748119118584235
4.565129475,-2.274487257,0.7752043009,-7.42063427,7.80000301,0.10358346970795632,-0.02647054384868575
4.575139321,-0.6113042831,0.2068107873,1.140877724,1.310750018,0.10849837960923552,-0.025409090523155604
4.585149167,0.1966077685,-0.225997597,1.912045479,1.935367521,0.10840235110407136,-0.02432351906729177
4.595128321,0.6340200305,-0.2734467983,0.7971639633,1.054620754,0.10591033483650361,-0.023254189418714474
4.60513809,0.4368528724,0.06348192692,0.3353853226,0.5543948969,0.10485948490618938,-0.022199310814816492
4.615147936,1.174078226,-0.1946712136,-1.762167931,2.126403625,0.10420289262793105,-0.02115296971306129
4.62512709,0.4508673251,0.1157661751,0.3926725388,0.6089949711,0.1038091898626473,-0.020115077410544125
4.635136859,0.5179798603,0.01684653759,0.555606842,0.7597933301,0.10447290117289242,-0.01907264960149278
4.645146475,0.5791019201,-0.1799611002,-0.7397212982,0.9565211082,0.10365654410502542,-0.018031001688730335
4.655125859,0.1626293212,0.07513667643,0.8594779968,0.8779500232,0.10313350251633563,-0.01699918304742408
4.665135629,0.5892475843,-0.1524865031,-0.3180599213,0.6867510195,0.10274637552908235,-0.015968777933992748
4.675145475,0.4251717329,-0.1705220044,0.3095846176,0.5528936533,0.10112974282069993,-0.014948393660113201
4.685078231,0.4413074851,-0.265171349,0.1193370819,0.5284973793,0.09896592493562785,-0.013954642937872823
4.695088,0.4322667122,-0.2556152642,-0.5035896301,0.7111934964,0.09635944808741571,-0.01297706200597309
4.705097846,0.3041500449,-0.3032127023,0.481631279,0.6453013881,0.09356255714483663,-0.01202651699378007
4.715077,0.1235596091,-0.2420589626,0.2269325256,0.3540591611,0.09084188218689994,-0.011106416844592558
4.725086846,-0.03599834442,-0.2143423855,-0.3196268082,0.3865227491,0.08855762858256325,-0.010208536106953724
4.735096615,-0.06728757918,-0.2278459072,-0.008949279785,0.2377424349,0.0863445272503476,-0.009333171018209019
4.745075769,-0.08324509114,-0.1889583766,0.2060413361,0.2916985524,0.08426485018239768,-0.00848190239258629
4.755085539,-0.001113131642,-0.04062178731,0.1769504547,0.1815566911,0.08311582786374688,-0.007644181347743244
4.765095385,-0.1058532894,0.4056023657,-0.07925128937,0.4266133669,0.0849425275550843,-0.006803062219365362
4.775074539,-0.02928774059,0.4425817728,-0.3208475113,0.5474299251,0.08917460762430864,-0.005934291366368387
4.785084385,0.0599398762,0.4027150869,0.5842218399,0.7121006869,0.09340525331924894,-0.005020493220995175
4.795094154,0.03099919856,0.405978322,-0.1912841797,0.449854405,0.09745267042670465,-0.004065271356736886
4.805104,-0.01302552223,0.3563396335,-0.2054491043,0.4115299905,0.10126801309549957,-0.0030706896372008864
4.815083077,-0.04387434572,0.2924717367,0.4867677689,0.56956785,0.10450528240635011,-0.0020439758570225644
4.825092923,-0.03477533162,0.2553301156,0.01301956177,0.2580160859,0.10724698849636898,-0.000984172046079316
4.83510277,-0.082552284,0.3176274598,-0.2836017609,0.4337419066,0.11011459732999147,0.00010370606282031
4.845081923,-0.01253481209,0.3995685279,0.2481985092,0.4705471602,0.11369310157611391,0.0012204116978013595
4.855091693,0.007640138268,0.4200661778,0.179069519,0.4567054391,0.11779527902015122,0.0023789844215218884
4.865101539,0.07147343457,0.4491343498,-0.2324104309,0.5107296001,0.12214556073234858,0.0035798698490384874
4.875080693,0.00172534585,0.4508497417,0.07199668884,0.4565654275,0.1266361006556628,0.004821185104721875
4.885090462,-0.003466963768,0.5538774729,0.1753778458,0.580990244,0.13166464431874245,0.006113950499582707
4.895100077,0.01068985462,0.5431649685,-0.1426200867,0.5616786849,0.1371551305572797,0.00745934172503059
4.905079462,-0.01101014018,0.5283162594,0.1426773071,0.5473537312,0.1425014924040228,0.008854742279195844
4.915089231,-0.004682213068,0.5046993494,0.08798408508,0.5123324659,0.1476716162127639,0.010307025172828792
4.925099077,-0.01892511547,0.4788988233,-0.05499076843,0.482417068,0.1525944493300681,0.011809833710383617
4.935078231,-0.003945171833,0.4172133803,0.04607105255,0.4197679252,0.1570656701705703,0.013354906720461364
4.945088001,-0.0298647806,0.3368011713,0.08951663971,0.3497715867,0.16083942628965484,0.014945985169158685
4.955097847,0.02975289524,0.2929394245,0.01550006866,0.29485419,0.16399122948160796,0.01657173758933336
4.965077001,0.003242492676,0.2214332819,0.04912471771,0.2268401419,0.16655773170688912,0.018221037083453347
4.975086847,0.01250740886,0.1594068855,0.05874919891,0.1703480519,0.16846380742003322,0.019897794090125077
4.985096616,0.005235806108,0.1157455146,0.03482818604,0.1209852899,0.1698409134024315,0.02159097014364623
4.99507577,0.007516548038,0.09675239772,0.03722476959,0.1039384839,0.17090118809829136,0.02329112909622587
5.005085539,0.002521410584,0.0870937705,0.07792377472,0.1168922454,0.17182131693600008,0.02500641564947329
5.015095385,0.009652495384,0.05996507406,0.0300321579,0.06775626379,0.17255733512949184,0.026730004285904867
5.025074539,0.002448260784,0.058149077,0.02523994446,0.06343787459,0.17314667478099532,0.028454921062561978
5.035084308,-0.01417267323,0.02633446082,0.06833171844,0.07458949148,0.1735695051299358,0.03019019549729738
5.045094155,0.03126433492,0.06204362959,0.05635070801,0.08945542411,0.17401183071151394,0.03192981349321165
5.055104001,0.01211294532,0.03857447952,0.00606918335,0.04088458024,0.17451541660001507,0.03367416552940781
5.065083078,0.02601677179,0.03698471189,0.0587310791,0.07412206811,0.1748924220945841,0.03541754939277624
5.075092924,0.01130005717,-0.02385754511,0.08027076721,0.08450011727,0.17495812255352616,0.037168524430248095
5.08510277,0.03933636844,-0.08904665709,-0.01790142059,0.09898039139,0.17439304571513872,0.038917000127392805
5.095081924,0.03684493899,-0.1990394294,0.06350135803,0.2121477468,0.17295561800396822,0.04065012303086636
5.105091693,-0.0229383707,-0.2944469452,0.03477096558,0.2973788702,0.1704857756967713,0.042369007538857716
5.115101539,-0.04879564792,-0.3183731139,-0.04422569275,0.3251128524,0.16741865848812038,0.044060193213311664
5.125080693,-0.1410245299,-0.2121944427,-0.06095981598,0.261974233,0.16477135081076286,0.04571768084333913
5.135090463,-0.1168815047,-0.1160965636,0.03481864929,0.16838063,0.1631282920776971,0.047358780847536926
5.145100078,-0.0487877205,-0.03908754885,0.2478466034,0.2556091097,0.16235162546782653,0.04898774517996807
5.155079463,0.1868004352,0.03561558574,0.1016664505,0.215636128,0.16233430143953628,0.05060782811431333
5.165089232,0.2603409886,0.05397746712,0.3002166748,0.4010249982,0.16278270432110298,0.05223500117713114
5.175099078,0.2896992564,0.3713816404,0.7716741562,0.9040635959,0.1649115939015893,0.05387508590727475
5.185078232,-0.5154435635,0.5254386067,-1.023946762,1.261045109,0.1693863475796541,0.05554309122723703
5.195088001,-0.3135060072,0.2048726678,-0.2982769012,0.4787775437,0.17304147115757432,0.057256902909603766
5.205097847,-0.2544900179,-0.2546005249,0.2981967926,0.4674483112,0.1727925870618338,0.058987775741769416
5.215077001,-0.1898093373,-0.7537021637,0.152340889,0.7920241679,0.1677615831577572,0.06068699699675114
5.225086847,-0.08168171346,-0.8852360845,0.437256813,0.9907110316,0.15955882342376132,0.06232521042802033
5.235096617,0.06211170554,-0.8491655588,0.1953573227,0.8735585234,0.15087834265523387,0.06387891274397159
5.245075771,0.2618510425,-0.6056612134,-0.5206203461,0.8404980777,0.14361937245368064,0.06534833176983156
5.25508554,0.1238266081,-0.5080431104,-0.01074409485,0.5230260667,0.13804541094591113,0.066758031478464
5.265095386,0.07358784974,-0.6320880055,0.3842611313,0.7433754337,0.13233914250092757,0.06811128534885481
5.27507454,-0.1195332855,-0.1522572041,-0.144282341,0.2414287813,0.12842559168304696,0.06941239106895038
5.285084309,-0.03003901243,0.2406393141,0.2550735474,0.3519547362,0.12886793393546325,0.07070011544726879
5.295094155,0.06185859442,0.448700428,0.2479429245,0.5163663947,0.13231802626551362,0.07200733106675573
5.305104001,0.04526625574,0.4536803961,-0.4294786453,0.6263599943,0.13683437280681066,0.07335441809937798
5.315083078,-0.0261028856,0.4469542503,0.09768009186,0.4582476,0.1413281240494572,0.07474232058669841
5.325092925,0.004350394011,0.5037607551,0.3641328812,0.6216000156,0.1460863799217863,0.07618080819186494
5.335102771,0.1007036567,0.4114730954,-0.3248147964,0.5338126888,0.1506670548705323,0.07766603628298602
5.345081925,0.02120046318,0.3319732249,-0.1066083908,0.3493150879,0.15437653753103575,0.07918807477563022
5.355091694,-0.03630322218,0.2469283193,0.2263717651,0.3369505823,0.1572738728966286,0.0807478490841984
5.36510154,-0.112665087,0.2673049867,-0.2212944031,0.3648514637,0.15984757099719404,0.0823350174925358
5.375080694,-0.02083896846,0.3259526491,0.08757972717,0.3381561779,0.16280767565185605,0.0839449306901452
5.385090463,0.01819461584,0.3013670743,0.006165504456,0.3019787591,0.16594733841204495,0.08559031156433088
5.395100079,-0.04347398132,0.2269608825,-0.1375074387,0.2689043044,0.16859151839686115,0.08726461431119888
5.405079463,-0.02172113955,0.1411149502,-0.003455162048,0.1428186795,0.1704281034346777,0.08895621780609476
5.415089232,-0.03299430758,0.1033241004,0.02042961121,0.1103714776,0.17165149265022034,0.0906682866743063
5.425099079,0.06902357936,0.07120916247,0.04907512665,0.1106497509,0.1725250182790901,0.09239086378200444
5.435078233,0.0531360805,0.0828133598,0.1926269531,0.216302193,0.17329352551369046,0.09411635203428635
5.445088002,0.07318022847,0.1138248965,0.07520484924,0.154813508,0.17427767727475343,0.09585590575976871
5.455097848,0.02379721403,0.1522779465,-0.140337944,0.2084457217,0.17560950151404953,0.0976070641482939
5.465077002,-0.0375546366,0.1049827561,0.09187030792,0.1444710465,0.17689312359874632,0.09936590313899629
5.475086848,0.00110283494,0.04734967649,0.2570362091,0.2613633886,0.17765553569426196,0.10114039187851104
5.485096617,-0.02205911279,-0.0586868003,-0.07339572906,0.09652812042,0.1775987946990307,0.10291839877025427
5.495075771,0.02202653885,-0.2041400224,0.1372680664,0.2469834796,0.17628740002950372,0.10468414118808926
5.50508554,-0.03212086856,-0.2740172744,0.07264232635,0.2852965552,0.17389427798618753,0.10643676004057395
5.515095387,0.05483183265,-0.3470935524,0.0750541687,0.3593237985,0.17078566581303176,0.10816185679127335
5.52507454,0.2443420887,-0.4760622382,0.03440284729,0.5362106553,0.16667846702441483,0.10984565989807206
5.53508431,0.09899426997,-0.5235965848,0.2188110352,0.5760481909,0.1616752895760645,0.11148903268917544
5.545094156,0.2557215989,-0.6869550943,0.03203201294,0.7337076309,0.1556165716346483,0.11307705402306174
5.555104002,-0.06554403156,-0.5958486199,-0.05655097961,0.6021043192,0.14919623782096328,0.11460261866380075
5.565083079,-0.1664040238,-0.4327048063,0.2259902954,0.5157473821,0.14406423090163165,0.11606585306302014
5.575092925,0.02435970306,-0.3006593585,0.211596489,0.3684596574,0.14039379972584834,0.11748954360304231
5.585102771,0.06728643179,-0.1358487308,-0.2482070923,0.2908420572,0.13820911035002473,0.11888392971554798
5.595081925,0.1152562797,-0.08505497873,0.04852294922,0.1512376806,0.13710689428173917,0.1202576401199905
5.605091694,0.04032866657,-0.0325466767,0.2710914612,0.2760004852,0.13651831157930316,0.12162710267161383
5.615101541,-0.02219873667,0.051824525,-0.08327674866,0.1005663073,0.13661479573528926,0.12299411297904055
5.625080695,-0.03772629797,0.1141402721,-0.03060531616,0.1240482191,0.13744288986970915,0.12436154490380857
5.635090464,-0.01770351827,0.1717996597,0.2088279724,0.270993837,0.138873986202306,0.1257444789539498
5.645100079,-0.006073653698,0.2001737654,-0.01862239838,0.2011298569,0.1407356415900471,0.12714387131619712
5.655079464,-0.01520052552,0.2556354403,-0.02819538116,0.2576344578,0.1430099893651594,0.12855967476288213
5.665089233,-0.02241504192,0.25052315,0.1465826035,0.2911198077,0.14554325464829368,0.13000385042126975
5.675099079,-0.003471821547,0.2633389235,0.01012325287,0.2635562983,0.1481150947587815,0.13147358784835925
5.685078233,-0.005783036351,0.2549065948,-0.0305480957,0.2567956419,0.15070092067724422,0.13296455336621046
5.695088002,-0.03406079113,0.2331829965,0.07484531403,0.2472574941,0.15314375270735311,0.1344852608624407
5.705097849,-0.02657918632,0.2128463984,0.07010555267,0.2256653074,0.15537609570757893,0.13602937910198903
5.715077002,-0.01659277081,0.1733430326,0.01747989655,0.1750104962,0.15730301741704486,0.13758951545687645
5.725086849,-0.02306462824,0.1463056803,0.04625701904,0.1551677833,0.15890283477198283,0.13917210155733484
5.735096618,-0.01531471312,0.09588059783,0.04389858246,0.1065585052,0.16011494912150834,0.1407687487191677
5.745075772,-0.01710961759,0.0564298071,0.03674507141,0.06947850327,0.16087491361480774,0.14237035235550996
5.755085541,-0.009358584881,0.003751982003,0.07028579712,0.07100530795,0.1611761165182716,0.14398218056443202
5.765095387,-0.01136706769,-0.02894650772,0.0415725708,0.05191713764,0.16105001985703649,0.14559489756557792
5.775074541,0.008113905787,-0.08223809302,0.0224237442,0.08562571877,0.16049525573042997,0.14719927247710793
5.78508431,0.01547731459,-0.2688619494,0.4174699783,0.4967972201,0.1587380405701728,0.1487969982536467
5.795094156,0.1200991869,-0.4359307587,0.01283454895,0.4523540281,0.15521060733517084,0.15036828706236705
5.805104003,0.1690139621,-0.238283515,-0.03744316101,0.2945280007,0.15183621647269424,0.1519050329264434
5.81508308,0.4325911403,0.4055861235,-0.4922542572,0.770681161,0.1526709792789554,0.15342438330317323
5.825092926,0.03621415794,0.8203782439,1.088155746,1.363236904,0.1588068365385361,0.15498330578754796
5.835102772,-0.02948892117,0.3068341911,0.7433872223,0.8047616912,0.1644484479803536,0.15660117359590808
5.845081926,0.09418661892,-0.2086919844,-1.79681015,1.811339333,0.16493813607763316,0.15824467331983236
5.855091695,-0.1259496063,-0.2878828645,0.1809997559,0.3626303333,0.16245283631328375,0.15988322732299157
5.865101541,-0.08844087273,-0.4684394002,1.078987122,1.179606065,0.15866750161527463,0.161490409888058
5.875080695,-0.04702523351,-0.8758082986,-0.02936935425,0.8775614551,0.15196027421503874,0.16304031109390218
5.885090464,0.1287245452,-1.217452645,-0.2566757202,1.250857057,0.1414837449639599,0.16450896451710884
5.89510008,-0.06699897349,-1.288256645,0.1120147705,1.294851866,0.12894315106369408,0.16586239920976314
5.905079464,-0.1049299091,-1.219723821,0.1023311615,1.228498332,0.11642910099633735,0.16708673117288908
5.915089234,-0.1177357584,-0.7486997247,0.06381511688,0.7605822478,0.10657736751881669,0.16820285290206355
5.92509908,-0.1120016426,-0.263626188,-0.08489990234,0.2987492734,0.10151075427484847,0.16924431792885547
5.935078234,-0.1162247807,0.153705284,-0.257557869,0.3216668616,0.10096229546043087,0.17025457280093445
5.945088003,0.1015347987,0.2862638235,-0.07102108002,0.3119299373,0.10316429002703661,0.17127620278467867
5.955097849,-0.02535457537,0.4055692852,-0.2865762711,0.4972476834,0.10662686146493074,0.1723261913439773
5.965077003,-0.1192515343,0.4454668164,-0.1357660294,0.4807224019,0.11087317162364368,0.1734114245065753
5.975086849,-0.1620680839,0.4117219448,0.09647655487,0.4528672535,0.11516333536991506,0.174542719819267
5.985096618,-0.05197872967,0.2626520097,-0.03758716583,0.2703713402,0.11853849912199577,0.1757123705083371
5.995075772,-0.002133020665,0.06667741388,-0.08547973633,0.1084306812,0.12018171363931376,0.17690348339136602
6.005085618,0.03082588315,-0.1699594706,-0.006488800049,0.1728541618,0.11966479489814853,0.17810389669841487
6.015095388,-0.01269156672,-0.3228689432,0.007851600647,0.3232136723,0.11719824536234714,0.179289368975669
6.025074542,-0.04345007986,-0.4102720022,0.07963943481,0.4201826565,0.11354018216342111,0.1804406561266677
6.035084311,-0.05706692487,-0.4481362402,0.05801391602,0.4554649692,0.1092439480563608,0.18155566496685074
6.045094157,-0.09216909111,-0.3121464252,0.04114627838,0.3280602816,0.10543879185779904,0.18263013554955013
6.055104003,-0.05730101094,0.05710294843,-0.0331735611,0.08743361899,0.10416231889491291,0.18367917296958192
6.06508308,-0.03812970221,0.5484465361,-0.1314020157,0.565255665,0.1071837313616304,0.18473369222415983
6.075092926,-0.03931229934,0.5550661683,-0.06682014465,0.5604541371,0.11270672747667415,0.18583422703908023
6.085102773,-0.0162377283,0.5140742064,-0.03335571289,0.5154110564,0.11805769326280903,0.18698918531140316
6.095081926,0.183946535,0.2923462987,0.1748952866,0.3871576518,0.12208139006417401,0.18818737763830298
6.105091696,0.112303488,0.1498760283,0.6273145676,0.654674319,0.12429466195524139,0.18942046144541416
6.115101542,0.06433552504,0.1865396202,0.1556167603,0.2513019414,0.12597839637197894,0.1906730588313164
6.125080696,0.05542071164,0.2438189387,-0.4645204544,0.5275399347,0.12812570353921968,0.19194093080383912
6.135090465,0.07967409492,0.261613667,0.4644699097,0.539000899,0.13065533535328216,0.19323610001428607
6.14510008,0.2306237668,0.2643344402,0.5195569992,0.6268967168,0.1332876043848074,0.19455708361865925
6.155079465,0.1942994446,0.2951424718,-0.4548740387,0.5759963054,0.13607922213653706,0.19590114125270164
6.165089234,-0.04211679846,0.2557436824,0.1580715179,0.3035873195,0.1388363437109572,0.19727706190702046
6.17509908,-0.1723543257,0.2004465908,0.4240036011,0.49966379,0.14111954090167217,0.19867821955290355
6.185078234,-0.1236440837,0.08650684357,-0.1959247589,0.2473010404,0.1425513171578757,0.2000936171418477
6.195088004,-0.08221745491,0.02417714149,0.02206039429,0.08849240113,0.1431052777744427,0.20152329554897552
6.20509785,-0.149147138,0.05479914695,0.1897287369,0.2474768855,0.1435005480169107,0.20295773563841266
6.215077004,-0.06797318161,0.1496156454,-0.08313369751,0.1841640748,0.1445204913632801,0.20439483879202025
6.22508685,0.03483653069,0.1544451267,0.02705669403,0.1606205021,0.14604229211496114,0.2058490831499945
6.235096619,0.02937726676,0.1661070436,0.1396131516,0.2189666774,0.14764661870353696,0.20731896222757187
6.245075773,0.00367128849,0.09199617803,0.0725851059,0.1172406616,0.14893444460180788,0.20879877627967575
6.255085619,-0.03748555481,0.03089912236,-0.08303260803,0.09619946247,0.1495495261173217,0.21029266556985923
6.265095388,-0.1064130813,-0.02542108297,0.1133184433,0.1575152212,0.1495769430717551,0.21178975899904334
6.275074542,0.003457993269,-0.1390122175,0.1683959961,0.2183885662,0.1487564904576959,0.2132783166373129
6.285084311,0.02082338929,-0.2158270478,0.003174781799,0.2168525014,0.1469805609188044,0.21475844642182296
6.295094158,0.04232016206,-0.2582674026,0.0438337326,0.2653571998,0.14460775446277785,0.21621782363380165
6.305104004,-0.01249951124,-0.233760193,0.1395664215,0.2725414677,0.1421451942329247,0.2176530000620466
6.315083081,-0.05654881895,0.005516856909,-0.06634521484,0.08734925396,0.14100636532013025,0.21906579566977158
6.325092927,-0.08790023625,0.2908914983,-0.1740922928,0.3502177062,0.14248986631450794,0.22048467247989312
6.335102773,-0.009387180209,0.3711799979,-0.02564716339,0.3721834051,0.14580348317348374,0.22192755849549262
6.345081927,0.05368714035,0.4028400779,0.1659250259,0.4389687365,0.14966551594123362,0.22340182381768842
6.355091696,0.03752616048,0.37452057,0.0007772445679,0.3763966979,0.15355611619881823,0.22491941306445085
6.365101542,0.02816487849,0.3514589965,-0.00391292572,0.3526074271,0.1571895880287241,0.22647467138669047
6.375080696,0.06283317506,0.2789057493,0.2068653107,0.3528876332,0.16033484146597884,0.22805898397703547
6.385090466,-0.04687523842,0.2371361405,-0.06836509705,0.2512063367,0.1629175717796105,0.2296768251313021
6.395100081,-0.09547252953,0.180482626,0.001127243042,0.2041819112,0.16500767331433036,0.23131802785738753
6.405079466,0.01270291209,0.1308821142,0.1879110336,0.2293513644,0.1665612876232708,0.2329724550150107
6.415089235,-0.004261493683,0.05330070481,-0.04190731049,0.06793635355,0.16748310135930022,0.23464430859974153
6.425099081,0.007657453418,0.01349945739,0.02035045624,0.02559322199,0.16781743102749874,0.23632246194619647
6.435078235,-0.01855435222,-0.004535228014,0.1376743317,0.1389929994,0.16786215874021596,0.23799736110667086
6.445088004,0.00802372396,-0.0542377159,0.04431915283,0.07050033532,0.1675680069442014,0.2396761503437372
6.45509785,-0.0209319368,-0.05231524259,-0.01074790955,0.05736329963,0.16703471759153676,0.2413508112156288
6.465077004,-0.04203572869,-0.06425765157,0.08742237091,0.116356002,0.16645306816001254,0.24301477420119577
6.47508685,-0.05644379556,-0.0166349113,0.003624916077,0.05895559641,0.16604820711157553,0.24467891748133186
6.48509662,-0.00425259769,-0.04271197319,0.01319122314,0.04490440523,0.1657511827795948,0.24633953527080732
6.495075774,-0.009790658951,-0.09764366597,0.0730381012,0.1223303181,0.16505086751062178,0.2479900975724882
6.50508562,0.00862108171,-0.1119290367,0.03471755981,0.1175063456,0.16400197227085656,0.24963698169852583
6.515095389,-0.006589695811,-0.1662596166,0.0945558548,0.191380495,0.16260967019187952,0.2512716352454071
6.525074543,0.01919345558,-0.2078771591,0.03468322754,0.2116228444,0.16074288594099267,0.25288502772237886
6.535084312,0.01848492026,-0.2454707623,0.08732318878,0.2611951889,0.15847393195607043,0.2544826710264113
6.545094158,-0.0559188053,-0.1889571846,-0.001295089722,0.1970619386,0.15629965353278785,0.25605808858421697
6.555104004,0.03039102256,-0.09886410087,0.06810760498,0.1238401007,0.1548591301612495,0.2576154143373793
6.565083081,0.05318172276,-0.01689012349,0.09679698944,0.1117283718,0.15428157000226767,0.25915788376276205
6.575092928,0.09946128726,0.1593725085,-0.04210281372,0.1925221833,0.15499468343934028,0.2607057877516039
6.585102774,0.164971143,0.2106612772,-0.01579761505,0.268035849,0.15684667404416727,0.26226652973402437
6.595081928,0.153018117,0.1846859157,0.1110544205,0.2643038325,0.15881928930487563,0.2638415693644336
6.605091697,-0.1176821589,0.1890401542,-0.03981208801,0.226208472,0.160689745119364,0.2654406751784334
6.615101543,-0.2835124731,0.1998511255,-0.1307535172,0.3706970151,0.162636116029634,0.2670588962173928
6.625080697,-0.3368684351,0.06388573349,-0.08990955353,0.3544650298,0.16395205139530272,0.2686884330260484
6.635090466,-0.2352540344,0.01533935219,0.231051445,0.3300977532,0.16434856379863375,0.2703315396863731
6.645100082,0.02003836632,-0.07344352454,0.2670030594,0.2776438747,0.1640577635720231,0.2719751503008483
6.655079466,0.1321701556,-0.01988380402,-0.2694063187,0.300739223,0.16359208894732588,0.2736100221487653
6.665089235,0.2173035294,-0.1020211652,0.06795406342,0.24949328,0.16298196865640374,0.27524448758776826
6.675099082,0.160303697,-0.2044114619,0.240152359,0.353771786,0.1614482967998642,0.2768682362474616
6.685078236,0.07401947677,-0.2810095549,-0.004096984863,0.2906235334,0.15902625125912234,0.2784672686815421
6.695088005,-0.131308198,-0.3351135254,0.09654045105,0.3726432294,0.15594262640443668,0.28004365153534283
6.705097851,-0.1761782616,-0.3764155507,0.1205854416,0.4327450698,0.15238147816629505,0.2815867899377633
6.715077005,-0.09011874348,-0.2734981477,0.08715248108,0.3008623933,0.14913868372477324,0.28309124800257135
6.725086851,0.1599102169,-0.007620260119,0.01771354675,0.1610686673,0.14773170773975655,0.2845770614528312
6.73509662,0.3432585895,0.03405436873,-0.02075004578,0.3455672492,0.14786400740021505,0.2860564838658016
6.745075774,0.325740397,0.1898624003,0.0006122589111,0.3770343647,0.14898125736088144,0.2875376161714125
6.75508562,-0.1635233015,0.2838941216,0.1777601242,0.3727390564,0.15135237227373877,0.2890407628620443
6.76509539,-0.2906803489,0.1910051405,-0.4301261902,0.5531605268,0.1537291884671341,0.29056766098917286
6.775074543,-0.4852390289,0.1338551939,0.05860424042,0.506762849,0.15535010395743845,0.2921098357632911
6.785084313,-0.2961504459,0.07618516684,0.4897508621,0.5773778427,0.15640133180830065,0.2936701158478835
6.795094159,-0.1356319934,0.01349574327,0.08034038544,0.1582174145,0.15685017785797112,0.29523791553339696
6.805103774,0.004088252783,0.00276928395,-0.3483610153,0.3483960099,0.15693158118818948,0.2968083328344344
6.815083082,0.1864457428,-0.04054746777,0.06324672699,0.2010130857,0.15674308112217927,0.29837346086793004
6.825092928,0.2984315753,-0.06472679973,0.338435173,0.4558391494,0.15621619151946037,0.29993979792963743
6.835102774,0.1615408957,0.001714631915,-0.1237201691,0.2034823854,0.1559008204714832,0.3015019195416422
6.845081928,0.0266777724,0.05934184417,0.1636095047,0.176071656,0.15620546646025796,0.30305919789247215
6.855091697,-0.05749882758,0.1416645944,-0.1787176132,0.2351913216,0.15721148046905714,0.304627813512196
6.865101544,0.09307266772,0.08803457022,0.09428501129,0.1590668739,0.15836110721599417,0.3062072301722567
6.875080697,-0.01531904936,0.0811380893,0.12068367,0.146227942,0.15920520714237765,0.3077917515915708
6.885090467,-0.08511914313,0.09578450769,-0.1809177399,0.2217006293,0.16009068439421403,0.30938979080968404
6.895100313,-0.1108843237,0.1241446584,-0.03718471527,0.1705577102,0.16119141293594869,0.3109977829681
6.905079467,-0.07482279837,0.119244732,0.2789402008,0.3124506247,0.16240582304033252,0.3126123962939908
6.915089236,0.07280687988,0.1484065652,-0.2237634659,0.2782003577,0.16374538686909368,0.3142447454291227
6.925099082,0.08432030678,0.2244195491,0.1019058228,0.260497303,0.16561135286355438,0.31589315055101563
6.935078236,0.06119666994,0.2412632555,0.4202747345,0.4884504512,0.167934913074682,0.31755740532797694
6.945088005,0.06154167652,0.2038203478,-0.5614156723,0.6004312361,0.17016250510204228,0.3192495438556996
6.955097852,-0.03441167623,0.1773701459,0.2047605515,0.2730773069,0.17207033436193803,0.3209623930364046
6.965077005,-0.05501645803,0.1305087209,0.5016946793,0.5213030674,0.17360651952057005,0.3226871741431308
6.975086775,-0.06274158508,0.1005840898,-0.3961000443,0.4134596844,0.1747631124624503,0.3244307240886981
6.985096621,-0.004643395543,0.05276099592,0.05401706696,0.07565135383,0.1755305928089073,0.32618391711096595
6.995075775,0.01288095117,-0.002046666807,0.3628463745,0.3630807062,0.17578363585901993,0.3279368265061001
7.005085621,0.03089475632,-0.06288396567,-0.1279840469,0.1459068037,0.17545866304313124,0.32969476716644835
7.01509539,0.005031332374,-0.1147188172,0.003705978394,0.1148888837,0.17456978162798834,0.3314466191037419
7.025074544,-0.002211362123,-0.1799622327,0.2383365631,0.2986563454,0.17309944783907147,0.3331813414946984
7.03508439,0.01453103125,-0.1901390254,-0.0154466629,0.1913180579,0.17124711954007785,0.33490476954974535
7.045094159,0.0004479140043,-0.09366504103,-0.137547493,0.1664110975,0.1698267129669654,0.3366118046874154
7.055103775,-0.001363500953,0.005036007613,0.1880731583,0.1881455112,0.16938314167148769,0.33830948488158885
7.065083083,-0.008251309395,0.100253433,0.05400180817,0.1141710568,0.16990849955000012,0.34000243277637626
7.075092929,-0.007714480162,0.1273676902,-0.0704908371,0.1457772267,0.17104772574478963,0.34170889243034736
7.085102544,-0.05038021505,0.1493364871,0.01091766357,0.1579833783,0.17243257688662195,0.3434279452250592
7.095081929,0.007269248366,0.141639024,-0.015417099,0.1426609338,0.17388445521204132,0.34515596072274424
7.105091698,0.009413182735,0.1528399885,0.09710788727,0.1813246036,0.17535828865727784,0.34690388031827324
7.115101544,0.01152001321,0.1084156632,-0.001057624817,0.1090311208,0.17666585307735116,0.3486657340417961
7.125080698,-0.01964214444,0.114189893,0.02288246155,0.1181048371,0.17777656064063888,0.35043425175710785
7.135090467,0.01604312658,0.1005205661,0.07555007935,0.1267658495,0.17885116168937643,0.3522191323168678
7.145100314,-0.02258446813,0.09148834646,0.03723812103,0.1013254825,0.17981215160805733,0.3540142147621778
7.155079467,0.01801301539,0.07068156451,0.0204782486,0.07576088008,0.1806213107848404,0.3558126250959472
7.165089237,-0.006075918674,0.0549426116,0.05878257751,0.08069076017,0.18125004533949068,0.35762374961814347
7.175099083,-0.006210148335,0.03922770172,0.03244113922,0.05128163452,0.18172136050654317,0.35944039355560464
7.185078237,0.008223906159,-0.00472926395,0.01089382172,0.01444555024,0.1818934931181763,0.3612546778661089
7.195088006,0.008033767343,-0.005240492988,0.07553195953,0.0761385651,0.18184359563620853,0.3630751399836908
7.205097852,-0.02311864495,0.006190602668,0.0468006134,0.05256512837,0.1818483508619985,0.3648953901716344
7.215077006,-0.008720323443,-0.008381652646,0.02525424957,0.02800130825,0.18183741844942242,0.36671002832141797
7.225086775,0.01277446747,-0.01559711434,0.04440689087,0.04876913934,0.18171740749020507,0.36852957823466354
7.235096621,0.003198504448,-0.03007570468,0.04201316833,0.05176760335,0.18148881854781704,0.37034739742910444
7.245075775,0.0009243190289,-0.02289132029,0.03962230682,0.04576892077,0.1812245354982683,0.3721571836380456
7.255085621,-0.01110649109,-0.02282990888,0.0539855957,0.05965738368,0.1809957042668071,0.37397006804711136
7.265095391,-0.00380396843,-0.04922354594,0.04440975189,0.06640522354,0.18063508501158032,0.3757799885599089
7.275074545,0.008286312222,-0.04911828041,0.03962135315,0.06364840977,0.18014440089668637,0.3775801255848686
7.285084391,-0.01540401578,-0.07065948844,0.05159950256,0.08884005669,0.17954492238648032,0.37938034295182294
7.29509416,-0.01053051651,-0.06092512235,0.05638790131,0.08368009157,0.17888635660749894,0.38117425010437506
7.305103775,-0.0006317943335,-0.05352107435,0.04442024231,0.06955618226,0.17831357542390827,0.3829619670032054
7.315083083,-0.0004938095808,-0.04601245373,0.04681873322,0.06564589497,0.17781693755738978,0.3847389350418246
7.325092929,0.01165124774,-0.05770352483,0.04921722412,0.07673189364,0.17729784707082732,0.3865162571950504
7.335102545,0.01180145144,-0.05730140954,0.03964233398,0.07066994011,0.1767222694552529,0.388288059906401
7.345081929,-0.004917114973,-0.07352925092,0.03006362915,0.0795898898,0.17606946475540092,0.39004838200025804
7.355091699,-0.009525835514,-0.06573982537,0.03485584259,0.07501597126,0.17537243904451325,0.3918073083129577
7.365101545,-0.004430875182,-0.07458850741,0.03486156464,0.08245245164,0.17467010654423096,0.39355924430035333
7.375080699,-0.01612092555,-0.06899856031,0.03007793427,0.07697640999,0.1739536678136378,0.3952987294665425
7.385090468,-0.001540765166,-0.06575910747,0.04923534393,0.08216296772,0.17327922125090955,0.39703658997091185
7.395100314,-0.001332566142,-0.06251334399,0.03966236115,0.07404591009,0.17263722750833102,0.3987678751613853
7.405079468,-0.01301272213,-0.04736505449,0.0348777771,0.06024316276,0.17208898077847834,0.40048791312155047
7.415089237,-0.003386497498,-0.05854637548,0.03248882294,0.06704230055,0.17155890630424867,0.4022078311050685
7.425099083,0.01600395143,-0.05768847093,0.04206848145,0.07316996153,0.1709771598480498,0.40392219774088367
7.435078237,-0.01723825932,-0.07601287216,0.03967666626,0.08746057491,0.17031004670169883,0.4056250765370785
7.445088007,-0.0002714246511,-0.05360757932,0.03249740601,0.06268913486,0.16966131124839334,0.4073265940869126
7.455097853,0.004703730345,-0.0813626498,0.03729152679,0.08962512947,0.1689857956443554,0.40902149678108357
7.465077007,-0.009394139051,-0.06369493157,0.03250598907,0.07212443055,0.16826201967267604,0.4107042207236897
7.475086776,-0.009170994163,-0.06754405797,0.03729724884,0.07770065425,0.16760518368813157,0.41238519728384865
7.485096622,0.00300526619,-0.07123778015,0.02533054352,0.0756669636,0.1669105912745425,0.4140594229798222
7.495075776,-0.001524314284,-0.06554058939,0.04448795319,0.07922796457,0.16622812506778822,0.4157216442566934
7.505085545,0.005774199963,-0.05980686843,0.05167007446,0.07924644782,0.16560077551903052,0.41738240957789235
7.515095391,0.01070429385,-0.0684164241,0.03970050812,0.07982179738,0.1649590278131114,0.41903683594046487
7.525074545,-0.001177325845,-0.05791528523,0.04209423065,0.0716064984,0.16432868602186776,0.42067984234379846
7.535084391,0.01819390059,-0.05696312338,0.03491592407,0.06924548503,0.16375372843241218,0.4223218695657962
7.545094161,-0.005623519421,-0.06069821864,0.05646514893,0.08309158056,0.16316484694665642,0.42395805943993226
7.555104007,-0.0006435364485,-0.04798231274,0.03970718384,0.06228464436,0.16262090925550043,0.42558859206422084
7.565083161,0.006598174572,-0.07094821334,0.03252506256,0.07832665305,0.16202749623797377,0.42720845028135773
7.57509293,-0.0005167424679,-0.05807932466,0.02773761749,0.06436497806,0.16138172831296438,0.42882707609646986
7.585102545,0.002006918192,-0.05005224049,0.0421037674,0.06543685298,0.16084055064471495,0.4304397365748643
7.59508193,0.004523143172,-0.05885171145,0.04689407349,0.07538591973,0.16029715341249956,0.43204211496826583
7.605091699,0.01168726385,-0.05092211813,0.02055644989,0.05614465142,0.15974774807432898,0.43364390273502124
7.615101545,0.00460614264,-0.04783092812,0.037317276,0.06084072093,0.1592534966818323,0.43524047940193
7.625080699,0.01659265161,-0.0470556505,0.02294921875,0.05492009626,0.15878005279154128,0.43682733228561066
7.635090469,0.007081240416,-0.07019624114,0.03252696991,0.07768951028,0.15819322055785062,0.4384137470667979
7.645100315,0.002368509769,-0.05987053365,0.03970718384,0.07188011607,0.15754224636516834,0.43999397876711666
7.655079469,0.009670957923,-0.0685210377,0.03731441498,0.07861949885,0.15690162673376648,0.4415629206841221
7.665089238,0.007275164127,-0.06047155708,0.04449462891,0.07542883554,0.15625603369553728,0.443130238604861
7.675099084,0.009660169482,-0.05727867037,0.04209899902,0.07173904566,0.15566670287391754,0.4446913878833404
7.685078238,-0.00229921937,-0.07310416549,0.0492811203,0.0881937313,0.15501614767491573,0.44624156388873326
7.695088007,0.002558544278,-0.0912193507,0.05167770386,0.1048718321,0.1541937274557509,0.44778912360002165
7.705097853,0.01456731558,-0.07819806039,0.04448986053,0.09113995295,0.15334580635838613,0.4493283352862173
7.715077007,0.01696716249,-0.07222927362,0.04688262939,0.0877663575,0.15259523759243854,0.4508548516824703
7.725086776,0.004831805825,-0.07823906094,0.04927349091,0.09258819531,0.15184216095705833,0.4523785256996911
7.735096623,0.009507805109,-0.07923017442,0.05644798279,0.09774555569,0.1510540394804781,0.45389449801132153
7.745075776,0.009454786777,-0.06602519006,0.04686927795,0.08151961685,0.1503292767273697,0.4553982731233644
7.755085546,-0.004927754402,-0.08868382871,0.03010654449,0.09378437108,0.14955497587996303,0.456899159320975
7.765095392,-0.01456961036,-0.06347603351,0.02770900726,0.07077619275,0.14879342748586133,0.4583923701069939
7.775074546,-0.01219271123,-0.0551879406,0.05164432526,0.07656048149,0.14820134444991348,0.4598742483901649
7.785084392,-0.0001187473536,-0.06828096509,0.03967380524,0.07897034327,0.14758339208404078,0.46135462822109263
7.795094161,-0.01911684871,-0.03857239336,0.05403614044,0.06908826172,0.14704860336656145,0.4628292273283274
7.805104007,0.0145085156,-0.04012015834,0.06361198425,0.07659379003,0.14665475320462942,0.4642991900128077
7.815083161,0.01464036107,-0.03222515061,0.01572704315,0.03873164586,0.14629378071503463,0.465760879279837
7.825092931,0.00262850523,-0.007715847343,0.04924583435,0.04991588465,0.1460938806134946,0.46722424590020534
7.835102546,0.0122102499,-0.02405726537,0.04206085205,0.04996956569,0.14593486230069025,0.46868579354295775
7.845081931,0.0146509558,-0.0331235528,0.0205116272,0.04162387663,0.14564954760112353,0.4701407100861618
7.8550917,0.00746306777,-0.006279408932,0.02529811859,0.02711315477,0.14545234032869694,0.4715976414129825
7.865101546,0.0003496259451,-0.02036759257,0.06121253967,0.06451306905,0.14531897413799855,0.4730529294524971
7.8750807,0.007597774267,-0.01778322458,0.04684734344,0.05068178014,0.1451286176982157,0.47450214007642844
7.885090469,0.005209267139,-0.02949873358,0.0492401123,0.05763592982,0.14489197695869108,0.47595365965530756
7.895100315,-0.01630099118,-0.02453697473,0.0348739624,0.0456506155,0.14462153239934908,0.47740265247710434
7.905079469,0.007671639323,-0.02443749085,0.05163383484,0.05763764316,0.1443771705323038,0.47884463375828207
7.915089238,0.01014898717,-0.01939111575,0.03966522217,0.04530283833,0.1441578134184749,0.48028871802716505
7.925099085,0.01267282665,-0.03360019252,0.07557487488,0.08367278641,0.1438925959744186,0.48173038829032017
7.935078238,0.00795057416,-0.02393030375,0.03487586975,0.04303716252,0.14360554316219648,0.48316488224914994
7.945088008,0.01272918284,-0.04521430656,0.03247928619,0.05710752705,0.1432594823392251,0.4846006087123066
7.955097854,-0.006469815969,-0.02115778998,0.03008842468,0.03734734121,0.14292729510669386,0.48603295149704157
7.965077008,0.003184095025,-0.02577960491,0.03248214722,0.04159106128,0.1426930973607108,0.48745807643802785
7.975086777,0.01037685573,-0.02316950262,0.03726673126,0.04509228587,0.14244811273114508,0.4888851752607278
7.985096623,-0.003906935453,-0.03496862575,0.03247928619,0.04788499727,0.1421571358752891,0.49030960261539885
7.995075777,0.003240168095,-0.0179405883,0.0205078125,0.02743963869,0.14189314127777714,0.49172689334512554
8.005085546,-0.003906592727,-0.02259359881,0.02290248871,0.03240765593,0.1416902723529902,0.4931461955764632
8.015095393,0.0008602887392,-0.02963702753,0.03487014771,0.04577139607,0.14142886206380142,0.4945631851856054
8.025074546,0.01052384079,-0.02476725727,0.04684257507,0.05402217227,0.141157407722864,0.4959731709965558
8.035084316,-0.01097851992,-0.02463398501,0.02768993378,0.03865350631,0.14091016018639546,0.4973848867361713
8.045094162,-0.001353904605,-0.03399530426,0.04205417633,0.05409313742,0.14061672510805442,0.4987939071194997
8.055104008,0.02015775442,-0.02905092388,0.04444789886,0.05679706819,0.14030118359077326,0.5001998796218585
8.065083162,0.0201036185,-0.01216058061,0.02289962769,0.03280896441,0.14009555561583456,0.5015989407426787
8.075092931,0.005802109838,-0.03355932608,0.03247928619,0.0470616285,0.13986673276350034,0.503000119660373
8.085102777,0.005806282163,-0.02371434122,0.04923725128,0.05495807316,0.13958008246873624,0.5043987294532054
8.095081931,0.01059156656,-0.03067777306,0.03965950012,0.05124629735,0.1393086888263434,0.5057902664520175
8.1050917,0.0177551806,-0.03994996101,0.03247356415,0.05445895878,0.13895520517482635,0.5071829451020136
8.115101547,0.01300373673,-0.02063233778,0.02050304413,0.03186165956,0.13865199540392822,0.5085723479039596
8.1250807,0.003470629454,-0.02764550224,0.03965759277,0.04846693437,0.13841110942789367,0.5099547754608454
8.13509047,0.01069256663,-0.03219821304,0.0468378067,0.0578345575,0.13811159851494453,0.5113387398139879
8.145100085,0.01790316403,-0.02245408297,0.03965568542,0.04896205174,0.13783807429398148,0.5127198148060845
8.15507947,0.00830039382,-0.02696370333,0.04204845428,0.05063605773,0.13759149473631374,0.5140941236609534
8.165089316,0.005890876055,-0.01259119809,0.04444313049,0.04656643145,0.13739352550043407,0.5154704025133917
8.175134778,0.01066114008,-0.02909711748,0.02528953552,0.03999828447,0.13718413630548285,0.5168495322472519
8.185078239,0.02031522989,-0.03377463296,0.04444313049,0.05940224108,0.13687155490623196,0.5182120632859476
8.195088008,-0.008428156376,-0.02876179293,0.04204750061,0.05163590669,0.13655856731760965,0.519580549466499
8.205097855,-0.01564691961,-0.02139337361,0.04443645477,0.0517407097,0.1363075445459472,0.5209462234821184
8.215077008,0.005862981081,-0.02838271111,0.0396490097,0.04911208413,0.1360591829633663,0.5223052181050807
8.225086855,0.003370255232,-0.03534869105,0.04203891754,0.05502871221,0.13574021217100773,0.5236655532850746
8.235096624,0.0201266706,-0.03988717496,0.03485488892,0.05666509399,0.1353636653513702,0.5250223968795762
8.245075778,0.008092656732,-0.0252899304,0.06358623505,0.06890777141,0.1350384591655394,0.5263715891008168
8.255085624,-0.01116125286,-0.04183834419,0.01809310913,0.04692953449,0.1347024873200936,0.5277216217679244
8.265095393,-0.001614689827,-0.01754518598,0.05639839172,0.05908654131,0.13440527961039048,0.5290684750594643
8.275074547,0.01498501003,-0.01023793966,0.05400180817,0.05696982727,0.13426665356570902,0.5304090343577853
8.285084316,-0.004193469882,-0.01475387439,-0.02261352539,0.02732459569,0.13414157242294328,0.5317523865277086
8.295094162,0.007869794965,-0.007330663502,0.04681873322,0.04803817315,0.13403104101130325,0.5330945698086557
8.305103778,0.01011130214,-0.007342159748,0.06117916107,0.06244225725,0.13395760634811907,0.5344358015348692
8.315083086,0.0172470957,-0.02875975892,0.008506774902,0.03459698343,0.1337774702652296,0.5357717069308333
8.325092932,0.01252497733,-0.02617233619,0.05878829956,0.06555860282,0.13350253935897535,0.5371094227984419
8.335102778,0.0004448443651,-0.02847414091,0.05160045624,0.05893709928,0.13322903794886862,0.538444393804536
8.345081932,0.01242029667,-0.01898761839,0.0204782486,0.0305639017,0.1329922238462858,0.5397727252893001
8.355091701,0.02444009483,-0.0164569132,0.03962898254,0.04938222843,0.13281482805952127,0.5411030588833742
8.365101547,0.002817243338,-0.03776302934,0.03723621368,0.05310855726,0.13254346142204412,0.5424311566896413
8.375080701,-0.002029716969,-0.03990288451,0.04441642761,0.05974260611,0.1321559413646142,0.5437518947416993
8.38509047,0.009936973453,-0.02288728952,0.05638504028,0.0616590969,0.13184168379585914,0.5450731723639017
8.395100086,0.007536143064,-0.03230993822,0.03722858429,0.04986675294,0.13156543226888817,0.5463914744056395
8.40507947,-0.006934449077,-0.02253608778,0.0348367691,0.04206616595,0.13129176749172414,0.5477030508724275
8.41508924,-0.00439620018,-0.03417266533,0.0324420929,0.0473242752,0.1310079467039152,0.5490158307775096
8.425099086,0.01476803422,-0.03161650151,0.05159378052,0.06228656509,0.13067867698964686,0.5503255521792257
8.43507824,-0.001974388957,-0.04094099998,0.02286243439,0.04693351252,0.1303166457490349,0.5516278084386702
8.445088009,-0.004397630692,-0.02628076449,0.05158996582,0.05806498352,0.12998020858197634,0.5529305641303103
8.455097855,0.01943783462,-0.01410827786,0.04201030731,0.04839151619,0.12977806453497084,0.5542306342858737
8.465077009,-0.002147957683,-0.03065878525,0.0324306488,0.04468021729,0.12955469582651966,0.5555245950623199
8.475086855,0.0168377459,-0.01611363143,0.03721809387,0.04391292881,0.12932060348251231,0.5568202460019637
8.485096624,0.0095410496,-0.02789057046,0.03242778778,0.0438232469,0.12910036753453819,0.5581136131142819
8.495075778,0.01433113217,-0.01348156855,0.03481960297,0.03999423447,0.1288939380612931,0.5594008955676137
8.505085624,-0.01436963677,-0.0134036988,0.04918479919,0.05296498914,0.12875937936837195,0.5606904305820437
8.515095394,0.009534984827,-0.01554374769,0.0372133255,0.04144098965,0.12861450072764585,0.5619785572539281
8.525074548,-0.009518802166,-0.01530465111,0.04200172424,0.04570541302,0.12846058026650656,0.5632612531653296
8.535084394,-1.731514931e-05,-0.01042154431,0.04439640045,0.04560317159,0.1283318226393465,0.5645464793688585
8.545094163,-9.115040302e-05,-0.02701576799,0.03960704803,0.04794349051,0.12814445321529458,0.565830113506501
8.555103778,1.47819519e-05,-0.02688921615,0.05636405945,0.06244947847,0.12787466914638335,0.5671114399302402
8.565083086,0.01190510392,-0.01469390094,0.04678440094,0.0504620887,0.12766718377986275,0.568386505358861
8.575092932,-0.004809647799,-0.02182466909,0.03481578827,0.04137134281,0.12748441114879247,0.5696635194448063
8.585102548,-0.002425551414,-0.01932002604,0.03481578827,0.03989092401,0.12727848984944828,0.5709385588498255
8.595081932,0.009585827589,-0.03109866008,0.03481674194,0.04765732125,0.12702691613466482,0.5722074644996211
8.605091702,0.002324968576,-0.007040321827,0.03481197357,0.03559276772,0.1268360349162032,0.5734780193753913
8.615101548,-0.00247593224,-0.02369429544,0.03720474243,0.04417853253,0.12668221052334738,0.5747468586729115
8.625080702,0.01653124392,-0.02351272851,0.01565551758,0.03272958384,0.126446667442408,0.5760098647004452
8.635090471,-0.01214924455,-0.01377558708,0.0276260376,0.03317482322,0.12626004372968053,0.5772746326022364
8.645100317,-0.002578154206,-0.004065204412,0.04438591003,0.04464618433,0.126170751942004,0.5785380292974021
8.655079471,0.01656012237,-0.01596704498,0.03002166748,0.03782174899,0.1260707994911794,0.5797966079408774
8.66508924,0.004570648074,-0.01828307658,0.03480529785,0.03957992511,0.12589938158866065,0.5810576895946261
8.675099086,0.2401582599,0.910703361,-0.5852880478,1.108881734,0.13036587639582045,0.5823402774784134
8.68507824,-0.4521254301,-2.148782492,-1.863801003,2.880180164,0.12418838523960297,0.5836103955675215
8.69508801,-3.691962242,-0.7690415382,-2.639556885,4.603180491,0.10958501151821556,0.5847804045343538
8.705097856,-3.428358078,-0.6648441553,-0.6240844727,3.547553846,0.10240852403144583,0.5858414158562777
8.71507701,-1.123918891,-2.51501298,-1.122472763,2.974630912,0.08654238200586735,0.5867842009511706
8.725086779,-0.9750214219,-1.542185664,3.007064342,3.517305696,0.06623657139909106,0.5875488419669932
8.735096625,0.04939356446,-1.241970181,7.631207466,7.731769335,0.052302085774864907,0.5881421188186723
8.745075779,2.079814196,-1.310933232,5.620846272,6.134988658,0.03956417762213883,0.5886004926135939
8.755085625,2.089433908,-0.8141964674,4.777602196,5.277701459,0.02892806711162964,0.5889432910245835
8.765095394,0.231343925,1.241749287,-5.337649345,5.485067168,0.031067919591376943,0.5892435640084956
8.775074548,-0.951492548,2.273599625,-6.339369774,6.801632337,0.048608023669666864,0.5896411132624443
8.785084394,-1.832928896,1.843943357,-1.475507736,2.989461243,0.06921600924376906,0.5902308134747255
8.795094164,-2.068237543,1.077942491,9.789578438,10.06356858,0.08383971189613641,0.5909968397576227
8.80510401,-0.637237072,-1.082435846,-10.0673275,10.14538424,0.08381722300034974,0.5918359498071958
8.815083164,-4.094621181,1.635421395,-2.025726318,4.852225559,0.08657638697697247,0.5926861418444855
8.825092933,-1.123046756,0.8924939632,4.738037586,4.95043227,0.09922831137053939,0.5936160728992722
8.835102548,2.787099123,0.3761408925,-3.024228096,4.129813442,0.10557758461110787,0.5946410869835254
8.845081933,-0.2807307243,2.68761301,-6.389231682,6.937171968,0.12086477448025693,0.5957709647243657
8.855091702,4.221335411,0.8748862147,-0.2345895767,4.317421778,0.13869467163121968,0.5970700297730377
8.865101548,0.7301506996,1.74555099,2.045723915,2.786584763,0.15180975806707958,0.5985239820748367
8.875080702,1.184954643,1.684313178,2.439562798,3.19256872,0.1689233294328562,0.6001243045113653
8.885090472,-0.3709152639,1.763692141,-4.27580452,4.640117713,0.18618019953383938,0.6019015568369378
8.895100318,-2.140292645,1.991920352,-1.60340786,3.334593837,0.20497675087914408,0.6038592672546698
8.905079472,-1.728204489,1.508319974,1.340284348,2.656705108,0.22244146950422586,0.6059919033764756
8.915089241,-0.8230956793,0.7952863574,0.2413215637,1.169702092,0.2339707531263514,0.6082761938351299
8.925099087,-0.5691429973,0.8446709514,0.8845214844,1.348988889,0.24217861318018188,0.6106592847499926
8.935078241,-0.2378535867,-0.5267906189,-3.936876297,3.979080002,0.2437647015759762,0.6130839363366037
8.94508801,1.345651746,-1.913648009,-0.8391466141,2.485355983,0.23155058811399842,0.6154628344625861
8.955097856,0.7148041725,-1.485356569,3.452870369,3.826165565,0.21453883192445944,0.6176954776609934
8.96507701,0.5319011807,-1.570254683,2.242007732,2.788407666,0.19929262430053932,0.6197603215768501
8.975086779,-0.2193658352,-1.513992429,-0.5874595642,1.638719983,0.18385632373552102,0.6216779378080671
8.985096626,-0.8344190717,-1.660522819,-0.6714019775,1.975948338,0.16796811776969597,0.6234387922232312
8.995075779,-1.411429167,-1.54408145,0.4753932953,2.145301517,0.15197849961729432,0.6250351903465997
9.005085549,-0.9072949886,-1.775132298,0.3687419891,2.027375034,0.13536621651813546,0.6264733176062152
9.015095395,-0.3517493904,-1.714384437,0.2900094986,1.77396368,0.11790145395225063,0.6277409027953087
9.025074549,-0.1042968631,-1.611335516,1.220466614,2.024059964,0.10130751816632104,0.6288346628407852
9.035084318,0.1919411123,-1.042187095,-3.772665977,3.918673744,0.08802694398012782,0.6297822599556977
9.045094164,0.7026249766,-0.5693168044,-0.2353363037,0.9344445716,0.07996149104943037,0.6306230291379112
9.05510401,0.95522964,-0.03775176406,1.123606682,1.475256193,0.07692315960856758,0.6314082247343364
9.065083164,0.6913356781,1.275655866,-3.423478127,3.718258381,0.08309977744381294,0.6322066715005255
9.075092934,0.504432857,0.8339437842,-0.09122276306,0.9788954669,0.09365808108910409,0.633091324255329
9.08510278,0.3514842391,0.9324676394,1.454325676,1.762980499,0.10249883425054168,0.6340730745125214
9.095081934,0.4255855083,0.9068038464,-0.3925304413,1.075870061,0.11167602095284503,0.6351417164440225
9.105091703,0.59434551,0.6918544769,-0.2996282578,0.9600449444,0.11967712121592505,0.6362996121992892
9.115101549,0.3106604815,0.651183188,0.7656984329,1.052066333,0.12639892131484995,0.6375312038443006
9.125080703,0.2132506371,0.6088279486,0.5190658569,0.8279955731,0.13268584390177304,0.6388239272298759
9.135090472,0.1218628883,0.565546155,0.09798908234,0.5867664588,0.138563450650082,0.6401814986198144
9.145100088,-0.01624858379,0.479505837,0.1701717377,0.5090660905,0.14379373522005934,0.6415946421225147
9.155079472,-0.09046059847,0.4651985765,0.03866004944,0.4754865243,0.14850751927446548,0.6430531353536562
9.165089241,0.004483938217,0.6052957773,-0.07638072968,0.6101123664,0.15386521987313653,0.6445664759890385
9.175099088,0.1627431512,0.6810945868,-0.1989374161,0.7279775168,0.16030350523659365,0.6461388664243051
9.185078241,0.1515224576,0.1181606054,-0.3976125717,0.4416069984,0.16429145016109764,0.6477584577857759
9.195088011,-0.08922469616,-0.5345098376,-0.2193870544,0.5846302187,0.16220767013409837,0.6493925483354545
9.205097857,-0.4117438793,-0.9993870258,0.254983902,1.110551322,0.15453063444283918,0.6509777991610127
9.215077011,-0.7581961155,-1.071338773,0.1657371521,1.322912287,0.14419858862384025,0.6524683316216541
9.225086857,-1.102684259,-0.8533793688,-0.2188081741,1.411398576,0.13456552252742732,0.6538635245331297
9.235096626,-1.317412853,-0.6637997031,0.07444763184,1.477074515,0.12697221650675075,0.6551724907093869
9.24507578,-1.438788652,-0.419898957,0.09694290161,1.501940693,0.12156501859738507,0.6564125863813061
9.255085626,-1.394648075,0.04694501311,-0.1827545166,1.407354362,0.11969841282566947,0.6576200912782941
9.265095395,-1.24513495,0.4061808884,-0.4340801239,1.379771543,0.12196625562668535,0.658829595031629
9.275074549,-1.053900719,0.7555886507,-1.236380577,1.791719248,0.12776299419827922,0.6600756383527828
9.285084319,-0.5452570319,0.9566853642,-1.354144096,1.74535336,0.13633272873134195,0.6613974070750375
9.295094165,-0.6077184677,1.254830718,-0.4688539505,1.470967673,0.1474011964360156,0.662817473522988
9.30510378,-0.8213061094,1.322181225,-0.5002622604,1.634921786,0.16029864513593095,0.664357451997836
9.315083088,-1.152757764,1.465337753,-0.8281698227,2.040080991,0.17420740035458473,0.6660265214257419
9.325092934,-1.154098868,0.8628476858,-0.3061351776,1.473149373,0.18585978920550097,0.6678286299843167
9.33510278,-0.95408535,0.03539431095,0.3137140274,1.004961742,0.19035542123460056,0.6697115581439981
9.345081934,-0.8487735987,-0.2606692314,1.311295509,1.58362274,0.18923139467284641,0.671605535790153
9.355091703,-0.5925517082,-0.5699936152,1.487452507,1.699566183,0.18507402306717227,0.673478891173666
9.36510155,-0.5587310195,-0.7413847446,1.429087639,1.704148811,0.17851067469681717,0.6752986047717455
9.375080703,-0.25837937,-1.127689362,0.5499744415,1.280982077,0.16918478645776755,0.677033457873879
9.385090473,-0.1852365881,-0.5912261009,0.793302536,1.006573301,0.16058181224123136,0.6786839017772086
9.395100088,0.101156503,-0.1341016144,1.209091187,1.220703641,0.15695168665174022,0.6802730958139693
9.405079473,0.3041529655,0.06864672899,0.8718338013,0.9259133744,0.15662508690092156,0.6818377474891394
9.415089242,0.6250383258,0.1967584193,0.4049711227,0.770317074,0.15795340901381835,0.6834121765273764
9.425099088,0.7636618018,0.303945303,0.8503303528,1.182634265,0.160459392589743,0.6850058080816164
9.435078242,0.8345394731,0.1081015915,1.729011536,1.922920429,0.1625153322974616,0.6866173153404949
9.445088088,0.7178756595,-0.0906694904,1.432060242,1.604482145,0.16260257862119532,0.6882445054505637
9.455097857,0.7434175014,-0.5492617488,1.386767387,1.666577882,0.1593997966810575,0.6898560901476771
9.465077011,0.7476338744,-1.012494206,1.703107834,2.11770565,0.1516072950893745,0.6914078839796117
9.475086858,0.7856986523,-1.373745561,1.909345627,2.479939507,0.13966434760288265,0.6928656762690056
9.485096627,0.9207095504,-1.657104254,1.857029915,2.653725813,0.12449529434195884,0.6941877647665011
9.495075781,1.026421189,-1.822990298,1.586834908,2.625810181,0.10713109460747465,0.6953434824693963
9.505085627,1.226744413,-1.835796118,1.297423363,2.56092886,0.08881915032195033,0.6963241983570991
9.515095396,1.257745862,-1.700146198,1.11320591,2.389905677,0.07112216743170811,0.697124686179234
9.52507455,1.370152354,-1.310027719,0.5145969391,1.964255611,0.05610267288944527,0.6977594843163291
9.535084396,1.827380538,-1.178919196,-0.6923942566,2.282231344,0.04364568522878163,0.6982587171680873
9.545094165,6.956183434,1.389168978,-12.39343739,14.27990086,0.04469796110384179,0.6987008669142909
9.555103781,8.45304966,-1.484047771,-2.88035202,9.052782671,0.04422311096160506,0.6991458998071326
9.565083089,4.380461216,0.4422106147,2.889068604,5.265995451,0.039024704027324074,0.6995612776001834
9.575092935,1.541946769,-0.2367267609,6.068608284,6.265911418,0.04005313489333642,0.6999570560949877
9.58510255,1.267054081,-1.020247698,-0.4785480499,1.695682649,0.03376221969412556,0.7003264877352422
9.595081935,-3.564809084,-0.2817578912,-7.349167824,8.172974918,0.02726561217073663,0.7006309978501896
9.605091704,-2.728996992,-0.2026968151,2.131071568,3.468425667,0.02484097232022375,0.7008917852872563
9.61510155,-1.727130413,0.2718321085,2.363176823,2.939638899,0.02518698914027319,0.701142171382213
9.625080704,-0.864097774,0.7714440227,2.344229221,2.614804292,0.0303924957291576,0.7014194895015894
9.635090473,0.1516917944,1.055182695,0.7026433945,1.27676492,0.039534551475860054,0.7017694662962766
9.645100319,2.651770592,0.283464551,-2.958132744,3.982811664,0.0462343778662527,0.7021987331834263
9.655079473,2.69849658,1.162137508,2.294423103,3.727844519,0.053447320650991614,0.7026961026936689
9.665089243,1.716414452,1.020837545,3.196547985,3.769098949,0.06437285974912543,0.7032857791472508
9.675099089,1.558069706,0.9335436225,-1.204044342,2.179175918,0.07415438700511215,0.7039790973506577
9.685078243,0.3559741378,1.052465439,-1.646554947,1.986339417,0.08406373214016397,0.7047685388389282
9.695088012,-0.903144598,1.034174681,-0.04437255859,1.373738097,0.09450712493382993,0.7056622653536495
9.705097858,-0.7791942954,0.7250173688,0.2933645248,1.104018424,0.10331174568529186,0.7066523335690452
9.715077012,-0.4084466696,0.5403047204,1.23435688,1.407975419,0.10962516767915602,0.7077147986944194
9.725086781,0.24486655,0.4136435986,1.112409592,1.211823318,0.11439956883472009,0.7088360166258143
9.735096627,0.4968079925,0.6560531855,-1.813276291,1.991279707,0.11975331887248869,0.7100079337990166
9.745075781,1.872773409,0.1308650374,-0.693113327,2.001202634,0.12367970793835134,0.7112225616306324
9.755085551,1.006086111,0.4210175276,1.629052162,1.960427496,0.12644181670968135,0.7124743910975204
9.765095397,0.7952618003,0.4960474372,0.3506526947,1.000730585,0.13103165624450266,0.7137630260041986
9.775074551,0.5405634046,0.3511959612,-1.064299583,1.244299402,0.13525904241856107,0.7150917039495618
9.785084397,-0.1843754202,0.3192327023,-0.1353321075,0.392706752,0.13861448625637177,0.7164624198723183
9.795094166,-0.1656082869,0.1142349392,-0.04431533813,0.2060086775,0.14078394173656664,0.7178607767339045
9.805104012,-0.04127890244,0.04963302612,-0.06575298309,0.09214575332,0.14160408828515983,0.7192741070802847
9.815083166,0.2539781034,0.02815711498,0.1546077728,0.2986658058,0.14199222818401921,0.7206891327382243
9.825092935,0.6182626486,0.0284948796,-0.6761293411,0.9166305399,0.14227576487358673,0.7221118612105244
9.835102551,1.27252233,-0.0969208926,-0.2021150589,1.292113477,0.14193330581631625,0.7235342730411858
9.845081935,1.3853122,-0.09889638424,0.5376348495,1.489268819,0.14095623791660597,0.7249458047344335
9.855091705,1.50330925,-0.1883093566,0.243016243,1.534423673,0.13951880621236198,0.7263495500756689
9.865101551,1.464872241,-0.1598513871,0.04417610168,1.474230198,0.13777628849852058,0.7277373906729747
9.875080705,1.267702341,-0.1451068968,0.5181512833,1.377173188,0.1362546756592137,0.7291046892690239
9.885090474,1.303319335,-0.0402251333,0.3792171478,1.357963547,0.13532711025441269,0.7304639247398254
9.89510032,1.403178692,-0.1479338408,-0.1452350616,1.418410408,0.13438538907728328,0.731813815031118
9.905079474,1.506205797,-0.2037418336,-0.2292451859,1.537114177,0.13263067622083727,0.7331461122491602
9.915089243,1.250762463,-0.2908140421,-0.04025173187,1.284756688,0.13015548118416245,0.7344613266151709
9.925099089,1.328454733,-0.3751091361,0.02418994904,1.380610008,0.12682258695335646,0.7357474820588878
9.935078243,0.8320286274,0.03295201063,-0.3199930191,0.8920498888,0.12511536762972528,0.7370045458825026
9.945088013,0.2354537845,0.2853175998,-0.5828943253,0.6903697645,0.12670827042892222,0.7382648942312677
9.955097859,0.2077569962,0.2958167493,-0.7672595978,0.8481496383,0.1296168030988231,0.7395477814872435
9.965077013,0.05057936907,0.3551408052,-0.5613479614,0.6661792536,0.13286480594073247,0.7408574536866303
9.975086782,-0.1542343497,0.4439509511,-0.4674892426,0.662892807,0.13686416788591604,0.7422074160469361
9.985096628,-0.2756071091,0.5729286075,-0.3289451599,0.7158291598,0.14195357177698348,0.7436028773649831
9.995075782,-0.3537758589,0.5458949208,0.1935482025,0.6786895679,0.1475360279208479,0.7450473080133746
10.00508555,-0.4672133327,0.4425536692,0.4466638565,0.7833585699,0.15248309845376135,0.7465488689386608
10.0150954,-0.5361202955,0.3459901512,0.3661193848,0.7356477145,0.1564297011340766,0.7480949543321379
10.02507455,-0.6623792648,0.2164490223,0.4979953766,0.8565021102,0.15923603357319271,0.7496699921903899
10.03508432,-0.8025814891,0.08730608225,0.7025585175,1.070209264,0.16075629293962843,0.751271516985469
10.04509417,-0.8384352922,-0.02360613644,0.641957283,1.056238677,0.16107510639091158,0.7528822590017636
10.05510401,-0.9281333089,-0.1258194,0.8224191666,1.246449055,0.16032724353507227,0.7544908520509552
10.06508317,-0.9398465157,-0.1820554137,1.033977509,1.409100825,0.15879107752213126,0.7560831184433356
10.07509294,-0.9872143269,-0.2266252935,0.9486026764,1.38773131,0.1567456775808766,0.7576623436158993
10.08510278,-1.033417583,-0.3043486476,0.7724428177,1.325612276,0.1540881954835863,0.7592180422838772
10.09508194,-1.102414727,-0.33796525,0.8693647385,1.444068485,0.1508833189063992,0.7607397220526473
10.10509171,-1.165400386,-0.3740567267,0.8802013397,1.507591089,0.14731973079554306,0.7622321940230548
10.11510155,-1.274424791,-0.3979244232,0.824136734,1.568981756,0.1434560268987854,0.7636875034282543
10.1250807,-1.343973279,-0.3778439164,0.7921066284,1.605136477,0.13958527258572592,0.7650997592201296
10.13509047,-1.33445251,-0.3951759338,0.6858644485,1.551559719,0.13571639713275774,0.7664776124173787
10.14510009,-1.276655555,-0.4639084041,0.5148954391,1.452645079,0.13141684324759245,0.7678145635301666
10.15507948,-0.6961014867,-1.027830601,-0.9652261734,1.572467675,0.12397352059254015,0.7690888835516679
10.16508924,-0.5547456741,0.6805423498,-3.307068825,3.421634823,0.12223538456987414,0.7703211295769373
10.17509909,-0.005527794361,0.02437202632,-2.280038834,2.28017579,0.12576342815377634,0.7715623450347082
10.18507824,-0.9798025489,0.6538519263,-0.1062088013,1.182715387,0.1291474774321701,0.7728342421164471
10.19508801,-1.772887468,0.08876322955,-2.711931229,3.241231228,0.13286418088645638,0.7741455803349911
10.20509786,-2.081044912,-0.1299021393,-0.890039444,2.267111092,0.13265828372857583,0.7754745003562047
10.21507701,-1.462427855,-0.494723022,1.440179825,2.111294396,0.12954166963938255,0.7767827666885305
10.22508686,-0.5104888082,-0.7125403285,1.692791939,1.906267843,0.12349940711488168,0.7780492182996048
10.23509663,0.0650062561,-0.5501307845,1.953680038,2.030698251,0.11717988340149472,0.7792537904705209
10.24507578,0.773685813,0.4174383581,-2.195893288,2.365331235,0.11651780458803986,0.7804198426120714
10.25508563,0.8071807027,0.1650332659,0.03284645081,0.8245335378,0.1194330313807879,0.7816007588497826
10.2650954,0.6974185109,-0.2031339407,2.87382555,2.964208034,0.1192423418849915,0.78279530164531
10.27507455,0.2170572877,-0.1410153061,-0.1729717255,0.3113172024,0.11752518340688947,0.7839766709703182
10.28508432,-0.1450837255,-0.3341071606,-0.9822320938,1.047595708,0.11514725010013967,0.785141169742691
10.29509417,-0.3661470413,-0.2114413381,0.8245620728,0.9266464844,0.11241682078028324,0.7862801108501424
10.30510378,-0.01100468636,-0.2301412225,0.16401577,0.282820187,0.11020678617307976,0.7873942985913405
10.31508309,0.5979726911,-0.2189874798,0.08178043365,0.6420396365,0.10796578889800498,0.7884829044714068
10.32509294,1.39428699,-0.3749186099,-0.2308855057,1.462158778,0.10499333346201338,0.7895487489068844
10.33510278,1.210938931,-0.2351269722,0.624464035,1.382610978,0.10194010412724933,0.7905844342073437
10.34508194,0.9143929482,-0.2832176089,1.099740028,1.457996848,0.0993537823722843,0.7915888061575441
10.35509171,0.4110128284,-0.4335370958,0.130364418,0.6114579626,0.09576650750205187,0.7925653607695319
10.36510155,-0.1600423157,-0.1971580386,0.328004837,0.4148156315,0.0926099288099905,0.7935081697631587
10.37508071,-0.8803796172,-0.04531736672,0.4831352234,1.005256971,0.09140007837711389,0.7944263024148194
10.38509048,-1.176601171,0.0889204666,0.4896059036,1.277501901,0.0916183068776568,0.7953422883859051
10.39512331,-0.8741673231,0.06321686506,0.2132492065,0.9020200136,0.09238149087025602,0.7962653077313248
10.40510269,-0.762445569,0.1733574569,0.005975723267,0.7819282338,0.09356192339879649,0.7971931077260688
10.41511246,-0.4896673262,0.3091365993,0.001752853394,0.5790877307,0.095976750663261,0.7981417269928018
10.42512231,0.9177908897,-0.04164108634,-0.05767250061,0.9205434344,0.0973155456434625,0.7991091404388949
10.43510146,0.4609415829,0.5366689563,-1.184687614,1.379842547,0.09978552432771803,0.8000925910100963
10.44511123,-0.04020494223,0.3217001557,2.29877758,2.321526608,0.10408156302083012,0.8011129223375608
10.45512108,1.771294713,0.5892342925,-5.64648819,5.947059012,0.10864072161398725,0.8021775814179867
10.46510023,-0.8656343222,0.5317155123,1.428473473,1.752877813,0.11423378473627192,0.8032896304830092
10.47511008,-0.2459494323,0.1095555425,2.349505901,2.364882982,0.1174432982702172,0.8044491569076756
10.48511985,-0.6126233339,0.4205675125,1.200894356,1.412208071,0.12009650319634085,0.8056380162969385
10.495099,-0.5057755709,0.4753100872,0.5544490814,0.888336868,0.12456655167086375,0.8068587809589275
10.50510885,-0.3815740347,1.252876043,-2.859693527,3.145336897,0.1332159936385545,0.8081489632645101
10.51511862,0.1169824004,0.5667677522,-0.1719083786,0.6037077584,0.1423231015744956,0.8095280047490557
10.52509777,0.6254888773,-0.02944477089,1.251594543,1.399497135,0.1450041148889653,0.8109616454451414
10.53510762,0.76891011,-0.1975363642,0.1782932281,0.8136533953,0.14386809133142506,0.8124074291718589
10.54511739,0.6423590183,-0.3181553781,-0.2407627106,0.7561842605,0.14128711346576395,0.8138345981790203
10.555127,-0.6576167345,-0.1015172005,-1.005486488,1.205723264,0.13918673404602358,0.8152383150934166
10.56510631,-0.850435853,-0.1975821406,-0.003161430359,0.8730921125,0.13769433152320748,0.8166198560866392
10.57511616,-0.7278581858,-0.2937202454,0.780667305,1.107018772,0.13523539992895614,0.8179858489228277
10.58512577,-0.3091500103,-0.4172461927,0.3761768341,0.6412309449,0.13167715154472137,0.8193216941950058
10.59510516,-0.3488385677,-0.2828246951,0.6154870987,0.7619071618,0.1281840113362202,0.820618322140127
10.60511492,0.09300678968,0.05141087621,-1.127812386,1.132808068,0.12702581294233392,0.8218956166854623
10.61512477,0.290482074,-0.01095733792,-0.4866571426,0.5668642457,0.12722827986746,0.8231681393509183
10.62510392,0.06890040636,-0.05425065756,0.8176622391,0.8223514681,0.12690291968341283,0.8244361460309174
10.63511369,-0.1324414313,-0.3012015522,-0.3244762421,0.4621124748,0.12512392225056818,0.8256975113917101
10.64512354,-0.296430409,-0.5222058296,-0.7045373917,0.9257120784,0.12100283006021305,0.826929357327519
10.65510269,-0.5226242542,-0.4978450239,0.2680778503,0.7699685141,0.11591320982286105,0.8281114676772185
10.66511246,-0.3189787567,-0.5805917978,0.5555830002,0.8645847286,0.11051575755048709,0.8292447186195909
10.67512231,-0.1576604694,-0.5802204609,0.2826004028,0.6643610423,0.10470597925661229,0.8303218872706803
10.68510146,-0.1442276835,-0.4965929389,-0.08385181427,0.5238676344,0.09933313803730548,0.831339955749352
10.69511123,0.247374475,-0.5863785744,-0.1295547485,0.6494754778,0.09391299015496306,0.8323071303976496
10.70512108,0.1699284017,-0.4255630374,0.1287755966,0.4759860447,0.08884829828352524,0.8332218369391875
10.71510023,0.07044395804,-0.4695812166,0.229221344,0.5272677638,0.08438190889237342,0.8340861820501572
10.72511008,-0.1367220581,-0.3755967617,-0.1656961441,0.4326904907,0.08015185649932978,0.8349096612059104
10.73511985,-0.1859244406,-0.1754907668,0.07142162323,0.265454243,0.07739372679425308,0.8356981587325527
10.745099,-0.1503973007,-0.1069246531,0.1332168579,0.2275938504,0.0759845938755056,0.8364634513669085
10.75510877,-0.0797124207,-0.04545429349,0.07787322998,0.1203511643,0.07522195477140152,0.8372202227541331
10.76511862,0.00991050899,-0.0228151381,-0.05166149139,0.05733810607,0.0748802713865009,0.8379714731383865
10.77509777,0.06804464757,-0.01012197137,0.01752185822,0.07098974492,0.07471592920851713,0.8387178946009703
10.78510762,0.02830792964,0.00600579381,0.09159755707,0.09605998595,0.07469532804854265,0.8394656867376976
10.79511739,-0.01652678847,0.04099835455,0.03889751434,0.05888137596,0.07493057840560738,0.8402145471925214
10.80512723,-0.05019019544,0.03447847068,0.01499271393,0.06271046268,0.07530833387773753,0.8409664809293866
10.81510639,-0.05749206245,0.03219778836,0.07011127472,0.09621655607,0.07564102040631834,0.8417196548085353
10.82511616,-0.01387989521,0.04890286922,0.04618358612,0.0686808979,0.07604691987093062,0.8424788355055097
10.83512577,0.0145701319,0.04668258131,0.02701854706,0.05587086921,0.07652530641167038,0.8432424297464699
10.84510516,0.006982311606,0.03721280396,0.06291866302,0.07343230632,0.07694391879607516,0.8440081943721428
10.85511492,-0.03344856203,0.03472773731,0.05334949493,0.07190960054,0.0773039725722666,0.8447801865586945
10.86512477,-0.004270851612,0.01787692308,0.03660583496,0.04096109991,0.077567254952169,0.8455553054371122
10.87510393,-0.01585556567,0.01084721088,0.04139614105,0.0456366239,0.07771057631649314,0.8463300765984537
10.88511369,-0.008129611611,0.05143406987,0.05817222595,0.07807408021,0.07802228665289322,0.847109500889672
10.89512354,0.02334105968,0.1157398224,0.03903675079,0.1243558582,0.0788589794456626,0.8478946798604002
10.90510269,-0.05241534114,0.1889455169,0.02950668335,0.1982887307,0.08037922979750033,0.8486892108482846
10.91511246,-0.01789915562,0.1111616492,0.06308460236,0.1290618421,0.08188123165150671,0.8495013057978839
10.92512231,-0.02879753709,0.1045225263,-0.1211967468,0.162612755,0.08296071477357117,0.8503263273765955
10.93510146,0.04823181033,0.03436432779,0.1565589905,0.167385579,0.08365370114856725,0.8511576625009202
10.94511123,0.08581417799,0.149472326,0.02971076965,0.1748964815,0.084573782459571,0.8519996217102183
10.95512108,0.009547352791,0.2021408975,-0.03246593475,0.2049539736,0.08633358027219665,0.8528550002426385
10.96510023,0.009984776378,0.2364265174,0.1448173523,0.2774333423,0.0885218452813962,0.853727454502595
10.97511,-0.01616597176,0.2050116807,0.07073307037,0.2174725158,0.09073119269749429,0.8546245953435802
10.98511985,-0.03929385543,0.1546816975,-0.07277774811,0.1754053455,0.09253143107838183,0.8555418110308816
10.995099,-0.007120266557,0.1974950433,0.116517067,0.2294149455,0.0942886433398589,0.8564739638036969
11.00510877,-0.00675560534,0.332978338,0.01856040955,0.333563638,0.09694360160882652,0.8574310591979569
11.01511862,-0.06055212021,0.4336348772,-0.07450962067,0.4441367465,0.10078044325491184,0.8584206532131967
11.02509777,-0.02583168447,0.4091107249,0.09343624115,0.420439285,0.10498538564250973,0.8594473372489175
11.03510754,-0.01579616964,0.4219793379,0.06029415131,0.4265576928,0.10914489583146647,0.8605190346827124
11.04511739,-0.03413166106,0.4023098946,-0.01834201813,0.4041715616,0.1132704016184363,0.8616322065653018
11.05512723,-0.03751146793,0.3699139357,0.04905986786,0.3750337327,0.11713532011118152,0.8627853687701008
11.06510639,-0.01023621857,0.35646981,0.06852054596,0.3631398778,0.12075966992105144,0.8639723648544659
11.07511616,0.007129341364,0.3338569105,0.01131248474,0.3341245823,0.12421467576958106,0.8651984332825978
11.085126,-0.004212960601,0.3028844595,0.04503631592,0.3062433911,0.12740151538712158,0.8664577521900418
11.09510516,-0.02737395465,0.2991481423,0.03801727295,0.3027940843,0.1304054052164104,0.8677441004449467
11.10511493,1.255845904,1.717637062,0.01144981384,2.127805703,0.1404991832336333,0.8690999467561115
11.11512477,-1.617375374,3.841235638,-1.286211014,4.361803881,0.16832089638731837,0.870645566549008
11.12510393,-0.8074076772,5.386199951,-0.3839406967,5.459896293,0.21436192445348246,0.8725549930982189
11.1351137,1.000803709,2.956248999,1.217411995,3.350090771,0.25611492206660286,0.8749096756102146
11.14512331,-2.07600522,-0.4272837639,0.8341207504,2.277745929,0.2687718999200586,0.8775366318013278
11.1551027,0.1854234636,-4.25663805,-0.2621097565,4.268729422,0.2454005586648513,0.8801021955470666
11.16511246,-0.142813921,-5.317800045,0.8756961823,5.391311245,0.19748164493195206,0.8823187678302039
11.17512231,-0.3732635081,-2.57822156,-1.17807579,2.859093322,0.15796264900054266,0.8840977398630142
11.18510146,-0.7780109644,-0.2678441703,2.545220852,2.67491883,0.14376199058428177,0.8856032175815706
11.19511123,-0.3630546927,-0.3408022523,-0.5455780029,0.7386543457,0.1407157852335074,0.8870269961345943
11.20512108,-0.3973450363,-1.280502319,-1.97728157,2.388977119,0.1326012774519942,0.8883949275345555
11.21510023,0.1993587464,-1.275126219,1.053399086,1.665935298,0.11984977718950351,0.8896545510055183
11.22511008,0.5470953584,-0.6283482909,1.059868813,1.348130856,0.11032303002804111,0.8908065486426817
11.23511985,0.161767751,-0.169195056,-0.6694393158,0.7091859909,0.10633141729429155,0.8918908792362685
11.245099,0.5347385406,-0.4239829779,0.07956314087,0.6870496094,0.1033717110057951,0.8929372087226564
11.25510885,-0.04717218876,0.2493641376,0.4361371994,0.5046021653,0.10249775680650668,0.8939675699688467
11.26511862,-0.1233217865,0.8308486938,-0.325211525,0.9007110253,0.10790409780318898,0.8950206070549551
11.27509777,-0.2439059168,0.6018294692,-0.3992614746,0.7622981906,0.11505255294833934,0.8961330659856286
11.28510754,-0.2891715169,0.1036103666,0.1873283386,0.3597876884,0.1185831982009372,0.8973023860520193
11.29511739,-0.1020821035,-0.1460174322,0.1057243347,0.2071701748,0.11837095401813913,0.8984883238123142
11.305127,-0.0460151732,-0.1156966835,-0.07178401947,0.1437221771,0.11706112590331308,0.8996666154630656
11.31510631,0.05418509245,0.2370382249,-0.2589349747,0.3552048218,0.1176665783320672,0.900837825726142
11.32511616,0.1015504003,0.4597442746,0.2509479523,0.5335280279,0.12115392248337765,0.9020331044211859
11.335126,0.03754115105,0.6234939098,0.05719566345,0.6272362693,0.1265754429372451,0.9032729700767669
11.34510516,-0.01690143347,0.5461832881,-0.2729940414,0.6108417056,0.13241164089034213,0.9045652068504911
11.35511493,-0.07732954621,0.3642319143,0.05504512787,0.3763970141,0.13696816428060582,0.9059134217966941
11.36512477,-0.09655149281,0.1568301618,-0.01453018188,0.1847404033,0.13957603828652032,0.9072975034070064
11.37510393,-0.05336984992,-0.05624555796,-0.1583881378,0.1763482517,0.14007791321414834,0.9086928591703352
11.3851137,0.004195362329,-0.1337167025,0.1621055603,0.2101808037,0.139127173946206,0.9100902485229877
11.39512331,0.09265992045,-0.1937241256,0.341129303,0.4030931642,0.13748839645252683,0.9114746555127973
11.4051027,0.250932157,-0.4587263763,0.2687625885,0.5879031933,0.134232867445449,0.9128304617446626
11.41511246,0.2888958454,-0.6102921367,0.1510047913,0.6918957642,0.12888255807010604,0.9141473228755168
11.42512231,0.2138708532,-0.9519851804,0.08365726471,0.9792931448,0.12106347726881839,0.9153982840364356
11.43510146,0.1591320336,-1.084648848,0.2248535156,1.119082316,0.11090153903656497,0.9165556908826675
11.44511123,0.01632860303,-1.098645806,0.2273702621,1.122045662,0.09997440037218026,0.9176111007086752
11.45512108,-0.07030645013,-1.131802559,0.03603839874,1.134556651,0.08881117358898327,0.9185559583474328
11.46510023,-0.08184963465,-1.288936496,0.1320037842,1.298261011,0.07673271451863226,0.9193819519929373
11.47511008,0.005279451609,-1.039234638,0.1868104935,1.055904667,0.0650803926057959,0.9200917159581121
11.48511985,0.03790065646,-0.6994267702,0.2347078323,0.7387300137,0.05637859220381691,0.920699604209301
11.495099,0.05210566521,-0.4294876456,-0.05070495605,0.435598015,0.050745789057601916,0.9212341093439333
11.50510885,0.05747872591,-0.1933640838,-0.1436424255,0.2476421193,0.047628462865834796,0.9217264650967413
11.51511862,-0.03956767917,0.1983516812,-0.01560974121,0.202861171,0.0476534252172481,0.92220333998918
11.52509777,-0.02898412943,0.7173739672,-0.1353387833,0.730603911,0.0522225070193633,0.9227016784437695
11.53510762,0.06758904457,0.9191606045,-0.07602500916,0.9247725654,0.060413239810628454,0.9232654119089726
11.54511739,-0.006857395172,0.6193187237,0.03950214386,0.620615118,0.06811315192314665,0.9239086717190651
11.555127,0.1107013524,0.3465584815,-0.1657342911,0.3997817226,0.07294717898911807,0.9246146511685165
11.56510631,0.1538747549,0.05344438553,0.262465477,0.3089043042,0.07494305529460835,0.9253525724154613
11.57511616,0.1398978531,-0.04418855906,0.1185083389,0.1885955049,0.07498938001190372,0.9261029730092378
11.58512577,0.06589359045,0.184292078,-0.5400238037,0.574396417,0.07569057080401216,0.926857096780481
11.59510516,-0.008929103613,0.7468640208,0.1856956482,0.7696547721,0.08033675573441394,0.9276356255515732
11.60511493,-0.06722462177,1.063563704,-0.002349853516,1.065688709,0.08939773829784951,0.9284851271747379
11.61512477,-0.1203904748,1.273423553,-0.3960866928,1.339024301,0.1010941725601544,0.9294385239492293
11.62510393,-0.05933964252,1.364122868,0.1535263062,1.374017001,0.11425442143144801,0.930513022986838
11.6351137,-0.005321711302,1.419760227,0.2484073639,1.441337449,0.128187436175367,0.9317264166033465
11.64512354,0.2194398642,1.634668112,-0.5667896271,1.744002343,0.14347460565779546,0.9330860633897582
11.6551027,0.2502444983,1.900785685,0.1768798828,1.925329847,0.1611150352142313,0.9346058377700605
11.66511246,0.05764436722,2.172161579,0.52135849,2.234596938,0.18149964751687775,0.9363205831433675
11.67512231,0.0292480588,2.029449701,-0.2403297424,2.043839505,0.2025283968524343,0.9382426147033328
11.68510146,-0.04087725282,1.65598166,-0.01580715179,1.656561521,0.22091713303549493,0.9403554279331233
11.69511124,-0.03361171484,1.181129217,0.3472223282,1.23156783,0.23511656089268199,0.9426378264075272
11.70512108,-0.01061239839,0.9094960093,-0.4227647781,1.003008311,0.2455799729002958,0.9450436741034385
11.71510024,0.04823812842,0.9101346135,-0.1276626587,0.92030956,0.2546591654632065,0.9475396573034344
11.72511,-0.01661878824,1.284242868,0.4927959442,1.375646674,0.26564176143281715,0.950143701006438
11.73511985,-0.0220516324,1.264173746,0.1433067322,1.272461534,0.27839639545464034,0.9528665711787978
11.745099,-0.08505663276,1.070979714,-0.4482479095,1.164112696,0.2900478187798193,0.9557028662190366
11.75510877,-0.04255387187,1.026407957,-0.001007080078,1.027290193,0.30054500287359204,0.9586587153732373
11.76511862,-0.1146496832,0.4559029639,-0.3225135803,0.5700939149,0.30796385785937835,0.9617042565830417
11.77509777,0.124784708,-0.5487348437,-0.5554618835,0.7907079462,0.3075006662327253,0.9647751629858384
11.78510762,0.2923775315,-1.119320154,0.6437740326,1.323936265,0.29915217607336214,0.967811414962617
11.79511739,0.3336823583,-1.312722445,0.4641656876,1.431793951,0.28698008255026614,0.9707449395118185
11.80512724,0.1522825956,-0.6591056585,-0.3566417694,0.7647245319,0.27711123077935695,0.9735681742281846
11.81510639,0.02652454376,-0.1654824913,0.2640113831,0.3127139535,0.27299688636181807,0.9763129799367697
11.82511616,0.02270489931,0.3098044097,-0.3101320267,0.438948925,0.27371920096638946,0.9790492310814973
11.83512577,-0.03892612457,1.328833461,-0.06772232056,1.331127313,0.2819202639748575,0.9818300982538324
11.84510516,-0.1224585474,2.508854151,0.7322483063,2.616396917,0.30106915466401546,0.9847390376410676
11.85511493,-0.02853792906,3.084021568,0.164888382,3.088558179,0.32906085445690253,0.9878927658717668
11.86512477,-0.9858289361,-1.008991241,-0.5149583817,1.50170042,0.33944621524111174,0.9912385902750399
11.87510393,0.6420519948,-1.810757756,-1.115615845,2.221637488,0.32537685204066,0.9945557781550878
11.8851137,-0.01243549585,-1.611440182,-0.8571805954,1.825281533,0.308249144913733,0.9977270034028548
11.89512354,0.7241644263,-1.498492956,1.652324677,2.34522325,0.29268417835269345,1.0007346266111374
11.9051027,-0.3006487787,-1.764229059,0.3815374374,1.829881056,0.27640456584108924,1.003574140427392
11.91511247,-0.4542786181,-1.476160765,-0.431219101,1.603549057,0.2601867874167991,1.006259718442442
11.92512231,-0.7559455633,-0.8597217798,0.2286930084,1.167422685,0.24849588215067828,1.0088056345090137
11.93510147,-0.2593562603,-0.3134262562,0.8568248749,0.948499106,0.24264236617321425,1.0112562080900853
11.94511124,0.1271282434,-0.8484486341,0.08376502991,0.861999568,0.23682731596287518,1.013655898710163
11.95512108,0.4545823932,-2.032237053,-1.038903236,2.327219914,0.2224097145537941,1.0159543433089364
11.96510024,0.705999732,-2.231333256,-0.06431484222,2.341243285,0.2011362894114132,1.0180676599794012
11.97511001,0.2315514386,-2.040581465,1.073027611,2.317105314,0.1797558475030013,1.019973981322062
11.98511985,0.1503621042,-2.087476969,-0.1091785431,2.095731092,0.15909524528550523,1.0216699039333812
11.995099,-0.2479969412,-2.077261925,-0.4363164902,2.1370287,0.13831496821847622,1.0231538544994252
12.00510885,-0.3540564775,-1.980167866,0.1869888306,2.020243943,0.11800783642175669,1.0244367309124391
12.01511862,-0.1961104274,-1.794419408,0.3335266113,1.835658005,0.09911646119292,1.0255234130527067
12.02509777,-0.09496362507,-0.8041276932,0.5179729462,0.9612155898,0.08615081554045068,1.0264478180250136
12.03510754,-0.006188809872,-0.1818085909,0.195854187,0.2673041856,0.0812163178212029,1.0272854712802684
12.04511739,0.05287930369,0.06043457985,-0.4948921204,0.501364907,0.0806088499989485,1.0280953941083206
12.05512724,0.3226543963,0.4088606834,-0.0219039917,0.5212990531,0.08295763759436987,1.0289140321112387
12.06510639,0.2215340137,0.8865695,0.4616928101,1.023837413,0.08942128365170875,1.0297741296672152
12.07511616,0.1402646005,1.188838482,-0.1103248596,1.202157506,0.09980846192970073,1.0307212027824293
12.08512601,0.0138553977,1.010314465,-0.3180952072,1.05929781,0.11081505749296408,1.0317753577003757
12.09510516,-0.1003315002,0.7768260837,0.07705497742,0.7870594919,0.11973212929624343,1.0329256901798993
12.10511493,-0.210239172,0.617413938,0.03877449036,0.6533788652,0.12671014026724936,1.0341591053982035
12.11512477,-0.177110374,0.5032213926,-0.0826625824,0.5398453085,0.13231883044607612,1.0354555246743062
12.12510393,-0.07985721529,0.3427088857,0.07158565521,0.359097565,0.13653966724407637,1.036797015657211
12.1351137,-0.03873479366,0.2582266331,0.009192466736,0.2612773999,0.1395472804080857,1.0381787990802112
12.14512331,0.04957696795,0.2343764007,0.02750015259,0.2411357115,0.14201266253466333,1.039587951690451
12.1551027,0.04702448845,0.139110446,0.2247562408,0.2684741822,0.14387624798620804,1.0410144501578324
12.16511247,0.06868544221,-0.2288917601,0.05488967896,0.2451978888,0.14342690283398868,1.0424523693878252
12.17512231,-0.06454926729,-0.5401029587,0.007026672363,0.5439919007,0.13957814578597202,1.0438687870157641
12.18510147,-0.1770179719,-0.6774336696,0.2296886444,0.7368911808,0.1335031493761398,1.0452313479844788
12.19511124,-0.1486917287,-0.4037717879,0.08594894409,0.4387802501,0.12809184039997995,1.0465406008248845
12.20512108,-0.2495742142,-0.1014257967,-0.361784935,0.4510685312,0.1255633669048636,1.0478101248450287
12.21510024,-0.2029622793,0.2849645615,-0.3281440735,0.4796634456,0.12647914825493442,1.0490677111378197
12.22511008,0.3339129686,0.1848284602,0.9216051102,0.9975045912,0.12883042474510129,1.0503455151259191
12.23511985,0.44135952,0.3880459368,1.332966805,1.456769843,0.1316975952215306,1.0516494279051298
12.245099,0.3642643094,0.8617846966,-2.484324455,2.654661815,0.13793371890417708,1.0529947735693086
12.25510885,0.1720531285,0.5964291096,1.015381813,1.190096714,0.1452319696381722,1.0544119966030363
12.26511862,0.6650779247,0.2124812305,0.6374835968,0.9454428885,0.14928047286568427,1.0558859975088375
12.27509778,-1.00325644,0.7052170038,-1.868190765,2.234723975,0.1538594016215822,1.0573985381637814
12.28510754,-0.8097886443,0.574896276,0.5340843201,1.127612273,0.1602662149733882,1.0589706991797654
12.29511739,-0.3067455292,0.2884076238,0.9752645493,1.062267724,0.16458698624409446,1.0605965650878686
12.30512701,-0.05987152457,0.2546739876,0.7812404633,0.8238811206,0.16730500652364527,1.0622576214521926
12.31510631,0.09392470121,0.4650523663,-0.3519916534,0.5907568679,0.1708961891253822,1.0639451270480627
12.32511616,0.6416038275,0.2261031419,-0.5804681778,0.8942714396,0.1743553706072605,1.0656730852106577
12.33512601,0.3116371036,0.3269841075,0.9133224487,1.018918145,0.17712353080896365,1.0674322107513283
12.34510516,0.2482546866,0.3042097092,0.5709285736,0.6929165698,0.18027291969692438,1.0692154671458611
12.35511493,-0.211240083,0.6702624559,-1.353762627,1.52530239,0.18515004081895087,1.0710443670396026
12.36512478,-0.08358663321,0.5684987903,-0.3335294724,0.6643940914,0.19134994794908916,1.0729287212458878
12.37510393,1.97248137,-3.322850943,2.161575794,4.427689133,0.17760690130678175,1.0747696591170135
12.3851137,3.017560482,1.682975411,-1.889276505,3.937949112,0.169399512854808,1.0765063863141546
12.39512331,-2.23084712,4.332896233,-3.393050194,5.938304325,0.1995077773380601,1.0783526953646485
12.4051027,-1.17549932,1.879599214,2.103736401,3.056206586,0.23050623480747817,1.080498334130981
12.41511247,-0.1662762761,-1.751522303,-0.7357969284,1.907059332,0.2311472450181884,1.0828088567073584
12.42512231,0.1220736504,-3.320824623,-0.006057739258,3.323073103,0.20576055444131153,1.0849955452910294
12.43510147,1.017075896,-0.968347311,-1.084095955,1.774092425,0.18435938794286694,1.0869420799531504
12.44511124,0.1634496152,1.800306797,0.5387182236,1.886276137,0.18852324949495602,1.0888083146720233
12.45512108,0.9079922438,2.64298439,-0.3234148026,2.813256749,0.2107615664225969,1.0908067032329054
12.46510024,0.296579212,3.64718008,0.2684431076,3.669052121,0.24214684525882052,1.093066525985663
12.47511008,-0.4259620607,3.361309767,0.860376358,3.495725176,0.27722377626386907,1.0956659343967343
12.48511985,-0.2776255012,2.627528906,-0.1394987106,2.64583521,0.30719722510578645,1.0985908943001743
12.49509901,-0.1016150117,2.120184183,-0.2565536499,2.138066032,0.3308863193803998,1.1017746631920717
12.50510885,0.2284840643,1.678860426,0.2310295105,1.710015185,0.34990023372487344,1.105181945427439
12.51511862,0.4619300961,1.50579524,-0.113992691,1.579174801,0.36583906909780456,1.1087641383280473
12.52509778,0.2624032199,1.310671806,-0.1858406067,1.349537982,0.3798920567411832,1.1124850234389105
12.53510762,0.1285012066,0.7532533407,0.1072015762,0.771618645,0.39022183698640533,1.1163393818679057
12.54511739,-0.3909835219,0.3024656475,-0.7630872726,0.9092061196,0.39550558911466266,1.1202718572768875
12.55512701,-0.5440618396,0.420273602,-0.3453073502,0.7693311068,0.39912276173795275,1.1242488211935182
12.56510631,-0.603877306,0.2933804691,0.7904844284,1.03711404,0.40268364577381666,1.128249554534759
12.57511616,-0.1772431433,0.3221611083,0.8290052414,0.9068917255,0.4057643852030857,1.1322957762961967
12.58512578,0.007953286171,0.4056121111,0.6393384933,0.7571909591,0.409406751889271,1.1363755529548278
12.59510516,0.5212324858,0.07883092761,-1.238929749,1.346419155,0.41182397247509167,1.140473239687881
12.60511493,0.3115154803,-0.3896535337,-0.1004505157,0.5088831662,0.4102683410762109,1.144587717176589
12.61512478,0.2642929554,-0.7243092656,0.9240751266,1.203490556,0.4046930408129237,1.148666537770841
12.62510393,-0.09451916814,-0.7795679569,-0.4760541916,0.9183069563,0.3971893326204686,1.1526675900142647
12.6351137,-0.5108246803,-0.7521113753,-0.4944162369,1.034920669,0.3895234537059309,1.1566049970378578
12.64512354,-0.39226228,-0.7885869741,0.2892484665,0.9270403376,0.38181238172305154,1.1604654711873132
12.6551027,-0.1895122528,-0.857177496,0.5625543594,1.042657931,0.3736007082383297,1.164234665232723
12.66511247,0.01480349898,-0.8593623042,0.6531295776,1.079491065,0.3650096239404058,1.1679313250050893
12.67512231,0.08501675725,-0.7502335906,0.2500991821,0.795379086,0.3569537252546031,1.1715446938107426
12.68510147,0.2221987545,-0.5489486456,-0.9862728119,1.150413387,0.35047135155250525,1.1750744478254773
12.69511124,0.1951582134,-0.6428411007,0.2388105392,0.7129950088,0.3445065809280946,1.1785527324550804
12.70512108,0.03683590889,-0.5760716796,0.5546560287,0.8005365541,0.3384060199757153,1.1819706553895961
12.71510024,-0.07104578614,-0.5179326534,-0.3431043625,0.6253177918,0.33294739783586497,1.1853204269760405
12.72511001,-0.2446258515,-0.4892241657,0.03771018982,0.548273791,0.3279066937793037,1.188627925706354
12.73511985,-0.1775098592,-0.4883321822,0.2939424515,0.5969759083,0.32301410246257184,1.1918857322178809
12.74509901,-0.0002623200417,-0.2175946832,0.3097457886,0.3785366145,0.3194918238935092,1.1950915669379087
12.75510878,-0.02433907986,0.2133553922,0.3378343582,0.4003060926,0.31947060672957267,1.1982895004224978
12.76511862,-0.03251680732,0.5513593554,-0.2421245575,0.6030578604,0.323297942864131,1.2015065055917304
12.77509778,0.06855374575,0.7498283386,-0.516787529,0.9132423028,0.3297903229583586,1.2047651417411125
12.78510762,-0.0426992178,0.9046244621,0.1514673233,0.9182107551,0.33807072686963835,1.2081077328666177
12.79511739,-0.04900375009,0.9734888673,0.07974433899,0.9779780682,0.3474704681002524,1.2115387877102044
12.80512724,0.02703654766,0.9071120024,0.03224086761,0.9080873489,0.35688273440803514,1.215064022662268
12.81510639,-0.01493692398,0.8166465759,0.2481079102,0.8536347443,0.36548355711635744,1.2186683234513012
12.82511616,0.03899085522,0.5651779175,-0.1819067001,0.5950095905,0.37239942979600765,1.222361342944254
12.83512578,0.04805973172,0.4583660364,-0.2208375931,0.5110561649,0.3775220728119259,1.2261145575797212
12.84510516,0.0382154882,0.4462430477,0.3123607635,0.5460426062,0.38203579171276836,1.229904515860761
12.85511493,0.1393180192,0.4429625273,0.00270652771,0.464362613,0.3864861633570022,1.2337508798658605
12.86512478,0.1332302392,0.5086740851,-0.1441717148,0.5452385761,0.39124903322931887,1.2376433861946359
12.87510393,-0.003473669291,0.6155073047,0.2213201523,0.6540977895,0.3968582205873299,1.241575706445598
12.88511378,0.01280331612,0.5142997503,-0.1027832031,0.5246261001,0.40251282016207546,1.2455764985517204
12.89512354,0.03115576506,0.324881047,-0.07502365112,0.3348834493,0.4067128193508667,1.2496265757704061
12.9051027,0.1195544004,0.2591902316,0.06031417847,0.2917372635,0.40962708972114376,1.2536997690539138
12.91511247,0.1572736502,0.1416416019,-0.05342674255,0.2182928337,0.4116332069521504,1.2578100823938294
12.92512232,0.1626517773,-0.1147886291,0.08902740479,0.2180777587,0.41176760406704144,1.2619311416979193
12.93510147,0.1341693997,-0.4865174294,0.2004442215,0.5430271842,0.40876734239020146,1.2660252623533885
12.94511124,0.1178469658,-0.9831270576,0.1994600296,1.01005496,0.4014119407418825,1.270080116494847
12.95512108,0.1340236068,-1.370885372,-0.01453971863,1.377497889,0.38963029685272843,1.2740392196106292
12.96510024,0.150821805,-1.398227334,0.003691673279,1.406342961,0.3758135874771245,1.2778584631070038
12.97511001,0.1015544534,-1.090007663,0.313990593,1.138867905,0.3633602574641643,1.2815579431959427
12.98511985,0.1059623957,-0.5863118172,0.1286783218,0.6095471161,0.3549704125713214,1.2851531307330168
12.99509901,0.043443501,-0.2465569079,0.0009307861328,0.2503567714,0.3508147474379368,1.288674702251696
13.00510878,-0.003061234951,-0.03803937137,-0.1411170959,0.1461861816,0.34939037578876253,1.2921791483698564
13.01511862,0.07621318102,-0.0190359503,0.00886631012,0.07905332264,0.3491047183698299,1.2956750604365128
13.02509778,0.1611579061,0.1661809534,0.1253128052,0.2632323671,0.3498389101343975,1.2991624955864245
13.03510755,0.2282909155,0.49196738,0.002493858337,0.5423604562,0.35313286685600614,1.302680788488507
13.04511739,0.09107345343,0.6699273586,-0.0480222702,0.6777928726,0.35894805707112026,1.3062446965462884
13.05512724,0.05733835697,0.7341225743,0.1291742325,0.747602584,0.3659752216815394,1.3098728831871993
13.06510639,0.02196913958,0.9060978293,0.2251176834,0.9339025061,0.3741592244018329,1.3135658395160161
13.07511616,-0.01787215471,0.9077388048,-0.0212097168,0.9081624325,0.38323726816429043,1.3173565218607128
13.08512601,0.05877202749,0.906886816,-0.2125377655,0.9333113897,0.3923193332994724,1.3212381244842937
13.09510516,0.04105347395,1.035460353,0.2520656586,1.066489862,0.40201082017523504,1.325201494359817
13.10511493,0.08493196964,0.8782743812,-0.01365852356,0.8824771291,0.41158884244041155,1.329273467107247
13.11512478,0.05384773016,0.6705538034,-0.150056839,0.6892452657,0.41934061134222167,1.3334322067037205
13.12510393,-0.004843473434,0.3831806183,0.05832004547,0.3876236231,0.4245982982693752,1.3376431031886455
13.1351137,0.03450906277,-0.01215844601,-0.1355752945,0.1404256519,0.4264552215741368,1.3419025281843076
13.14512332,0.02339506149,-0.4303144217,-0.1978387833,0.4741919596,0.4242407289410931,1.3461600997844057
13.1551027,-0.0309535861,-0.8814255595,0.2237577438,0.9099102535,0.4176955530742988,1.3503611008314154
13.16511247,0.1027101278,-1.323260307,-0.04679012299,1.328064956,0.406661353851341,1.3544869123495338
13.17512232,0.08768075705,-1.44724679,0.08477210999,1.4523765,0.39279517361888905,1.3584881323102824
13.18510147,0.02538961172,-1.283244014,0.3502922058,1.330437695,0.37917118496552144,1.362339916353916
13.19511124,0.05243599415,-0.9701821804,0.05056095123,0.9729128463,0.36789304600656186,1.3660788869175446
13.20512108,-0.02147990465,-0.634183526,0.1002693176,0.6424204753,0.3598633239952861,1.3697212493288944
13.21510024,-0.07304280996,-0.3000560701,0.08525276184,0.3203699903,0.3552018607913773,1.3732891242736023
13.22511008,-0.003802418709,0.01461559534,-0.04954814911,0.05179858198,0.3537732540504414,1.3768374880053764
13.23511985,-0.05951601267,0.2665935755,0.1657075882,0.3194891157,0.35518067361144096,1.3803857208836223
13.24509901,0.05765777826,0.4537806511,-0.2391605377,0.5161773547,0.3587750384449999,1.383948060025385
13.25510885,0.03114658594,0.5515056849,-0.01434326172,0.5525706827,0.36380641613377235,1.387564522399035
13.26511862,0.03337913752,0.488444984,0.09322834015,0.4983815733,0.3690112496372908,1.3912321905421883
13.27509778,-0.01562929153,0.4089756012,-0.1557846069,0.4379202677,0.3734890014407924,1.394936954944962
13.28510762,-0.03457665443,0.402472198,0.1507854462,0.4311793896,0.37755023275996463,1.3986958462289982
13.29511739,0.002767801285,0.2246833742,0.1484413147,0.2693048519,0.3806890742759348,1.4024907467631926
13.30512701,0.0113453269,0.2034721822,-0.1220798492,0.2375565931,0.3828319114861611,1.4063120242279445
13.31510632,0.0410681963,0.1186701953,0.1484365463,0.1944289595,0.3844392908107659,1.4101404428188415
13.32511616,0.0251505971,0.1206174418,0.1269359589,0.1769006994,0.3856369062914405,1.4139946125792424
13.33512601,0.02457326651,0.05088624358,-0.0262298584,0.06229976472,0.3864952693739909,1.4178590762085346
13.34510516,0.01334673166,-0.06163814664,-0.1625986099,0.1744009871,0.3864416219472803,1.4217157027980487
13.35511493,0.003169059753,-0.02901881933,-0.1169595718,0.1205474025,0.38598789425815155,1.4255816236972625
13.36512478,0.02031320333,-0.0394846499,-0.1765909195,0.1820879366,0.3856450395324156,1.4294435886584147
13.37510393,0.007624208927,0.02161645889,-0.01107406616,0.02545652761,0.38555588485325687,1.4332915535107063
13.3851137,0.00763130188,0.09399177134,0.1545114517,0.1810151335,0.3861344907506115,1.4371537750962105
13.39512332,-0.05915820599,0.1584836096,-0.1323795319,0.2148047678,0.38739808206189386,1.4410251586519482
13.4051027,-0.04429268837,0.1565996259,-0.1080207825,0.195329912,0.38897024973123595,1.4448989959534133
13.41511247,-0.01640915871,0.3043321967,0.1652536392,0.3466931088,0.3912771604961893,1.4488040445131494
13.42512232,-0.007555603981,0.302238524,0.04813957214,0.3061415211,0.3943130014604886,1.45273586435448
13.43510147,0.06581687927,0.2218241096,-0.2126522064,0.314259062,0.39692785127553315,1.4566838199322703
13.44511124,-0.03804808855,0.4476128817,0.4770975113,0.6553067863,0.4002783064317356,1.460673745072887
13.45512108,-0.03271692991,0.3118685186,-0.05902099609,0.3190859577,0.40407945008172524,1.4646994912956166
13.46510024,0.06461852789,0.168091774,-0.4634494781,0.4972080223,0.40647425035847645,1.4687438138282591
13.47511008,-0.02546393871,0.001180574298,0.5829439163,0.5835009987,0.4073214449199201,1.472816796179472
13.48511985,0.1238150001,-0.3309652805,0.4322290421,0.5582921421,0.4056709103906203,1.4768857294236803
13.49509901,0.09267538786,-0.4945783615,-0.278503418,0.5751179331,0.4015517943453698,1.4809134316867771
13.50510885,0.05706065893,-0.6833119392,0.2032089233,0.7151678066,0.3956565476215912,1.484903395661654
13.51511862,0.003530800343,-0.6197730303,0.3785209656,0.7262294383,0.3891347572040141,1.4888311858913068
13.52509778,-0.05273842812,-0.50084728,0.09663200378,0.5128031629,0.38354333251614825,1.492686525034212
13.53510762,-0.06707930565,-0.3295678198,-0.008058547974,0.3364216422,0.37938717137485706,1.4965049311717464
13.54511739,-0.0766004324,-0.1052282453,0.01640033722,0.1311852923,0.37721106707057905,1.5002916183463684
13.55512701,-0.01885080338,0.0638853386,5.054473877e-05,0.06660849669,0.37700415367769785,1.5040663222253214
13.56510632,0.04068470001,0.2114441693,0.04355335236,0.219683354,0.3783779529334387,1.5078354183304843
13.57511616,-0.003989636898,0.2902234495,0.1302499771,0.3181361727,0.3808887592321233,1.511635487483536
13.58512578,-0.006053447723,0.2222057283,-0.0008029937744,0.222289619,0.38345336990546847,1.5154608746148652
13.59510516,-0.05002385378,0.1447988749,-0.05518245697,0.1628318263,0.3852846091040093,1.5192966388213487
13.60511493,-0.06343662739,0.10297025,0.1106672287,0.1639338695,0.38652466508068445,1.5231594554805765
13.61512478,-0.04730159044,0.1135225147,0.238114357,0.2679985985,0.3876081951310507,1.5270339323859723
13.62510393,-0.07392436266,0.1074551493,0.001505851746,0.130436529,0.38871077975890345,1.5309074341351085
13.6351137,-0.01167058945,0.1356933862,-0.02693939209,0.1388330961,0.38992771021699935,1.5348044302340116
13.64512355,-0.04188585281,0.1918929964,0.02833461761,0.1984444439,0.39156725549293353,1.5387157539252672
13.6551027,-0.05143469572,0.1638552099,-0.01938343048,0.1728287451,0.3933422878493831,1.5426321189599899
13.66511247,-0.01623612642,0.1976724416,-0.0862903595,0.2162961676,0.39515169216946067,1.5465784406531764
13.67512232,0.01064968109,0.1811064333,0.09573554993,0.2051298403,0.3970474520299194,1.5505433379549582
13.68510147,-0.01248621941,0.1422543377,0.1006183624,0.1746890298,0.3986608848488817,1.55451358437994
13.69511124,-0.01060020924,0.03984118998,-0.01177215576,0.0428750336,0.39957225202393437,1.5585086494331777
13.70512109,-0.02531850338,0.01669107378,0.1415977478,0.1448086349,0.3998551917641334,1.5625097238322792
13.71510024,-0.03079932928,-0.03264789283,0.09861946106,0.1083525805,0.39977557401872205,1.56649954151046
13.72511001,0.009066045284,-0.05024041235,-0.0736618042,0.08962339878,0.39936072758345126,1.570499126799304
13.73511986,0.02946418524,-0.007568597794,0.01738929749,0.03504011346,0.3990713978233563,1.5744952197045554
13.74509901,0.01208847761,-0.0129236877,0.1252384186,0.1264824671,0.39896915002796257,1.578477102871101
13.75510878,-0.00169223547,-0.06148318946,0.05597782135,0.0831658748,0.39859675216456764,1.5824688284914958
13.76511862,0.01013720036,-0.0139708966,-0.03713321686,0.04094904855,0.39821911050016423,1.586456828138864
13.77509778,0.02984505892,0.07436276972,0.1499052048,0.1699768204,0.3985204405824463,1.5904322238681543
13.78510762,-0.02507734299,0.209385246,0.1047019958,0.2354433315,0.3999405767012837,1.594428457382778
13.79511739,-0.06375446916,0.3207291961,-0.1536207199,0.361290984,0.4025937385208333,1.5984450493390185
13.80512724,-0.03905698657,0.3852603436,0.03572559357,0.3888795425,0.4061271632178161,1.6024926367981527
13.81510639,-0.01121467352,0.378036499,0.1100931168,0.3939008224,0.4099356900612325,1.606564443609303
13.82511616,-0.002252995968,0.4500488937,-0.05251693726,0.4531082778,0.41408016222187577,1.6106885481881568
13.83512578,0.05240005255,0.4199697375,0.08656406403,0.431988059,0.4184344401674918,1.6148551255953412
13.84510516,-0.04063561559,0.3620222509,0.07725715637,0.3723976794,0.422336337772091,1.619050311138318
13.85511493,-0.001565337181,0.2639364004,-0.02542114258,0.2651624186,0.42546918883660256,1.623293480301359
13.86512478,-0.03673183918,0.1416413784,0.005940437317,0.1464472495,0.4274990752011634,1.6275625224902488
13.87510393,-0.02226853371,-0.01656123251,0.03724002838,0.04644331738,0.4281231719700925,1.631831713864178
13.8851137,0.001341044903,-0.1269977689,-0.05119037628,0.1369331455,0.4274046756773206,1.6361135323559508
13.89512355,-0.01572781801,-0.2145460546,0.08539676666,0.231451899,0.42569527445648997,1.640383233623874
13.9051027,-0.002014815807,-0.3228161931,0.08548927307,0.3339502505,0.4230140652194219,1.644617932527388
13.91511247,-0.0168005228,-0.4131432474,0.02572631836,0.4142842549,0.4193306728550551,1.6488337710718057
13.92512232,0.006455481052,-0.4284954071,0.1287240982,0.447459362,0.41511833451218194,1.653010125770003
13.93510147,0.01253655553,-0.4327180982,0.0856180191,0.4412851265,0.4108212451364749,1.6571312132481282
13.94511124,0.002197563648,-0.3878421187,0.08318042755,0.3966677727,0.40671443561531534,1.6612228853136877
13.95512109,0.009020924568,-0.3062511086,0.1310167313,0.3332214016,0.4032405510696705,1.6652766492754225
13.96510024,-0.0268702507,-0.1358863115,0.01368808746,0.1391921829,0.40103447325177516,1.669289639829901
13.97511001,-0.02891463041,-0.01418858767,0.06879425049,0.07596065279,0.40028336564004274,1.6733001434620032
13.98511986,0.01399582624,0.02810948342,0.04968738556,0.05877807835,0.4003530386792043,1.6773072686178905
13.99509901,-0.04347211123,0.07576548308,-0.005295753479,0.08751158715,0.4008713306151786,1.681305037700313
14.00510878,-0.002844005823,0.07459525764,0.0953540802,0.1210988912,0.401623868830997,1.6853214338865932
14.01511863,0.01406350732,0.08191937953,0.006886482239,0.08340258161,0.402407212851435,1.6893455491480824
14.02509778,-0.02124291658,0.1726590097,-0.0001440048218,0.1739609608,0.4036774508178772,1.6933675690338101
14.03510755,-0.02584722638,0.2655570805,0.06223106384,0.2739732604,0.4058706719544778,1.6974192642902517
14.04511739,-0.01701408625,0.254144311,-0.05019283295,0.259611499,0.4084717358428241,1.7014949828938848
14.05512724,-0.01093262434,0.2346113026,0.04088687897,0.2383982434,0.4109179210322209,1.70559596667232
14.06510639,0.002272754908,0.2114448249,0.05058097839,0.2174224339,0.41314355153459204,1.709707683194303
14.07511616,-0.04770898819,0.2063974142,-0.01865291595,0.2126592848,0.41523480388943,1.7138536215996893
14.08512601,-0.03539428115,0.1748922914,0.0940694809,0.2017154827,0.41714313026923,1.7180196107318082
14.09510516,-0.03786993027,0.1007582396,0.12296772,0.1634240332,0.41851850926744427,1.7221892071568992
14.10511493,-0.008037686348,-0.0004474371672,0.008136749268,0.01144601636,0.41902055329787813,1.7263809938480463
14.11512478,0.00949421525,-0.1067453027,0.09676647186,0.1443899229,0.4184840616742982,1.7305726416331364
14.12510393,-0.01913973689,-0.1716447026,0.06564903259,0.1847647935,0.41709501386360354,1.734741826098963
14.1351137,0.0007884502411,-0.1763734818,-0.003744125366,0.1764149801,0.41535322287277276,1.7389081337922814
14.14512332,-0.03640183806,-0.08032724261,0.1160125732,0.145727406,0.41406848452023837,1.743059231847659
14.1551027,-0.04277551174,0.07991287112,0.0178899765,0.0923897323,0.41406641693495844,1.7471913682841014
14.16511247,0.005639791489,0.2807253599,-0.04672908783,0.2846438873,0.41587136980781697,1.7513451114639034
14.17512232,0.01509729028,0.3908250332,0.1376485825,0.4146314834,0.4192324291590028,1.7555247433449472
14.18510147,-0.03748100996,0.4606063962,0.1042165756,0.4737342852,0.4234807101333511,1.7597295237569317
14.19511124,-0.03669086099,0.43298015,-0.09435176849,0.4446574927,0.42795300803462927,1.7639908516014848
14.20512109,0.01816517115,0.2711045742,-0.005668640137,0.2717715899,0.4314768992728964,1.7682922338303164
14.21510024,-0.001777082682,0.1206727326,0.07578086853,0.1425054611,0.43343170152847293,1.7726077601621597
14.22511009,0.002503931522,0.0185758397,0.0303144455,0.03564122752,0.43412863018919146,1.7769498345553816
14.23511986,-0.05011576414,-0.0755969882,0.2553949356,0.271022264,0.433843245898381,1.7812939339784342
14.24509901,-0.04171812534,0.02231622487,-0.1468639374,0.1542965715,0.4335773975336887,1.7856219943353873
14.25510886,-0.0190358758,0.07159052044,-0.1469144821,0.1645339851,0.4340473937509593,1.7899643913439074
14.26511863,-0.02644321322,0.1129655689,0.1474637985,0.1876327135,0.4349710757541557,1.7943137288466564
14.27509778,-0.008602648973,0.1778094172,-0.001133918762,0.1780210106,0.43642191935542557,1.7986616095502301
14.28510755,0.01761963964,0.2976318598,0.09692382812,0.3135114099,0.4388014482710637,1.8030420018545135
14.2951174,-0.02536183596,0.4724091291,0.2524690628,0.5362408374,0.44265544566743453,1.807453627499409
14.30512701,-0.07529330254,0.5857735872,0.08482551575,0.5966532871,0.4479514438168859,1.8119109413129342
14.31510632,-0.009305626154,0.4228436351,-0.0876789093,0.4319385669,0.45298409578322135,1.8164062988327776
14.32511616,0.03360900283,0.3596961796,0.0007047653198,0.3612636204,0.45690064495260985,1.8209601991693813
14.33512601,0.07337528467,0.4145590663,0.1034040451,0.4335153381,0.46077573438919567,1.8255531006222583
14.34510516,0.006727486849,0.4136253893,-0.1577663422,0.4427430863,0.4649080228442458,1.8301718691552562
14.35511493,0.01999610662,0.3270528316,0.03838539124,0.329904285,0.4686150321618549,1.8348440446904104
14.36512478,-0.03961983323,0.4510153234,0.1602334976,0.4802700562,0.47250920492251874,1.8395543009127004
14.37510393,0.02707090974,0.6582090855,0.3251161575,0.7346240877,0.47804376330255566,1.844297156239132
14.3851137,-0.08210730553,0.9755787849,-0.1469831467,0.9899998084,0.4862206837083025,1.8491231889060098
14.39512332,-0.02056199312,1.014902711,0.09434890747,1.019486157,0.49618266540379774,1.8540399310116795
14.4051027,-0.1269388199,0.8390307426,0.01953220367,0.8488036039,0.5054332186178918,1.8590376837720242
14.41511247,0.06800419092,-1.350745678,0.03355503082,1.352872646,0.5028721442134324,1.8640841361578782
14.42512232,0.5459294915,-1.657490849,-0.5174160004,1.820174234,0.4878161460135378,1.8690424567488422
14.43510147,0.112929523,-0.4299131036,0.5190534592,0.6833702125,0.4774008874367442,1.8738584795285196
14.44511124,0.2222246528,-0.3999908864,0.473690033,0.6586036387,0.4732473134057531,1.878616364449193
14.45512109,0.1012910008,-1.193285346,-0.6178293228,1.347554398,0.4652730853583076,1.883313588655978
14.46510024,-0.1306794584,-1.228403568,0.1988286972,1.251233511,0.45318988689523665,1.8878963285407597
14.47511009,0.04140365124,-1.557599068,0.1725301743,1.567672089,0.43924615265225514,1.8923629039859917
14.48511986,0.0351510644,-1.985150218,0.2011528015,1.995625074,0.42151509989199315,1.8966709150674317
14.49509901,0.02177834511,-2.280297041,0.2535171509,2.29444979,0.40023233088466553,1.9007710855043496
14.50510886,0.04319483042,-2.370729923,0.04225540161,2.37149988,0.3769542897568692,1.9046608462516637
14.51511863,-0.04045182467,-2.032780886,0.211400032,2.044143941,0.3549152245615674,1.9083237690058332
14.52509778,-0.05555045605,-1.487953186,0.1049222946,1.49268189,0.33734825785426886,1.911777869571108
14.53510763,-0.08710190654,-1.015910983,0.08675670624,1.023322331,0.32481660547823504,1.915091955049723
14.5451174,-0.1102780104,-0.6138477325,0.003732681274,0.6236859877,0.31665985052940987,1.9183024709422487
14.55512701,0.03659045696,-0.3694686294,-0.1633615494,0.4056265837,0.3117385438847914,1.9214474823686045
14.5651064,0.05350005627,-0.4885583222,0.03805828094,0.4929502236,0.3074572510945277,1.9245370805308337
14.57511616,0.2305466533,-1.406080484,-0.2899198532,1.454052134,0.2979748112261526,1.9275671953509015
14.58512578,0.2362466455,-0.8057490587,-0.004849433899,0.8396829998,0.2869050246125523,1.9304944078021053
14.59510517,0.02076601982,1.446347952,0.1148900986,1.451052501,0.2901014177074568,1.9333734939623173
14.60511493,-0.4292252064,1.310352087,-0.4284887314,1.443904243,0.30389837059864583,1.9363463916228145
14.61512478,0.07673662901,0.9242742062,0.3181819916,0.9805157307,0.3150825075991412,1.939444344494629
14.62510393,-0.04462319613,0.8516018391,-0.0343837738,0.853463043,0.3239433743178685,1.942632812059395
14.6351137,0.1476185322,0.6282513142,0.5159101486,0.8262289188,0.3313498691670223,1.9459124793843139
14.64512355,-0.02277237177,0.4609173238,0.3075008392,0.5545449724,0.33680107651256413,1.949256524756119
14.6551027,0.2032492161,0.3827986419,-0.0418586731,0.4354275974,0.34101086060212227,1.9526385182522485
14.66511247,-0.083722651,0.7355068326,0.09768104553,0.7466735363,0.34660785089686513,1.956079970827149
14.67512232,-0.1383421123,0.781288743,0.3283176422,0.8586868546,0.3541992989930745,1.9595874580518118
14.68510147,-0.1487151682,1.03493166,-0.1521482468,1.056574101,0.36326146691037275,1.9631672823528443
14.69511124,-0.04066926241,0.9873710275,-0.3646631241,1.053344544,0.3733828592965011,1.9668541024914121
14.70512109,0.02510088682,0.8680925369,-0.165594101,0.8841018683,0.3826693152765569,1.9706380869212377
14.71510024,0.1067144871,0.7192898989,-0.004951477051,0.7271797972,0.39058967899366326,1.9744963206675732
14.72511001,-0.05782997608,0.68175596,0.0002145767212,0.6842043124,0.3976017523971839,1.9784411281396697
14.73511986,-0.03463667631,0.4547219574,-0.04737567902,0.4584934164,0.4032897391379268,1.9824495299879408
14.74509901,-0.09835076332,0.4464784861,0.1610612869,0.4847232709,0.4077863463408039,1.9864964549471438
14.75510878,-0.0249375701,0.2953668237,0.4744157791,0.5594048395,0.41149919680414226,1.9905968848727467
14.76511863,0.06126916409,0.03965553641,-0.2134246826,0.2255583454,0.4131759585898157,1.9947243221748565
14.77509778,0.1260598302,-0.16547589,-0.1092309952,0.2349569349,0.4125481684990519,1.9988443346362756
14.78510763,0.04074305296,-0.257584393,0.3418416977,0.4299598379,0.4104307835121579,2.002963282567671
14.7951174,0.07736599445,-0.1379285902,0.03865718842,0.1628010175,0.408451286515235,2.00706169315672
14.80512724,0.07734310627,0.1821444184,-0.2714757919,0.3359429279,0.40867258319810973,2.011151332754725
14.8151064,-0.03377425671,0.6529483795,-0.03295230865,0.6546511601,0.41283934552065576,2.0152503322440216
14.82511616,-0.0229203105,0.8612477779,0.01915836334,0.8617656982,0.42041771558490454,2.019420683844008
14.83512578,0.02294635773,1.366898775,-0.3403224945,1.408814465,0.4315691657343239,2.023684716307503
14.84510517,0.0259256959,1.899504304,0.05686092377,1.900532006,0.4478675208455945,2.028072837145347
14.85511494,0.0811522603,2.139660358,0.1954689026,2.150102377,0.4680830754749682,2.032657064545613
14.86512478,0.1211017966,1.91741991,-0.2357959747,1.93565609,0.48838843764988754,2.037444127951082
14.87510394,-0.04413735867,1.717404008,-0.05888271332,1.718979874,0.5065246823746625,2.0424083265564943
14.8851137,-0.1307269335,1.22581017,0.07727146149,1.235180547,0.5212551161498499,2.0475522411145333
14.89512355,0.05753862858,-0.3071092963,-0.3230476379,0.4494291825,0.5258531451201526,2.05279293942907
14.9051027,0.05765265226,-0.9964973927,0.07159900665,1.000728385,0.5193487017748846,2.0580080524342916
14.91511247,0.02070075274,-1.14803803,0.7366781235,1.364226703,0.5086155486058448,2.0631528952915583
14.92512232,0.06259548664,-1.381132364,0.07274150848,1.384462397,0.49595724047165507,2.0681807067579316
14.93510147,0.05342668295,-1.3653543,-0.3230829239,1.404075977,0.482253439275128,2.073061562310329
14.94511124,-0.1162413359,-1.044204354,0.2148447037,1.072395929,0.4701938753111033,2.077828451588392
14.95512109,0.02203059196,-0.9112480283,0.1107883453,0.9182223987,0.4604069827966193,2.082486039088157
14.96510024,0.04024708271,-0.6333410144,0.1955566406,0.6640655599,0.45270013992388985,2.087042055560005
14.97511001,-0.005821108818,-0.4816719294,0.1723241806,0.5116027327,0.4471196283666594,2.0915455500210256
14.98511986,0.121661365,-0.3464816809,-0.2581272125,0.4488660165,0.4429747816586289,2.0960004057861212
14.99509901,0.1434665322,-0.2261030376,0.4030828476,0.4839225263,0.4401178272618189,2.100406662590276
15.00510878,0.1330587864,-0.3211871982,0.4131708145,0.5399777578,0.43737870257001704,2.1047984318099835
15.01511863,0.1917912364,-0.4712103009,-0.3544826508,0.6200652996,0.4334128125168342,2.1091566780336293
15.02509778,0.1462492943,-0.3759393096,0.1185913086,0.4204558467,0.4291858959990239,2.113460678984672
15.03510755,0.08827775717,-0.2996147275,0.3192024231,0.4466006429,0.4258048257320527,2.117739809223003
15.0451174,0.02757257223,-0.2635298371,-0.1381263733,0.2988094992,0.4229863294220717,2.1219879452952135
15.05512724,-0.04186034203,-0.1369618177,0.02537250519,0.1454461817,0.4209819007291304,2.126211938769661
15.0651064,0.03468638659,-0.1003802866,0.1625490189,0.1941688206,0.4197976633123571,2.1304070756668114
15.07511617,0.1168539524,-0.003915458918,-0.1646738052,0.2019594988,0.41927567510005026,2.134606541232132
15.08512601,0.03284043074,0.390732497,0.1411380768,0.416737729,0.4212116634302877,2.138813113122489
15.09510517,0.01941895485,0.4472634196,0.2805919647,0.5283498018,0.4253929110958369,2.1430373143754533
15.10511494,-0.07488304377,0.5427904725,-0.3218984604,0.6354900362,0.43034801696959973,2.1473201993102142
15.11512478,-0.1089955568,0.4713644087,0.007217407227,0.4838558961,0.4354237810176154,2.1516533178973964
15.12510394,-0.0324882865,0.3776849806,0.438873291,0.5799234423,0.43966018086947906,2.1560196193319494
15.1351137,0.05506831408,0.09740363061,0.2929410934,0.3135832755,0.4420379423579515,2.1604324126349277
15.14512332,0.1435277462,-0.1925783604,-0.171500206,0.2951253285,0.44156161091855123,2.1648546605151613
15.1551027,0.06325989962,-0.3009446263,-0.1352548599,0.3359514253,0.4390990842070439,2.169248884379023
15.16511247,-0.02374827862,-0.4118662775,0.260093689,0.4876951284,0.43553154760677887,2.1736263101087285
15.17512232,-0.07784610987,-0.5561921597,-0.05254745483,0.5640664591,0.4306864877329759,2.177961666409251
15.18510147,-0.1176561713,-0.4762678444,-0.1976470947,0.5289030236,0.4255349511080189,2.182233847494956
15.19511124,-0.09568780661,-0.311827898,0.1238241196,0.348891397,0.4215906225483173,2.186473613571665
15.20512109,-0.060095191,-0.1866272539,-0.02425765991,0.1975590999,0.4190958918971939,2.1906811865249765
15.21510024,0.03890126944,-0.3257470727,-0.4023246765,0.5191238864,0.4165393617665488,2.1948506512957757
15.22511009,0.04230356216,-0.05439452827,0.1821079254,0.1947091487,0.41463678156431416,2.1990106255549358
15.23511986,0.06141358614,0.2906130552,0.3046512604,0.4254879163,0.4158190281264682,2.20316696138002
15.24509901,0.03011393547,0.4646257162,-0.2738714218,0.5401753983,0.4195873486192768,2.2073352841522715
15.25510886,-0.1073320508,0.6555545926,0.1319742203,0.6772659654,0.42519376705129736,2.211563350277619
15.26511863,-0.06945741177,0.5396814346,0.09259033203,0.5519541218,0.43117578591529016,2.215849381407718
15.27509778,-0.0361315608,0.927040875,0.2304468155,0.9559372408,0.4384941068832122,2.2201886645630777
15.28510755,-0.1171445847,0.6784572601,0.2510442734,0.7328371816,0.44652944041710213,2.2246181056396077
15.2951174,0.07044786215,0.3291313648,-0.1928491592,0.3879190055,0.4515723459155804,2.2291130377225694
15.30512701,0.167640686,0.5663215518,0.2038183212,0.6247922917,0.4560539131498442,2.233655530162071
15.31510632,0.3187154531,1.179338694,0.464840889,1.30709462,0.4647641555236017,2.2382500946425177
15.32511617,0.002464413643,2.561459303,0.53332901,2.616394402,0.4834865689387358,2.242996018399647
15.33512601,-0.234847486,3.282943249,-0.7313537598,3.371609117,0.5127373361592927,2.2479820393467502
15.34510517,-0.335640043,4.297920704,-0.06638622284,4.311517569,0.5505626633219037,2.2532874597581616
15.35511494,0.1702520251,5.570151329,0.08081150055,5.573338504,0.5999512290187845,2.259045649480229
15.36512478,-0.3072267175,8.289321899,-0.05006980896,8.295164422,0.6693167837670689,2.2653982343427814
15.37510394,-0.6036465168,10.36154175,0.4529933929,10.38899127,0.7623767600128494,2.272541783814955
15.3851137,-0.082780689,8.797755241,-2.647890091,9.187963423,0.8582667423371567,2.280652910066996
15.39512332,-2.702796459,9.261276245,4.564717293,10.67300287,0.9486487637086038,2.2896961788608086
15.40510271,-1.638496637,7.25474596,-1.805135727,7.653399583,1.0310586771247798,2.2995743151797976
15.41511247,0.2750434577,8.382921219,-1.282879829,8.484974822,1.10932332483562,2.31028667025377
15.42512232,0.05595359206,5.934094906,0.06542110443,5.934719292,1.1809789167650315,2.3217494612003122
15.43520824,7.064877033,14.7602272,-1.735817909,16.4556938,1.2853395553727038,2.334187006602564
15.44511124,7.445967674,15.24008751,4.209077835,17.47624211,1.433886113659262,2.347651252502775
15.45512109,-1.552561641,10.17051888,-3.418538094,10.84141617,1.561064292845748,2.362640754666054
15.46510024,12.76850128,21.31019592,3.739198685,25.12251345,1.7181396803939502,2.3790025888308306
15.47511009,-5.177362442,11.17353058,1.385745049,12.39246371,1.8807182952469534,2.397014603084564
15.48511986,1.44068253,11.00924397,-0.5645446777,11.11745158,1.9917405308506293,2.4163958141764175
15.49509901,-3.186064959,9.770882607,4.013689995,11.03317109,2.0954245309160773,2.436789030789485
15.50510886,-0.4956476688,-0.4257536232,1.486063957,1.623366516,2.1421962005953197,2.457998004729143
15.51511863,22.28094482,17.65219116,7.609483719,29.4269366,2.228412539426686,2.479872398852948
15.52509778,13.37308598,5.516789913,-17.54634094,22.74089884,2.344015908163994,2.502686873524334
15.53510763,-14.15399742,28.65807724,14.75024891,35.20214307,2.5150585551497433,2.5270061767826375
15.5447664,-12.69474506,13.28402615,12.68220234,22.32622133,2.7176131201298523,2.552276762881157
15.55509655,3.809018612,1.417205334,6.571317673,7.726532838,2.7935460833370716,2.580742313504003
15.56510632,-1.299703717,0.8924639225,-30.15222931,30.19342071,2.8051057123538894,2.6087629218964796
15.57511617,-1.683568954,3.21898365,0.8258609772,3.725359918,2.8256831990956828,2.636944598089115
15.58518694,19.71824646,10.73908138,9.267676353,24.29047009,2.8959674303767726,2.6657553118440025
15.59521194,8.043759346,10.89764881,6.166597366,14.88246408,3.004421540454154,2.6953310115602944
15.60511494,0.3774120808,11.82240391,-10.2221899,15.63345261,3.116919881497229,2.7256408336110853
15.61512478,-6.352243423,14.92877865,8.153904915,18.15779705,3.2508074101154296,2.7575107992874246
15.62510394,-7.92547226,-0.7649617195,-1.031888008,8.028889701,3.321478907795516,2.7903037476535477
15.63511371,18.04508781,4.924865246,-1.034790993,18.73366713,3.3422987465567426,2.82365518847915
15.64530663,7.589929104,-15.26332283,-16.35251999,23.62162055,3.2896092110181914,2.8574544421086117
15.65510271,18.7881012,-4.595927238,7.03584671,20.58199292,3.1923378098151325,2.8892032778945316
15.66500609,-27.08981133,-13.71977329,9.92866993,31.94790358,3.1016441386676328,2.9203691253690165
15.67509163,8.091016769,6.084997177,8.30207634,13.09260152,3.0631437187282784,2.951456732632658
15.68510148,-11.18621826,-1.166130781,-17.08834267,20.45734086,3.0877622761252774,2.982241555818949
15.69506548,2.643675089,0.457536459,8.336267471,8.757380484,3.084232059213073,3.0129904315976046
15.70509063,-4.160843849,-6.524053097,8.001235962,11.13084306,3.0538231895763484,3.043757893886307
15.71510024,31.09911156,5.068826675,0.490855217,31.51330961,3.0465400651033914,3.0742890224051416
15.72509471,-6.157412529,2.510167122,0.5087108612,6.668842086,3.0844140781705445,3.104926841033307
15.73508917,-3.493466377,-9.747220993,5.851388454,11.89333306,3.0482488554547684,3.1355731682251062
15.74509901,9.966722488,2.778201103,6.595223427,12.26991975,3.0133694684269083,3.1659110830066695
15.75510878,11.04866028,1.920078635,-8.449355125,14.04105402,3.036883818213428,3.196191904927176
15.76511863,-5.580005169,0.6251958609,-5.607619286,7.93553537,3.0496227261698197,3.2266544136938218
15.77520478,3.657985449,-0.1886399686,5.486869335,6.597134051,3.0518243102763805,3.257424468707146
15.78510763,-2.67193675,-3.113881588,3.924715996,5.677930978,3.03547212247799,3.287565260446701
15.7951174,-6.424986362,-3.649863958,-2.642210007,7.847498352,3.001620353850998,3.3177802140250927
15.80523401,-10.43777847,0.6676322818,-0.2249183655,10.46152669,2.9865353164521187,3.348070131792962
15.8151064,17.68513489,-0.8884284496,-2.813613892,17.9295768,2.9854454235126053,3.377548993261672
15.82511617,29.04281616,10.14467621,-6.941256523,31.53697303,3.0317718790849146,3.4076644738811828
15.83527863,-1.713466406,-15.16808796,-2.547939301,15.47575052,3.0062467685984617,3.4383450353743514
15.84521217,4.543921471,0.7758143544,6.219139099,7.7412403,2.9347636558223726,3.4678526677200536
15.85511494,-15.22103024,-10.50687981,-6.446303368,19.58645225,2.8865814042914963,3.496676388330526
15.86512478,-7.111884594,-1.259986162,-1.880934715,7.463536897,2.827689181450912,3.525275855470521
15.87510394,0.5850148797,4.174014091,7.100292206,8.257044596,2.842228956924892,3.553566365615399
15.88511371,-13.45560169,-7.449551105,5.388600349,16.2968108,2.825835270856579,3.581934375248059
15.89512355,29.33386993,15.78440952,3.534852028,33.49804006,2.867550570434975,3.6104293159128518
15.90510271,-19.50867271,-7.653997421,-13.14474297,24.7377496,2.9081179120359044,3.63924747585962
15.91511248,18.09707642,7.62173748,3.088528156,19.87797935,2.9079564547410928,3.6683562592167864
15.92512232,-10.04234695,-0.1833664775,6.583917618,12.00959312,2.9451849065389264,3.697650763478685
15.93510148,-13.8839426,-12.79041958,-2.155328751,19.00010887,2.8804511631021437,3.7267182406990456
15.94511125,0.6248154044,8.387569427,-4.966095924,9.767488107,2.8584154044141465,3.7554406078998093
15.95474017,13.24156094,4.258465767,-0.1912794113,13.91078914,2.919299235014257,3.7832571839227542
15.96513071,3.904166698,-0.5416563749,5.881001472,7.079695442,2.9386090633447517,3.8136905991679684
15.97518578,-12.96338367,-11.14894962,1.115402222,17.13454161,2.8798341325341825,3.8429430259807615
15.9850894,16.8913517,5.144264698,-6.262677193,18.73505664,2.8501000736905757,3.8713165714824855
15.99519063,-11.77991676,-7.121490955,-3.828296661,14.28768448,2.8401138650985778,3.9000556513549434
16.00521471,0.0618416667,4.754311562,-0.3704690933,4.769124675,2.828249467293685,3.9284657151114293
16.01511863,-41.72623825,-2.21980238,0.7659358978,41.79226171,2.840800255382581,3.956538622576131
16.02521986,-1.770311117,6.910267353,5.380640984,8.935160532,2.8644899881321897,3.985353847059381
16.03510755,37.79063416,9.156452179,-3.302350044,39.02407157,2.9439213591568647,4.014069732456617
16.04491801,-16.8772583,-4.670735359,2.721103191,17.72179503,2.965924831873835,4.0430588872882485
16.05509655,6.43221283,22.63321877,4.47158289,23.95059513,3.0573407598229196,4.073712912166098
16.0651064,-15.08178139,-3.943947077,-1.873941422,15.70116253,3.1508791629510355,4.104784587263096
16.07511617,-4.059817314,7.349331856,-16.43821907,18.45832716,3.167922722150681,4.136409464035814
16.08533955,14.43277264,9.829377174,-3.308260918,17.77262423,3.255734957312236,4.169245210759345
16.09521194,-25.67889404,-6.879464149,0.6133852005,26.59151872,3.270296303236673,4.2014589736375045
16.10511494,10.02633095,-0.5889449716,-7.121925354,12.3124323,3.2333164754760175,4.2336616123113044
16.11512478,7.384379387,-9.320006371,-13.10610008,17.69636791,3.183722966722419,4.2657783813563475
16.12510394,37.61045074,3.439413071,6.562397003,38.33328347,3.154381276004604,4.297402859523775
16.1350984,1.913183808,-5.149419785,6.205985546,8.288006576,3.1458359791532002,4.328886494197771
16.14509286,-1.851570606,7.449545383,-3.948213577,8.632058305,3.1573302357952913,4.360384865502092
16.15510271,-11.66670799,-1.861198068,-21.96487999,24.9405711,3.1852994949808258,4.392129251607406
16.16515871,15.60909557,11.51788521,6.148724556,20.34975081,3.233853317930796,4.424404751950721
16.17509163,8.756319046,13.3039732,7.171405792,17.46705147,3.3571300848497327,4.457138607381297
16.18510148,-17.68217087,-12.37559891,-2.819957733,21.76618424,3.361776528543111,4.49076623106333
16.19511124,10.96169853,-6.909913063,-22.80696487,26.23096224,3.2652548553796916,4.523933727896095
16.20512109,9.14702034,-9.356342316,-7.179595947,14.9250032,3.183843467176955,4.556210981318115
16.21510025,-4.697643757,9.305584908,14.53354836,17.88535141,3.183590209029146,4.5879818010402404
16.2252174,-4.305661678,0.2205861211,7.386939526,8.553026148,3.231779059642672,4.62043442763851
16.2350894,-22.47037888,-16.92628098,-8.909173012,29.50915584,3.1493197498191297,4.651931531362018
16.24525163,21.10202217,11.74230766,-3.289055824,24.37201299,3.122979385223281,4.683801804581565
16.25521594,-3.914868355,7.222397327,6.871296406,10.70999214,3.217464484997796,4.715390878711808
16.26495071,-3.108822107,-2.069005251,9.218283653,9.945969593,3.242548028287641,4.746834246718791
16.27509778,12.44357491,-18.63959503,-10.7943182,24.87557768,3.137482219960992,4.779203553484335
16.28510755,14.19275475,17.68218994,-7.797917366,23.97710666,3.1326905175871276,4.8105850469658975
16.29501094,-13.92642212,-0.09210185707,-0.5599985123,13.93798099,3.219791268796946,4.842040599265132
16.30509655,-13.73154259,6.512238979,3.884647369,15.68614049,3.2521667683760915,4.874677421614769
16.31521309,-14.04869652,-4.56727314,-1.323360443,14.83162637,3.262004930730532,4.907627860895216
16.32511617,-15.05715942,-6.568018436,0.8506803513,16.44933352,3.2068680890803,4.939658744407733
16.33512602,21.33399391,9.851222992,4.138587475,23.8602975,3.2233002816427376,4.971841254840572
16.34510517,-14.02701473,0.8009836674,-1.745360374,14.15786001,3.2764502656853107,5.004272247677755
16.35511494,-3.385678291,-6.006706715,-1.96022892,7.168391763,3.2503962204902233,5.036938363753717
16.36512478,2.502563238,-15.29925346,-2.143759727,15.65010176,3.143761594291177,5.068940612084068
16.37510394,6.161944389,0.6266325116,0.8158245087,6.24722311,3.070551378259457,5.099947423805649
16.38511371,-9.963020325,13.99265671,0.5213718414,17.18511112,3.143719239595304,5.13104913360689
16.39480294,5.968770504,11.34339333,3.168536663,13.20372743,3.2664626476598753,5.162103996930624
16.40520948,-11.89939308,-9.61058712,2.194378376,15.45232141,3.2754789062281806,5.196143485159718
16.41511248,29.24974823,5.59304285,-3.373040199,29.97010677,3.255586035775273,5.228482053220052
16.42486332,5.255429745,-0.8539850712,2.557491302,5.906741408,3.2786909328511875,5.260339397838429
16.43522355,-4.158055305,-10.72385979,-1.97312355,11.66978188,3.2187163650180133,5.29399671484323
16.44511125,12.03536129,4.563617229,3.768917561,13.41198207,3.1882610498328128,5.325671850135641
16.45512109,5.195690632,12.17109394,-5.870231628,14.47723552,3.2720169404567527,5.358005024654797
16.46510025,-7.302168846,4.604244709,-8.279266357,11.96106143,3.355718834673033,5.3910746425236695
16.47521686,4.882423401,11.68511772,5.167948246,13.67800144,3.4381153980944616,5.425439928192451
16.48508917,-15.48133755,-4.859724998,-3.26072979,16.55056187,3.471806594506121,5.4595483741858315
16.49509902,16.88349533,-5.368040562,-1.624829292,17.79068139,3.420617394960723,5.494044439321324
16.50510886,17.12420654,0.1704212576,8.167938232,18.97321027,3.394603726151749,5.528154075814798
16.51504232,0.7526574731,-8.14561367,-7.465161324,11.07457218,3.354993098741313,5.5616775008528965
16.52509778,11.41769981,14.92195511,-6.91740799,20.0219666,3.389062713889445,5.595584792583735
16.53510763,-30.5104866,-0.3413472176,-4.273008347,30.81014299,3.462037562845311,5.62987403563627
16.5451174,-9.228619576,4.46017313,4.310514927,11.11940208,3.4826518128718926,5.664631407322456
16.55512702,5.645949364,-4.790596008,-10.96190453,13.228375,3.480998109147849,5.6994831520886855
16.56510632,13.64070702,10.90819263,1.60575676,17.53955556,3.511522775132815,5.734373383918941
16.57511617,-18.05906105,-22.86046791,6.080861092,29.76083921,3.4517025337770644,5.769223804348135
16.58477532,-8.821103096,-5.764235973,6.066779137,12.15911532,3.313457379521362,5.801896651536395
16.59521217,-0.7299167514,-1.00697124,3.36888361,3.591120482,3.2781223425208577,5.836294315947398
16.60511494,1.821085215,2.517200947,-9.00706768,9.527849714,3.285600071238652,5.8687938326510505
16.61512479,13.92247581,8.2932024,6.401959419,17.42405301,3.339705329210133,5.90195298928239
16.62519555,11.38355446,-16.94883919,8.518185616,22.12256649,3.296120908830497,5.9353668960049
16.63511371,-10.34565926,-18.46835709,0.19972229,21.16961898,3.1204841991023096,5.967187354063541
16.64489502,2.809382677,7.947319031,-5.751515388,10.20453037,3.0690294317138656,5.997458129849663
16.65511063,-6.902528286,13.58050919,-0.5269737244,15.24312395,3.1789893803402247,6.029371791577966
16.66511248,-4.793297768,10.67336845,3.610724926,12.24474712,3.3002812033770645,6.061774137821849
16.67512232,-1.261784554,0.1161659211,-1.381403923,1.874532363,3.354281959741663,6.0950796940882
16.68531525,19.36991882,18.16513824,1.648680687,26.60609236,3.447451986553052,6.129744493084799
16.69521809,6.340545654,17.70173454,0.4850769043,18.8092856,3.625043937773441,6.164763390854436
16.70509063,-17.28955269,6.009278297,-7.079974174,19.62564883,3.742087899110338,6.20112954272689
16.71510025,5.047032833,12.14297199,0.6499633789,13.16612174,3.8329364628692018,6.239041100403962
16.72511002,-3.605294466,14.36036491,-0.5828666687,14.81748839,3.965582616169957,6.278071791564859
16.73507402,-10.17387772,13.16680813,-5.035182953,17.38463953,4.102722992255238,6.3182680901060335
16.74509902,1.855841875,10.30892181,-1.837285042,10.63454909,4.220395088579516,6.359987719486227
16.75510878,5.863512039,5.18287611,-4.363737106,8.96019976,4.297929678153358,6.40262091274475
16.76511863,16.0206852,9.723211288,0.03205776215,18.74044342,4.372533527623789,6.446015930804921
16.77509778,3.429218531,6.609196186,-1.264016151,7.552400333,4.454025299645869,6.490056708065493
16.78510763,-22.08298111,7.531932831,0.7875823975,23.34541396,4.5248005897912735,6.534995058230182
16.7951174,9.133021355,12.05139923,-2.650602341,15.35167728,4.622812914673391,6.580777811844474
16.80512725,7.496126175,7.443847656,6.426797867,12.36553704,4.720385163194334,6.62753981748436
16.8151064,5.86687994,7.197230816,3.228773594,9.830838752,4.793437922311259,6.675009751306219
16.82511617,-6.909781933,6.71230793,1.606594086,9.766335478,4.863053564138033,6.723339380699376
16.83512579,11.5822382,8.105823517,2.443327904,14.34651413,4.93721549658528,6.772387865297166
16.84510517,-9.453075409,11.42328835,-2.020467758,14.96443922,5.034659710776938,6.822144431300592
16.85511494,3.451813698,3.59915638,-2.193701744,5.44805211,5.109845319069444,6.872916512356895
16.86512479,7.489874363,0.4387548566,5.365440845,9.223810452,5.130054761965283,6.924166444269964
16.87510394,-13.97151375,-2.952272654,-9.535246849,17.17090687,5.117513376401321,6.975297454063952
16.88451785,-3.158116817,-2.898998737,-4.2218256,6.01678543,5.089971705271089,7.02334362700657
16.89452769,20.6152935,-12.11083221,-4.915074348,24.40943545,5.01484870216784,7.073917444760162
16.90450685,20.63481522,-8.20437336,2.138175488,22.30872331,4.913484358759876,7.123455656834307
16.91451662,9.162783623,-2.220602989,-3.472250938,10.04709948,4.861308551005412,7.172377371246497
16.92441969,-9.135773659,-8.101023674,0.6263771057,12.22625426,4.810200655326635,7.220266187584472
16.93450562,12.04034519,-1.765944004,2.955911636,12.52301418,4.760441882670355,7.268530602931097
16.94451539,-32.13891983,-9.660355568,-2.862969398,33.68128904,4.703254567336946,7.315895315338292
16.95452523,-13.32135201,-4.546907902,5.136898994,14.98400888,4.632148350250658,7.3626182601085945
16.96409077,4.636198044,-7.81831789,-2.783082008,9.506101851,4.573008319289473,7.406644407272957
16.97462,6.482109547,9.685347557,-5.774999619,13.00670297,4.582837511679809,7.454846410572379
16.98453823,-5.685764313,2.694981575,1.723926544,6.524014427,4.644232987583227,7.500604514291316
16.99450316,-4.600372791,2.381916285,2.011039734,5.55708879,4.669528453479258,7.547010004689771
17.00451292,-13.74010277,-5.629192352,5.494150639,15.83236943,4.653276226437053,7.593669523376186
17.01452277,-12.62264729,4.350500107,-2.877342224,13.65786125,4.6468764676527465,7.640216090098651
17.02450193,-6.560879707,-1.151178479,1.178203583,6.764504277,4.662839738861384,7.686667663888351
17.03461816,17.14522552,5.917437077,-7.881076813,19.77589926,4.686948022969809,7.733959965613292
17.04452154,-5.594376564,-8.886017799,0.2933979034,10.50449636,4.672248531494488,7.780303805600071
17.05453139,-21.93255806,-33.50246048,-1.384606361,40.06705749,4.460097376843976,7.826010511945359
17.06463262,31.61159706,12.22151089,2.827362537,34.00959241,4.352615493630477,7.870520131759671
17.07452031,14.83883762,16.57967186,1.414493561,22.29523297,4.495004076963141,7.914261391535649
17.084332,-21.59531403,-15.16327572,0.6336536407,26.39477288,4.5019526968845796,7.958399066939843
17.09450931,18.46444321,-11.79046631,0.9155979156,21.92690307,4.364794402734916,8.003518883902055
17.10451908,14.73511124,3.818093538,5.211947918,16.08930522,4.3248935938339255,8.047009773010762
17.11452893,-6.413209438,-13.71505833,-5.336832047,16.05346867,4.275360027322328,8.090053397365626
17.12450808,-4.266086102,-16.15803909,-9.410345078,19.17905922,4.1263059672629385,8.131974139970557
17.13451785,2.482602358,-9.308227539,2.057601929,9.850895395,3.9988502314054117,8.172639612351944
17.14445139,-0.2101954818,-0.2666767538,8.52474308,8.531502987,3.9512938840110676,8.212126149640065
17.15450685,-4.542465687,-3.032846451,-1.842905045,5.764412469,3.934704772208598,8.2517748216639
17.16451662,11.70859718,-9.799336433,-14.21688366,20.86235901,3.87048117257521,8.290838879721159
17.17452646,18.23844147,3.843161106,-4.25780201,19.11908765,3.840670991557605,8.329432579410465
17.18412462,-1.322017789,11.33688545,8.019128799,13.94916232,3.9135212493835696,8.366645568310119
17.19451539,-18.59298706,-9.789931297,2.517280579,21.16314306,3.921558271785754,8.407351822928213
17.20452523,-6.450826645,-6.378881454,1.348467827,9.171786003,3.840634657472002,8.446200977563722
17.21450439,6.244775772,17.52874374,1.224556923,18.6481533,3.8962677873369636,8.484804871264279
17.2245447,-2.333229542,9.790984154,-0.5022411346,10.07767716,4.033417055922678,8.524613118278596
17.234524,-13.4773407,-16.48379707,-4.720602989,21.80913503,4.000022261956355,8.564697168771056
17.24450316,-0.6329436898,2.078233004,-11.87291622,12.07003769,3.92814454760392,8.604255391320704
17.25460462,4.931193829,6.110032082,1.359588623,7.968541011,3.9695012637217237,8.644144267949333
17.26452277,-6.055527687,3.915000677,4.470941067,8.484454013,4.019216153051065,8.683760916772918
17.2743037,-3.82417345,3.773258209,-2.401163101,5.884502046,4.056815314043994,8.723256466001652
17.2845117,-23.59773254,-3.59533143,-3.98815155,24.20092441,4.0577234523240095,8.76467307186519
17.29462831,17.0187645,-7.052170277,3.897059917,18.82972455,4.003865141201979,8.805451045755769
17.3045007,3.791676998,0.2737691998,6.067343712,7.159917859,3.9704056316967162,8.84481360127359
17.31451046,-12.35626888,10.39436531,5.531609058,17.06806696,4.023798364742138,8.884823632971298
17.32452031,8.579382896,1.755295038,5.76947403,10.48683471,4.084606503559349,8.92540559120678
17.3344237,-6.607055664,-19.01599693,-1.862114906,20.21704221,3.999136772304259,8.96543382236715
17.34450931,-3.528673887,-0.3569717407,2.612650394,4.405100488,3.9014426690268014,9.005274903876794
17.35451908,-20.18629456,7.498006821,3.287189484,21.78330115,3.9371827283846685,9.044506322548918
17.36448308,-15.46751881,-1.56640327,-2.053436279,15.68165673,3.9667339772757506,9.083883635576518
17.37450808,16.60746384,-0.2966380119,7.309940815,18.14748148,3.957395482850228,9.123603334495394
17.38462462,-5.796925068,-0.09449774027,0.213886261,5.801639199,3.9554170126090984,9.16362847655681
17.394497,-4.754666328,-22.90155602,0.87155056,23.40614706,3.841904121998181,9.20211753516825
17.40415639,7.663756371,-7.057206631,6.155098915,12.1005194,3.697212435816467,9.238529168711944
17.414624,-16.07926559,7.624125957,-0.06752300262,17.79535439,3.700179581019482,9.277245676036618
17.42449577,-35.2655983,2.217037916,-9.760402679,36.65846616,3.7487544341627657,9.314012757708147
17.43450562,-3.315041542,1.924533129,5.159593582,6.427653858,3.769482686625161,9.351640970629905
17.44451539,12.10253525,-1.631867409,3.858849049,12.80722713,3.7709474448972036,9.389379956288709
17.45452523,-12.14384556,-12.99629402,-7.23773098,19.20316102,3.697734667197957,9.426760112765184
17.46450439,4.180823803,1.606945515,-0.8831958771,4.565259742,3.6409066016843976,9.463376850467561
17.47463631,25.18453979,-1.003568292,1.58561039,25.25435318,3.6439632865610276,9.500281709926627
17.48463116,3.084997177,-13.73306847,-4.675600052,14.83157486,3.570318049590703,9.53633453983294
17.49450316,15.07651711,3.919368982,2.47329998,15.77276241,3.521877628917928,9.571341617702062
17.504696,-1.3364048,9.97359848,-1.055846214,10.11797686,3.592682026150603,9.60760040181934
17.51452277,-4.67970705,13.3063736,0.8580293655,14.13136408,3.707065491768895,9.643466871777674
17.52450193,-28.19466209,5.541897774,5.345924854,29.22722214,3.8011104496511807,9.680929516291465
17.53451177,2.685778141,-8.092207909,0.9957818985,8.584218931,3.788346351450314,9.718914140424442
17.54452154,37.55857849,-1.504647374,-10.59237862,39.05264737,3.740315194397257,9.756594225665332
17.55453116,14.27637768,-2.016716957,-4.858990669,15.21485778,3.722691434979828,9.793945155874097
17.56407539,8.158461571,-22.36643982,1.8845644,23.88241421,3.606332206776961,9.828920099530277
17.57462708,0.05428665876,-1.449955702,15.72403526,15.79083923,3.4806805955441975,9.866310080588338
17.58449946,8.209052086,1.7570436,10.1695776,13.18696504,3.4821964397554264,9.900680164581217
17.594128,-14.8699255,-9.285053253,-30.84429741,35.4781282,3.445954568723273,9.93403415413681
17.60451908,21.1446991,3.420164824,-7.188309669,22.59353056,3.415483306294872,9.969683029073975
17.61452893,-7.736783028,13.58631992,12.29409218,19.8894596,3.5005994869522317,10.004297504747965
17.62450808,7.469488144,4.953678608,10.26358414,13.62620065,3.5931062001075724,10.039692081301475
17.63454839,20.28752327,-1.650325894,-5.554345131,21.09876598,3.6096895427515245,10.07585123236397
17.64463446,-11.26793385,1.52053988,-13.5394001,17.68032041,3.609035027340412,10.112255513026303
17.65450685,22.2766037,4.563770294,0.3977012634,22.74276232,3.6390683687997654,10.14803356476982
17.66462377,0.6509430408,-0.6393964887,6.759261608,6.820569786,3.6589196567189193,10.184950145277378
17.67460254,-6.221726418,1.478787541,0.8045930862,6.445468349,3.663107701844399,10.221482558749784
17.68450562,4.526540756,16.89949989,2.592693806,17.68628647,3.7541085271905006,10.258209201596502
17.69451539,0.2544378638,-0.9618933797,0.07946205139,0.9981441369,3.8338744149498027,10.296186183603876
17.70452523,0.2520961761,-10.68994617,7.840664387,13.25950677,3.7755578901507056,10.334270783536327
17.71450439,19.88744354,6.66333437,13.9161377,25.17080301,3.755466788445668,10.371847433652146
17.72472777,13.91673088,-16.41880608,-25.35042572,33.25502482,3.705599841260364,10.40998609333256
17.73463077,24.02391243,-10.36726379,7.850925446,27.31786151,3.5729686162990886,10.446025925050156
17.74450316,-27.05822945,-6.568655014,7.560504913,28.85231783,3.489369618578363,10.480887003733473
17.7547877,-16.54938889,-3.502761364,1.955793858,17.02870339,3.4375796762802615,10.516507247283949
17.76462993,14.13256931,0.3916530013,-4.574919701,14.85977112,3.4222695542499526,10.550265354230051
17.77450193,20.95803452,-2.008521557,-14.39541721,25.50492906,3.4142886910590193,10.584010605728889
17.78451177,-6.281051159,-2.373652935,6.040644646,9.031900113,3.392356258300514,10.618077319168844
17.79452154,4.469712734,19.63508606,10.74480724,22.82467566,3.4787477460263285,10.65246640453354
17.80451608,-8.707283974,4.82255125,-3.098887444,10.42482125,3.600969163226441,10.687845661452632
17.81451054,-20.52145195,-22.44296646,5.92154789,30.98195383,3.5129158957265596,10.723395381285789
17.82452031,-27.33841133,-24.13006783,4.411759377,36.73026719,3.279823215004055,10.757392259369997
17.83452993,12.04454708,1.067374706,7.411619663,14.1824719,3.1643988178301496,10.78964436624214
17.84450931,21.36103439,3.764200687,-16.49996758,27.25274164,3.1885068812528496,10.821343396279799
17.85458008,-16.38928413,-2.360248804,3.540197372,16.93258416,3.195576319505231,10.853489713067654
17.86452893,-20.81680107,-11.80202484,3.813628674,24.23160665,3.1251271514336967,10.88493157843107
17.87450808,7.068703651,-0.146170944,9.320436478,11.69865263,3.0655107324547477,10.91582023045057
17.88462524,0.445743233,-5.581863403,-7.831296921,9.627309985,3.0365350124677004,10.94668791701492
17.894604,15.44787598,-2.159231901,-5.099457741,16.41047299,2.997911746379818,10.976796064984587
17.90450685,4.443553448,15.81140137,-4.498451233,17.0288474,3.0655094395928586,11.00681864023034
17.91451662,-1.382435679,3.810441256,4.336672306,5.936102902,3.163714505424086,11.037995189714396
17.92452646,-0.4843064845,-3.721054792,6.014105797,7.088742489,3.1641618775254887,11.069665704780943
17.93450562,25.58145332,2.928341866,-32.3746109,41.36546109,3.1602065729641775,11.101221647114139
17.94475947,41.9936142,17.09352493,3.176137447,45.45041339,3.2628571823872754,11.13415221325805
17.95452524,3.956847906,9.026032448,4.050447464,10.6551411,3.390395977314922,11.166639283312755
17.96450439,4.398657322,27.0494976,-2.550649643,27.52325054,3.5703975401541626,11.201370684627678
17.97478893,-12.93660831,11.62622452,-2.168511391,17.52790269,3.769278545740188,11.239113280773893
17.984524,4.156275272,0.7516365051,3.423782349,5.437082595,3.8295282175050067,11.27610073865223
17.99450316,2.860774279,31.06739616,12.90993309,33.76438221,3.9882918265101415,11.31510837718745
18.00410008,11.89333344,16.43937111,6.930278301,21.44138662,4.216251148984544,11.35447754847364
18.01462862,-4.540576935,11.32289696,3.157448769,12.60136172,4.362399223917392,11.399637880272195
18.02450193,-13.43815517,7.081184387,-5.896386147,16.29400369,4.4532538241194635,11.44315771797005
18.0345117,15.1107235,11.68690109,-23.8888607,30.58750214,4.547185933602018,11.488203883906873
18.04462739,9.511564255,6.473845005,7.360753536,13.65874139,4.639040172434876,11.534666391686159
18.0545007,-8.816480637,17.41246223,8.06684494,21.1186685,4.756958630478071,11.581051196156551
18.06451054,-11.02348518,6.016674042,1.734117508,12.67772675,4.874219583188554,11.629254472621705
18.07462685,2.434378862,-3.876177311,-30.65987015,30.99965465,4.885046547430947,11.678618353396633
18.08449947,-8.031401634,-23.01721954,8.626856804,25.85959137,4.752292403621395,11.7261912460341
18.09450931,2.600043058,-10.76891422,10.68008614,15.38811156,4.583195507043319,11.772914616187938
18.10451908,-6.874769688,0.4526773989,4.903233528,8.456303809,4.531563928120948,11.8185329389636
18.11452893,20.62747383,-6.546656132,-7.656914711,22.95603899,4.50106402161019,11.863740564404905
18.12434062,17.26390648,-1.648477912,-3.686396599,17.72990316,4.46085996423609,11.907706374381263
18.13451785,0.4124837518,-9.841751099,11.3263073,15.01051113,4.40239061253728,11.95280804421499
18.14452747,-14.30037022,-16.92127991,9.400792122,24.06668225,4.268446727313151,11.99620393764184
18.15450685,17.05449295,-11.92594242,1.450034142,20.86112249,4.124508030525362,12.038082180067482
18.16451662,25.33797455,-7.270605087,-22.76688004,34.83109931,4.0284315178557915,12.078886704919082
18.17452647,5.872589588,-14.82531452,-5.171946526,16.76383876,3.9178430974167333,12.118657213397922
18.18450562,-3.633450747,10.13454342,8.330400467,13.61273325,3.894438143205452,12.157637176569098
18.19408008,-43.85112,6.600697994,21.04508972,49.08549419,3.974553592959792,12.195307849878219
18.20452524,-17.74239731,-25.30651474,-6.386282921,31.55941951,3.87686096853847,12.236312490538808
18.21450439,4.156337738,11.11797619,-51.66753387,53.01338128,3.8060661913028575,12.27464703182237
18.22451424,-9.460178375,-8.345178604,7.085912704,14.46883339,3.8199438352609727,12.312814640054581
18.23463116,-4.083591461,-7.410863876,42.04512405,42.88809951,3.740242524617608,12.351057540348565
18.24450316,5.858643055,-10.14277649,1.152349472,11.76977156,3.653597755771019,12.387553535972568
18.254513,8.259739876,-8.546402931,-41.61133575,43.27548462,3.560059907903281,12.42365731548664
18.26452277,4.105936527,-4.443522453,5.015922546,7.858949392,3.4950468251977806,12.458967313348536
18.2746087,1.287613153,-16.26599884,5.038098335,17.07697575,3.3906094341504014,12.493691436866468
18.2845117,5.3145051,-8.366427422,7.058650017,12.16822141,3.268641975514136,12.526664720221415
18.29461301,6.670158863,-1.96026206,5.833184719,9.075223996,3.216485429648427,12.559418861375935
18.30463816,-34.89068222,-23.35302544,-15.22830296,44.66122159,3.0896006775581073,12.591028590944768
18.31451047,-17.42927361,-5.245811939,-14.64592743,23.36239096,2.9484323834355886,12.620833258028954
18.32467293,20.97690201,-2.083070517,3.660339355,21.39550618,2.911192646033687,12.650607360517444
18.33463724,4.438907623,-12.87299633,0.4530258179,13.62435935,2.8366792028115655,12.67924414898853
18.34450931,-5.983537674,1.214255691,5.027029991,7.908740134,2.7791312509615382,12.706963985941721
18.35451908,-24.1493454,1.46967113,-13.73116016,27.8189787,2.7925639960490587,12.734849679908056
18.36452893,-8.657464981,-12.95879173,-8.038218498,17.53553363,2.735061809130107,12.76251503249104
18.37450808,10.18910885,-2.339714766,6.13862896,12.12332338,2.6587287635803314,12.78942775508787
18.38451785,0.9765603542,-0.007313281298,-0.9733037949,1.378783481,2.6469821581118262,12.815982228094192
18.39452747,24.59407425,0.6181782484,4.907690525,25.08657128,2.6500394212078273,12.842492814664583
18.40450685,-21.12458038,-8.635098457,2.019533634,22.91050715,2.610037474612175,12.86873896775089
18.41410524,0.680202961,-6.244766235,-30.08359909,30.73243752,2.5386261023816465,12.893448408246282
18.42463362,3.202682495,13.19860458,5.31963253,14.58625478,2.575232428659013,12.920368731186802
18.43450562,-8.996107101,-1.205363393,8.971264839,12.76191352,2.634431067158032,12.94608363020215
18.44451539,3.29204607,12.07823658,9.518433571,15.72647271,2.68884854707855,12.972726032494249
18.45463231,-12.78785419,3.502332449,-2.175227165,13.43603962,2.7676622322889974,13.000327574011253
18.46450439,19.72794533,5.500967503,-4.938362122,21.06750794,2.812102880984056,13.027869517800966
18.47451424,-3.065434933,7.298086643,9.724012375,12.5385556,2.876161187055744,13.056338852841709
18.484524,-7.475019455,3.686440229,9.084935188,12.3289012,2.9311374259068743,13.085403685523751
18.49450316,-6.164020538,7.663647652,-4.487387657,10.81033267,2.987769597396156,13.114936545629083
18.504513,-3.558185339,4.216033936,-8.700013161,10.30174034,3.0472264533695608,13.145141218063477
18.51462985,-12.79701424,-13.01177216,1.112048149,18.28404876,3.0027338712438265,13.175744488618507
18.52450193,-22.42490196,-17.42948723,4.526062965,28.76018948,2.8524745972443966,13.204646031827307
18.53434431,1.300377131,2.418486834,4.846035004,5.569929488,2.77860261220559,13.232357632679687
18.54452154,-4.652152061,-2.243510723,-3.146429062,6.047799187,2.7794929982686662,13.26064064137458
18.55453116,-25.40723801,-12.30054092,-7.905353546,29.31425702,2.7067027831652766,13.288098008883454
18.5644037,-4.748802185,-13.55890656,-1.60872364,14.45624643,2.579053568353178,13.314189929388764
18.57452031,18.44655037,-20.17365265,1.119377136,27.35881004,2.4084239954384263,13.339418112087081
18.58452993,-6.643907547,5.204154015,24.02681351,25.46590846,2.333504498975006,13.363150563235202
18.59450931,12.03300285,-12.21336365,11.47091484,20.62865232,2.29853071575134,13.386262983025771
18.60451908,0.2725074589,1.347319245,-25.63974762,25.67656884,2.244147413099422,13.408998564652684
18.6146357,-5.498670101,8.487524033,-7.23100853,12.43225327,2.29389509920097,13.431953390473081
18.62450808,-16.97916412,-9.966125488,3.581053734,20.01098742,2.2865964414848157,13.454563567011293
18.63451785,3.255235434,-0.2059721202,6.29432869,7.089256371,2.235686262746982,13.47719707188347
18.6445277,-10.37383461,7.726324558,-1.761343956,13.05430459,2.2733250626717356,13.49976433539134
18.65458347,-11.06506824,-5.689334869,-20.29118347,23.80202498,2.283566812574211,13.522675863697506
18.66451662,11.73317719,-5.972609997,-3.053920746,13.51539674,2.2256468887513456,13.545071211736172
18.67452647,-11.38405991,5.33761549,9.097240448,15.51923783,2.2224687888683987,13.567333697093982
18.68450562,-6.36337328,-3.39287734,4.28799057,8.389934402,2.2321722057231845,13.589560462434571
18.69451539,7.205574036,-11.30399227,-4.640451431,14.18570858,2.15861606346514,13.611535852781207
18.70452524,17.05903244,6.478782177,-6.97862339,19.53679581,2.1344662488404333,13.633022407773122
18.71450439,10.04835224,7.305896282,4.586640835,13.24321628,2.203245935862495,13.65466574804711
18.72431631,-1.951788902,-3.803498507,3.001576424,5.223556436,2.220428559250735,13.676368118173157
18.73449331,-9.348747253,-4.133835316,-6.657300949,12.19866081,2.1800394360923905,13.698759899567465
18.74450316,19.30374146,12.45733929,-1.269833565,23.00939403,2.22169794921946,13.720790265050645
18.75451293,21.20698929,20.34987068,-0.1659574509,29.39185556,2.3858942622901624,13.743850734196146
18.76473639,-3.985057592,3.178202391,0.3712329865,5.110720926,2.5061634192493716,13.768857612208599
18.77450193,4.136967659,-2.053441286,3.067397594,5.544371067,2.5116553690300325,13.793358467253446
18.78451178,2.751812458,-2.472586155,2.179311752,4.29366438,2.489002941139887,13.818386387046472
18.79479608,16.15674973,6.049744129,-1.626481056,17.32874509,2.507397224015895,13.844078626155733
18.80463816,-17.36794281,-4.153173923,-3.451143265,18.18803675,2.5167303218624277,13.868802558774098
18.81451054,9.296457291,6.183504581,1.321624756,11.24306627,2.5267524197531417,13.893698147848434
18.82452031,15.66605568,4.169529915,3.109134674,16.50687731,2.578568166806654,13.919249690272299
18.83452993,-10.13917351,-14.78988075,-1.59192276,18.00215626,2.525415328744147,13.944794157910662
18.84452462,16.56951904,-0.1282419115,-0.4852333069,16.57711853,2.450864323052293,13.969662344147176
18.85451908,-4.519351482,1.351351857,-3.119572639,5.655300444,2.4569764847652427,13.994187953467222
18.86452893,3.019699574,1.485846519,2.962887764,4.483863211,2.4711764498472437,14.018852989293485
18.87450808,7.542372704,-2.287704945,-1.016602516,7.946978079,2.4671755170913348,14.043493266808921
18.88451785,1.236228824,-8.399002075,-5.135867119,9.922128231,2.4136897774275234,14.067921436308488
18.8945277,-8.970726013,-7.490509987,-2.542214394,11.96012203,2.3341639612706224,14.09168408818164
18.90461416,-2.140259504,2.113825798,2.700502872,4.042485129,2.3070481062681316,14.115090788117014
18.91425754,1.39111495,2.054745436,2.370954037,3.43199689,2.327147664501397,14.137435443522975
18.9245037,-0.07749372721,-1.240853667,2.607419491,2.888660503,2.3313172971453247,14.161301132198682
18.93450562,-12.47575378,-19.47951698,-5.918738365,23.87734236,2.227695552354498,14.184100573098519
18.94451539,-2.102474928,5.614076614,-0.3461713791,6.004839022,2.1583006178483104,14.206051979540824
18.95452524,-4.961915016,3.841767788,3.332317829,7.105217975,2.2056264098919875,14.227893107020137
18.96450439,-17.61653709,-15.00102901,-5.406302452,23.76134165,2.14994643908023,14.249625564418047
18.97437639,14.34263897,-3.286146641,-11.77643299,18.84660251,2.059680940066881,14.27040428516152
18.98449354,14.38601589,9.660869598,5.17154026,18.08410029,2.0919279542490847,14.291405510124083
18.99460901,-4.013233185,-2.172481537,-1.529683113,4.813070439,2.1298022366387954,14.312757902671098
19.00451293,17.38721657,-2.054307461,-1.852758408,17.60591358,2.108871346592261,14.333747644708314
19.01452278,8.322822571,6.458098888,-5.844018936,12.04694875,2.1309119924000375,14.35496744233622
19.02450193,13.97027397,6.931197643,-8.368943214,17.69884929,2.1977188916386985,14.376565470779447
19.0345117,20.13456154,12.13315868,5.011801243,24.03606165,2.2931338026343355,14.399041672066224
19.04410862,-14.47948456,-1.481519699,2.738771915,14.81051131,2.3442452662191045,14.421293950032954
19.05453139,7.443302155,3.55087328,-1.599738121,8.400631528,2.355029464430826,14.445783679875147
19.06455631,-4.978834629,-2.223890066,-2.364367485,5.943459842,2.361680914711672,14.469426001982182
19.07452031,-13.71888542,-8.134004593,-1.562745094,16.02535554,2.3100778835205333,14.492700704314975
19.08453016,14.40037441,10.37679386,5.496040344,18.58104124,2.321302875592673,14.515880417660778
19.09461608,7.21662426,6.105319023,-0.2510137558,9.456087668,2.40442151157714,14.539712056716304
19.10451908,2.882624388,-7.106429577,0.3719587326,7.677839409,2.39946451266901,14.563498498365353
19.11463547,5.388161659,3.286104202,-2.781652451,6.896981749,2.3801405619588114,14.587674672855812
19.12450808,-17.60631752,-3.346759319,-3.589002609,18.27742198,2.379841149801489,14.611171394379479
19.13451785,-8.074917793,1.201683521,-4.489774704,9.316996165,2.369105292116212,14.634939325192445
19.14452747,7.172743797,0.037708655,0.3368082047,7.180746151,2.3753082144725775,14.65868421335435
19.15450685,-17.83795357,-5.496869564,-0.08255958557,18.66587739,2.3480686938765474,14.682252399880172
19.16451662,3.752893925,-6.329667091,0.2788667679,7.363875676,2.288878237969988,14.705459786025166
19.17452647,6.237010956,-9.596893311,2.488020897,11.71285255,2.209166997650013,14.72797216507605
19.18450562,-2.96665597,-4.454402924,1.550304413,5.571911415,2.1390570012382666,14.749667954835301
19.19451539,13.67580509,7.586540699,3.752866268,16.08313557,2.1547329906062975,14.771157879958634
19.20452524,22.40059471,11.92407894,3.510773182,25.61827142,2.252382178603014,14.793215160846888
19.21450439,-11.65303707,-5.784582615,-0.7279233932,13.03013973,2.2830156559788244,14.81584486849737
19.22451424,-2.544700861,-5.545042992,0.5250844955,6.123619679,2.226311729537693,14.838413713862334
19.23452401,-7.147284031,-7.590453148,-1.333246231,10.5107656,2.1605700819390496,14.860369552837366
19.24450316,6.355924129,3.503531218,3.008029461,7.856255073,2.140178078450171,14.881828458339738
19.25451301,-12.52177715,-8.275844574,-13.26053333,20.02813648,2.116293008026894,14.903131776892224
19.26452278,5.205790043,7.702983856,6.690132141,11.45399836,2.1134259060122864,14.924301033639315
19.27450193,-13.49152565,-5.237672329,1.34138298,14.53457203,2.125726762774617,14.945452603816676
19.2845117,-21.80597115,-2.067677498,-4.00403595,22.26674587,2.0891643270057125,14.966547649008552
19.29420101,-2.202318668,-5.588337421,-2.474248886,6.496278181,2.052073576048309,14.98661051792177
19.3045007,8.553194046,4.562763691,4.465850353,10.67332002,2.046792030302737,15.00771904047031
19.31451047,-12.42782021,-8.061765671,-2.09903717,14.96157538,2.029279927778065,15.028119311872228
19.3242607,13.71324921,-2.281546354,2.133428574,14.06450053,1.9788550921752985,15.04765943103003
19.33449947,6.384047031,1.956568718,4.982069969,8.330980664,1.9771914065402245,15.067911956134859
19.34450932,-18.26427269,-3.877299786,-3.978892326,19.0905394,1.967578291599715,15.08765523261632
19.35451908,-11.88764668,2.271997213,-6.256039619,13.62410168,1.9595439448581595,15.107310008155123
19.36468132,2.492260933,7.327094078,4.970469952,9.19800216,2.0083180795986837,15.12747119124483
19.37450808,-10.14500141,-3.402492762,0.1997928619,10.70223938,2.0276011372126903,15.147301196006325
19.38438039,-8.979025841,2.003517389,2.634977341,9.569748825,2.020695577930378,15.167284216078267
19.39449701,-23.03434753,-7.14564085,-2.759090424,24.27455313,1.9946851234063723,15.187595256433642
19.40450685,20.54086113,3.828016281,-4.365824699,21.34575157,1.9780806778484892,15.207478631447662
19.41444032,-8.078507423,-2.517957687,4.916334152,9.78635451,1.9845873917193597,15.227160153642167
19.42449578,-8.404910088,-9.854264259,4.967121601,13.87160173,1.9223832002747956,15.246803346896654
19.43450562,46.51025772,9.66859436,-15.81643105,50.06840602,1.9214539372838926,15.266041444263161
19.44450062,-0.8168256879,21.43039513,59.2388382,63.00134118,2.0768711372601674,15.286023073823195
19.45449455,55.85871124,-3.123333454,19.32440186,59.18938537,2.168350883707983,15.307236299679202
19.46450439,-7.216704369,-2.017137527,-17.51685905,19.05229689,2.14262323768576,15.328812380278844
19.47451424,14.92952251,-8.394493103,-2.496005058,17.3086163,2.0905138072548914,15.3499989137035
19.48452401,-0.3146516681,3.101000786,12.74496651,13.12057098,2.0640204869599232,15.3707918800746
19.49450316,-9.61796093,-19.30919266,3.995205402,21.93881856,1.9831484979902139,15.390985533262683
19.5046197,21.44213486,1.546884298,4.457270145,21.95507357,1.8933019464719734,15.410593666252389
19.51452278,-6.33154583,2.211651325,3.294882298,7.472357294,1.9119124859506844,15.429435337723108
19.52459355,16.79512024,7.018735886,-8.721887589,20.18440092,1.9583910392571395,15.448923806039383
19.53461855,-6.678045273,4.759084702,0.649471283,8.2259947,2.0174273649545036,15.4688525957905
19.54452155,-8.275585175,-5.349760532,2.303596973,10.11987187,2.0145026335822593,15.48881669717825
19.55465332,21.28505898,16.81788254,-1.201369286,27.15397203,2.072598820840762,15.50952148312969
19.56451047,-24.31820107,15.1199007,28.67335701,40.52342165,2.23000658087282,15.530727196547437
19.57435232,27.95757103,-16.76857185,12.18292713,34.80279433,2.2218935937940056,15.55263466341446
19.58449947,-32.63864899,-6.693177223,9.965370178,34.77626535,2.10285865024094,15.574576618280993
19.59461609,5.754499912,1.983961105,-0.7739286423,6.135905512,2.079037975259104,15.595729947800722
19.60441232,-14.34692001,0.2569859922,-8.108640671,16.4818145,2.090014391850109,15.616150445735851
19.61449824,-16.61760139,-2.57941699,0.9694738388,16.84452278,2.0783024652254456,15.637171100913404
19.62450809,2.13744092,1.545251846,10.47827244,10.80512148,2.073126546242112,15.657948691758623
19.63451785,14.75019741,4.924230099,8.426656723,17.68685696,2.105505527039012,15.678862243849553
19.6445277,-4.926683426,1.515662193,-6.494885445,8.291741578,2.1377367049685483,15.700099352977581
19.65450685,22.24259377,10.69492435,-17.21378708,30.0903448,2.1986623423188343,15.721736141253949
19.66453232,6.308112144,4.960532188,4.102671146,9.012828022,2.2771389972478353,15.744172147281839
19.67414501,5.502571583,7.076387882,7.371144295,11.60548697,2.334992587841685,15.766339642865178
19.68461239,6.408113003,13.81446838,8.081033707,17.23967966,2.444328853351567,15.79135312969874
19.69451539,-13.45098782,-6.510928154,-8.043179512,16.97097508,2.4804923327805977,15.815738381801868
19.7042047,-9.405772209,0.1154776737,-4.968839645,10.63819784,2.4495085816339635,15.839622535381888
19.71450439,-3.597979546,6.643107891,7.411615849,10.58340157,2.484314249711406,15.865030958220778
19.72462101,-3.956258059,-3.91178894,2.091939449,5.943928095,2.498130107674441,15.89023370633819
19.73449332,10.95775604,4.109430313,1.991290569,11.87118668,2.499105696125982,15.914900836837296
19.74462524,-0.4244890213,-0.02591602504,-6.510473251,6.52434859,2.519792616168221,15.940326374931452
19.75461978,14.0506382,-4.031166553,-0.1279678345,14.61804068,2.4995182791134645,15.96540922668911
19.76452278,5.796834946,7.492350101,5.660232067,11.03525407,2.5166563294513886,15.990246815263422
19.77450193,0.4017148018,4.127130508,3.020529747,5.130124849,2.574632599411037,16.01565018322065
19.78451178,-6.672559261,-6.457924843,-8.133177757,12.34408445,2.562967148573938,16.041363484639334
19.79452155,-3.859779835,-0.7451745272,-1.400248528,4.172994295,2.526916464582515,16.066837766786566
19.80474493,-8.164071083,1.136286736,3.400784969,8.916756283,2.528915708949116,16.092681613549683
19.81451055,20.29546356,5.458998203,5.595652103,21.74897297,2.561119232202125,16.117535287060694
19.82441355,3.369494915,-0.06229270995,1.56418705,3.715381204,2.587841019450956,16.14303036374675
19.83406493,28.07802773,10.54581547,-2.167852402,30.07140583,2.6384312503989076,16.168250733576645
19.84464716,5.428348541,0.4618271589,3.165638447,6.300914139,2.6966739534273234,16.19647938874719
19.85447324,-7.315957069,-3.097267866,-2.56602478,8.348699255,2.683725927815713,16.22291350857973
19.86449824,15.48794365,9.530845642,4.339970589,18.6962232,2.7159742364179094,16.24997950565295
19.87461509,-3.687252998,0.7227727771,4.689515114,6.009141966,2.767841396169542,16.277718975744218
19.88451786,4.261064529,6.369452477,4.42293787,8.848105739,2.802957733909314,16.305302146994904
19.8945277,18.94915771,3.059533358,-3.526032448,19.51574306,2.8501490536946323,16.333595494218326
19.90450686,-6.878191948,-0.4826719165,-1.304307938,7.017386682,2.863006510005912,16.362101740955854
19.91459301,-3.794781685,-6.313820362,1.68815136,7.557416927,2.828731289708518,16.390805601560146
19.92449578,10.51214218,8.219882011,7.448878288,15.28258425,2.838168934766452,16.418864606328107
19.93461239,15.87852859,9.56563282,-0.2629776001,18.53909811,2.92813349336368,16.44803232273183
19.94451539,-5.64580965,2.731020451,-8.336767197,10.4324171,2.989020372035023,16.477331110096344
19.95452524,3.329454422,-2.542160273,1.071827888,4.323963532,2.9899656030613992,16.507255486477753
19.96450439,-3.247399569,2.075635433,3.181648254,4.997674662,2.9876378423828562,16.537081187189052
19.97451416,-16.90264893,-0.1275797933,-10.45354652,19.87441703,2.9973876368331562,16.5670355514346
19.98452401,2.054347754,9.229405403,-5.213215828,10.79721668,3.0429415913727977,16.597266946197088
19.99468624,-22.20213318,-14.57850266,1.187754631,26.58718147,3.015762213063799,16.628051916978364
20.00461916,0.4220281839,3.36122489,3.246615887,4.692169569,2.960052051710201,16.657730559491796
20.01452278,-25.81621933,3.440619946,-0.5009336472,26.04929904,2.993733494987552,16.68721257429979
20.02450193,-19.79084587,-1.865495086,0.1701507568,19.87930088,3.001592698610886,16.71712670399221
20.0345117,12.06228924,1.880453944,5.554947853,13.41239629,3.0016675659749072,16.747172331241533
20.04452155,-0.3857255876,-2.324339151,2.709805965,3.590875254,2.999445953805263,16.777207454324518
20.05453139,1.645656824,2.530320168,4.03643322,5.040188456,3.0004768723168667,16.80723658807544
20.06451055,7.594177246,1.895020723,-3.805991173,8.703344208,3.022557464719783,16.83728899974283
20.07450501,-6.033995628,2.586967707,5.226975441,8.391828014,3.0449549917618275,16.867609755015728
20.08411816,9.957615852,1.250801682,5.75818491,11.57044994,3.06340151816276,16.89697002870742
20.09453978,14.02768898,9.763565063,4.499050617,17.67327693,3.1207952905412872,16.92919470328019
20.10451909,-19.91729736,6.755221844,-1.790270805,21.10774327,3.203218338225722,16.96074934950303
20.11452893,-23.1505394,-5.559830189,-5.03883934,24.33616831,3.209201177827664,16.99284299618731
20.12461486,-1.745920181,1.250085354,3.636309624,4.222996371,3.187467285465823,17.025101171364312
20.13451786,5.101648808,3.444511175,1.299755096,6.29133063,3.210712580179161,17.056781758969045
20.1445277,8.491482735,6.655835629,-0.8287849426,10.82092008,3.2612640079054476,17.089173484034287
20.15461362,5.532642365,7.387871742,1.429617882,9.339945808,3.3320858624290923,17.122423483696384
20.16451662,11.99161816,5.361292839,5.215888023,14.13321813,3.395213350851922,17.15573370575095
20.17452647,-11.62475491,-4.338646889,-0.1539735794,12.40896818,3.400331617133226,17.189744898649842
20.18450562,7.397589207,-2.551426172,-0.1591968536,7.826841331,3.3659530808398883,17.22350578362173
20.19451539,-2.021263838,-1.645117044,5.347882271,5.94909761,3.3449498646462783,17.25709308111005
20.20452524,-36.49692917,-3.272558689,-5.83446312,37.1049382,3.320337266428295,17.29045234330454
20.21450439,-4.136086941,3.749856949,9.849993706,11.32214725,3.322718781893934,17.323598369686845
20.22451424,-9.18183136,-8.877207756,2.02318716,12.93074363,3.297056775656202,17.356729849869225
20.23452401,-17.42390442,-8.686392784,-7.74166584,20.95183178,3.209152974767565,17.389292681455974
20.24477786,15.20229816,4.281655788,-2.585394859,16.00395927,3.186570218544352,17.422083074588837
20.2546197,7.141628742,7.088767529,4.555589199,11.04567242,3.242523162053444,17.45372012878729
20.26452278,-8.869576454,6.962532997,7.712518215,13.66122943,3.3120987386599596,17.48617560131355
20.27450193,-15.61864471,-12.8586235,-2.328176498,20.36434794,3.282679752888455,17.519080743205517
20.2845117,18.66422844,10.30338192,-13.64607334,25.31261385,3.2698910626333366,17.551875606591558
20.29452155,-14.93344784,-15.82724953,-0.4812202454,21.7655982,3.242244519535359,17.58446835677014
20.30414986,6.135947227,-18.8974247,-1.145033836,19.9015982,3.0750745554676318,17.614880909981665
20.31461732,-23.70053864,12.13685513,9.106600761,28.14158775,3.039691559692032,17.646883944841562
20.32452032,7.878081322,1.574823141,1.868731976,8.248417571,3.1075849346508977,17.677322184403305
20.33420955,12.13071918,-5.834907532,-5.851356506,14.6778359,3.0869464659089947,17.707332304144426
20.34450932,-1.234767079,-0.006395488977,-4.782570839,4.939400214,3.0568644271008116,17.738972223705172
20.35451909,-10.80735683,-8.106525421,1.911889076,13.64441409,3.016260190932282,17.769367514009097
20.36426932,4.767596722,5.047934055,7.292758942,10.06955559,3.0013492062850275,17.798704051845608
20.37461486,-7.145484447,-0.587390542,2.930514336,7.745378616,3.0244225719527753,17.82987398332693
20.38462462,28.72906303,3.167299509,-13.3247633,31.82672094,3.037334706743533,17.860212351095928
20.39432924,4.040750027,-2.768256187,0.972987175,4.993756816,3.039270988645307,17.889697925677723
20.40450686,-3.502844572,-3.547750235,5.692178726,7.566858693,3.007130032004968,17.92046691165562
20.41451662,-22.84328461,-9.019522667,-2.246343613,24.66198492,2.944232339203212,17.95025276616003
20.42438901,5.017514706,-7.020692348,-3.751987457,9.409728198,2.865054710047259,17.9789285398461
20.43450562,16.77279663,6.353206158,-12.68170071,21.96623473,2.861678361314951,18.007896102374637
20.4445154,-2.692667961,-3.527289391,3.206653595,5.474929997,2.8758217638829424,18.03661165937624
20.45452524,7.444525242,6.679896832,5.764913559,11.54453144,2.89160031191655,18.06547714547185
20.4645044,-18.94888878,-0.8667894006,-2.874238014,19.18522749,2.9206052764941157,18.09447761023167
20.47451424,-5.835733891,0.957527101,-10.98219585,12.47322228,2.9210594114256017,18.12371467466154
20.48452401,2.413755655,-6.144383907,0.5198945999,6.621930259,2.8950997896001045,18.152823882604363
20.49450316,0.2964190245,-5.717067719,7.027092934,9.063816119,2.8359161871033085,18.181419216646322
20.50451301,12.18580341,-5.891445637,5.363426208,14.55916472,2.7778164483950336,18.209515527457043
20.51456863,-5.847165108,-2.213819742,-1.917585373,6.539684343,2.7370647140698465,18.237243302114493
20.52450193,-7.725286007,-2.89413023,-16.22950745,18.20584921,2.711695314341412,18.2643053861096
20.53451178,-6.840084553,6.01817894,5.040905476,10.41229862,2.727330943831308,18.291527304604784
20.5446287,14.3901701,5.016455173,7.65172863,17.05258834,2.783149199106562,18.319401847988633
20.55424132,6.645680428,1.479114294,4.862272739,8.366274179,2.8143689195914945,18.346305255297708
20.56451047,-7.78619051,-2.772914886,-7.460961342,11.13462005,2.8077258034168264,18.375172322310096
20.57452032,-11.30912304,-2.432057858,-8.97144413,14.63892001,2.7816753052060545,18.403146855653677
20.58452993,0.8688416481,9.401078224,5.230847836,10.7933742,2.816553893178904,18.431164901136892
20.59451724,-9.890937805,3.872460127,-0.3918066025,10.62921025,2.8828373643330645,18.459625694786922
20.60462593,-2.593986034,2.571398735,0.2380657196,3.660263691,2.9154068501529284,18.488932021441197
20.61449824,-14.37582397,-6.860134602,-4.757519722,16.62407157,2.89423698515936,18.517609323907088
20.62450809,18.67263985,10.41445923,1.24121666,21.41656038,2.912026113348152,18.546669235245385
20.63462463,2.906857491,6.899881363,5.178584576,9.10362134,2.9996067229395242,18.5765718702722
20.64449701,-14.35906029,-1.110314488,-5.056685448,15.26386184,3.028185125052223,18.60632619611433
20.65478155,18.11520576,2.11995244,-1.622689247,18.31087105,3.033376956003654,18.637496384956883
20.66451663,19.76291466,2.5128057,-3.839149475,20.28856961,3.055927091560435,18.66713631598057
20.67452647,-10.05680275,-11.87835121,3.798582554,16.0207284,3.0090532855265324,18.697491057569458
20.68450563,-11.66628838,-8.907749176,3.669362545,15.12992073,2.9053393747625513,18.727001392899385
20.6945154,-7.060366154,-2.769705057,2.577226639,8.010126933,2.8468950592336237,18.755790664734576
20.70450993,-2.263844967,7.808731079,-3.308409691,8.777633496,2.872076407607454,18.78436988068182
20.71415355,13.01523495,9.737252235,2.982104778,16.52583949,2.9566798054107193,18.81247503567731
20.72451416,-8.953384399,-2.504859924,2.647615433,9.666813483,2.9941458034613517,18.843302127333075
20.73452401,-3.21832037,-0.2522296309,-3.084374428,4.464814823,2.98034677702079,18.873204014611453
20.74450316,25.78681183,5.36869669,-4.311003685,26.69021021,3.0058757731471974,18.903072720992206
20.75451293,1.573435187,-7.676793098,0.7472658157,7.871928402,2.9943240160562445,18.933103030914193
20.76452278,-7.607917786,-1.339694262,2.882974625,8.24540699,2.949197173055999,18.96284990870161
20.77424255,-3.047353745,0.03553445637,1.99686718,3.643501897,2.942859106379015,18.991484624633195
20.78451178,6.045405388,-3.62862587,-3.368945122,7.814322955,2.9244099653102213,19.02161079241772
20.79452155,6.537743092,-2.101076603,1.93026495,7.13319917,2.895733463348641,19.050739940961666
20.8045314,-1.412226558,3.745900154,1.669261932,4.337347947,2.903965681859629,19.079767000205997
20.81451055,5.88147831,6.294032574,0.0917673111,8.614815981,2.954060679200955,19.108996062086494
20.82452032,-15.74017143,-1.895207167,-6.786481857,17.24532235,2.976076294498068,19.138675715674104
20.83436224,-6.806520939,-3.777975321,1.650999069,7.957865464,2.948158790401921,19.16782863955749
20.84450932,9.201896667,0.3412278891,-4.37703228,10.19557504,2.93072231483628,19.19765537800016
20.85451909,11.78662777,-1.880659223,0.1716623306,11.93695695,2.923017638044714,19.226952673284234
20.86452893,-35.9174118,-5.270939827,1.365679741,36.32779044,2.887224456927393,19.2560324701502
20.87478278,-22.660923,-6.353554249,1.524194717,23.58406777,2.8276265476367874,19.285332082636778
20.8846247,15.75092316,-2.171257973,1.633061409,15.98351748,2.7856762876848165,19.31295492135728
20.89449701,11.61043167,3.925902843,-4.081177711,12.91784999,2.7943374867330903,19.34049873424994
20.90409516,-8.965623856,0.8107472658,-1.978408813,9.217039855,2.8170690258539848,19.367428294959343
20.91451663,-10.43008709,-6.479926109,2.632025719,12.55801411,2.787528437234461,19.39663236712117
20.92452647,17.31300735,6.644148827,5.224081039,19.26592744,2.7883503588002334,19.424539194425016
20.93450563,4.860753536,3.581186533,1.524266243,6.226974346,2.839370487605784,19.452619157805827
20.9445154,0.6448950768,4.414181232,-0.9771432877,4.566803545,2.8793863838023155,19.481240878290183
20.95452524,8.564776421,7.489485264,0.753818512,11.40245706,2.9389632823214673,19.510361252901156
20.9645044,13.12598419,1.942637444,1.989639282,13.41730098,2.9860256131428513,19.539924458994186
20.97457516,-15.94055462,-1.376919746,-1.293417931,16.05210639,2.988874216725007,19.57001035009951
20.98462986,6.457927227,1.641782045,0.7894792557,6.709959005,2.9902057722038844,19.600069277881843
20.99450316,16.18499565,2.56592226,3.878914833,16.83995313,3.0109777356611676,19.629695020445954
21.00463509,-16.90510368,-7.321293354,-6.207841873,19.44019464,2.986887192136952,19.660079994244906
21.0146284,-0.9729693532,2.310150862,0.5490598679,2.56611245,2.9618482419485908,19.689803772895303
21.02450193,19.31686592,7.217675686,-4.144462585,21.03360933,3.0088848825768286,19.719279879208802
21.03469486,-7.83468008,-4.91198349,2.532464504,9.587657182,3.020635762154514,19.75000912014145
21.04452155,14.17715549,-4.800204754,-3.634112358,15.40261264,2.9729164306067952,19.779457509839993
21.0545314,-20.93482208,-14.53114796,-3.452852249,25.71659436,2.8761644601246843,19.808731721017036
21.06475478,-15.26546383,-7.225027561,-2.187799454,17.03002864,2.7649536352757123,19.83756736797412
21.07452032,13.87441826,-4.951804161,3.915668964,15.24310696,2.705496966648482,19.86427832005968
21.08453016,20.65649605,-0.2432915866,1.490918159,20.71165992,2.6794959280394073,19.891229778698158
21.09450932,11.1654911,2.614726067,-4.015688896,12.15033914,2.691328390094122,19.91802793629943
21.10451909,8.825115204,-2.03961134,5.127448559,10.40833327,2.6942067731645634,19.944981920454996
21.11452894,10.30019188,-2.466941833,3.025929928,11.01526244,2.671651812525188,19.971837640236977
21.12450809,-8.12740612,-4.928266048,-6.745028496,11.65495371,2.634752868162349,19.998314344371618
21.13451786,14.10598183,-0.3337097168,3.09930706,14.44630713,2.608417284586738,20.02455580802156
21.14457324,-4.320149422,-2.984425068,-6.419651985,8.293516481,2.5917347315105457,20.050700560311373
21.15450686,2.6611619,-2.786831379,4.090593338,5.619712239,2.5630699972770166,20.076303495986366
21.16451663,-10.86979008,-1.42547822,-0.9364700317,11.00278604,2.5419878721496256,20.10185372354119
21.17452647,6.752865791,10.56966782,-14.27458668,19.00218143,2.587753809562451,20.12752767027882
21.18450563,22.2246666,1.736335516,-0.1041536331,22.29263363,2.6491555976876917,20.153657648719047
21.19462217,-2.329403877,4.455714226,6.75172472,8.418152908,2.6804766571361536,20.18061636766465
21.20449455,-13.51826572,5.179791927,3.828269958,14.97429142,2.728039346253535,20.207313830275424
21.2145044,13.98878479,-0.1433268189,-1.930547714,14.12209818,2.753246476384691,20.23474725472129
21.22466678,-29.81488419,-5.971544266,-4.785043716,30.78121673,2.722175654576806,20.262568914898914
21.23452401,-11.32026863,-15.10633659,9.275335312,21.03287266,2.618290894821696,20.288890018441283
21.24436586,3.612708807,-5.001524925,9.333593369,11.18851562,2.519341616396022,20.31417192270654
21.25451301,4.853290081,3.875425577,2.874143124,6.84354051,2.513628266896492,20.33970707288217
21.26452278,-2.345621347,-2.323665142,-9.726029396,10.27117359,2.521394649421217,20.364906783550705
21.27450194,2.475465298,4.556491375,-0.8338394165,5.252126261,2.5325355145368698,20.39012377241819
21.2845117,9.284256935,0.7948178053,6.232132912,11.21020262,2.559318174827167,20.415607889111012
21.29452155,-16.54899406,-7.130570412,-3.363059998,18.33096865,2.5276082082120808,20.441067574138643
21.30448555,8.142034531,-3.322929144,-11.04267025,14.11648507,2.4755288734240883,20.465993203079353
21.31451047,10.17344379,3.693860054,4.052379131,11.55704709,2.4773881497732266,20.49081950154145
21.32462709,-11.75702667,-9.488834381,-0.6165275574,15.12103701,2.4480753731852145,20.515734022934268
21.33449947,-4.214852333,-3.58089304,-5.252144814,7.627109564,2.3835607153869427,20.53958389667832
21.34450932,4.032113075,1.393357754,-0.7093601227,4.324647207,2.37261226534566,20.56338818573391
21.35451909,-13.7629528,-2.479697704,4.78501606,14.78053278,2.367175258825004,20.58711027721682
21.36452894,-28.27628136,-9.984875679,-8.200919151,31.08859766,2.3047910038860966,20.610493117964218
21.37421878,-9.188743591,-2.333801031,4.40580368,10.45422126,2.245108000720283,20.632537014649614
21.38451786,10.11269379,1.634392262,2.400473595,10.52141089,2.241506367287967,20.655641014802246
21.39452747,-4.061394215,-1.29505825,-6.346121788,7.644956546,2.2432046678478947,20.678086119014452
21.40450686,-2.512373924,-6.55083847,0.8476552963,7.067108808,2.204056036213588,20.70027659351321
21.41463878,11.78382587,-0.4546205401,3.301613808,12.24605593,2.1685666610867846,20.722428125192824
21.42463324,-1.243964434,-0.08875015378,-2.228013992,2.553305789,2.1658513127542074,20.744088208724236
21.43450563,-0.4036121964,-11.80559921,-3.648758888,12.36319202,2.107138484896453,20.765180519598452
21.44469855,6.236299992,-2.46902895,2.354382038,7.108491846,2.0343884134641543,20.786287645774866
21.45452524,-4.84888792,-5.110525131,2.043559551,7.335210755,1.9971474493180412,20.80609597234859
21.46439763,-5.334860802,-7.705165863,-10.41108131,14.00788831,1.9338866995119024,20.825500323458876
21.47451424,10.50462723,0.589410603,0.9626598358,10.56509877,1.8978930391014655,20.844882634069602
21.48452401,-12.09265995,-1.102822304,-2.297813416,12.35834084,1.895323472580306,20.86386724649067
21.49450317,4.396225929,0.5298475027,1.297259331,4.614154589,1.8924645689712356,20.882766717947035
21.50407763,-1.450487614,-1.639945865,-4.158662796,4.699767335,1.8871502727882823,20.90086060350595
21.51462955,2.58158803,-3.119588375,0.5180416107,4.082253728,1.8620391605194178,20.9206411769885
21.52451732,1.776679397,1.498556376,3.312558651,4.046641287,1.8540249647350397,20.939012970676387
21.53451178,-20.68992043,-8.793411255,-3.099661827,22.69371702,1.8175708970880622,20.957360779664963
21.54452155,17.47199631,-1.841221809,3.376117229,17.89019062,1.764345781585545,20.975287860721306
21.55453117,27.54376221,5.931272507,2.76499176,28.31049292,1.7848157082194058,20.9930507396371
21.56418994,3.50648284,6.84899807,0.04613876343,7.694564656,1.8465365552398978,21.01058793778796
21.57462709,3.959147453,-6.386909962,2.497292042,7.918581625,1.8489479966881042,21.029873101083542
21.58449947,-9.13764286,-6.026907921,2.329005718,11.19126462,1.7876710329922127,21.04782414357166
21.59450932,-14.64295769,-9.229021072,-1.643795013,17.38657821,1.7113162525769265,21.065336312511885
21.60451909,5.795507908,-5.772933006,7.826123714,11.32090455,1.636233197641256,21.08209041254204
21.61452894,2.915252447,-4.54029417,0.1934261322,5.399109339,1.5846162691174173,21.098210522559455
21.62430963,6.618305683,7.582837105,-18.93590164,21.44457413,1.599495353746879,21.11378192691377
21.63467047,27.03108788,0.8340698481,-7.313865662,28.01549598,1.6430984668648598,21.130579924793945
21.6445277,8.753835678,18.03667259,12.97879887,23.88305712,1.7361050911064302,21.147234718137817
21.65450686,20.4076004,-7.461133957,-2.642479897,21.88884132,1.788872587158876,21.164822876261738
21.66451663,-6.762408733,-6.389956951,-3.978103638,10.11864765,1.7195494700397909,21.18238212518948
21.67452647,6.284753323,5.83976078,-12.94183922,15.52714181,1.71679578221963,21.199580758269416
21.68439886,14.19430733,-2.824969769,4.002047062,15.01583149,1.7316773785341757,21.216603094243165
21.6945154,11.18743706,-3.404366493,4.967583656,12.70532749,1.7001677138001936,21.233962293318363
21.70452524,-19.28881645,-7.547631264,-1.24552536,20.75033762,1.6453538411862367,21.250706361059343
21.7145044,11.2836132,-0.666757822,-1.445644379,11.39536663,1.6043674896905116,21.26692110561746
21.72451417,-7.255584717,1.955543876,-2.649143219,7.96778647,1.6108177156803853,21.28301273782404
21.73463078,-2.119731665,5.745851517,5.374009132,8.147885992,1.6497737225037772,21.299505803798766
21.74450317,-23.04472542,-5.737913132,-6.112839699,24.52243515,1.6498129079201223,21.315793206825933
21.75451294,0.2215660661,2.470946074,-15.64023018,15.83576541,1.633462113496044,21.332225620731492
21.76452278,12.32598209,5.179182053,1.351775169,13.43804515,1.6717503927614237,21.348767944908307
21.77450194,-3.007619381,3.748880863,4.761631966,6.76557618,1.7162976769258405,21.365672881795856
21.78451178,-11.86421204,-2.043604851,-1.099684715,12.08905102,1.7248324469438183,21.382895462775412
21.79452155,-5.699420929,0.008366674185,-0.4419221878,5.716534278,1.7146463139212496,21.400109658433482
21.80463824,7.21685648,-0.7560708523,1.547558784,7.419541682,1.7108641682304024,21.41743707225332
21.81451055,0.6336085796,5.557473183,3.773309231,6.747209094,1.7345646343521042,21.434444242864338
21.82462748,-10.77199745,-3.025592089,-1.163898468,11.24921314,1.7473720662502634,21.45205749779655
21.83449948,-0.9289684296,0.7185512781,1.716938019,2.080186156,1.7359845128076594,21.46925134587078
21.84450932,12.67483711,-0.1213193834,4.569499969,13.47392089,1.738973610662081,21.486643233282095
21.85451909,-7.92764473,-0.2352331579,-1.803516388,8.133606639,1.7371891061964169,21.50404102792126
21.86463571,3.857573509,-0.5995489359,-1.719916344,4.265963494,1.7329665195835267,21.521594150824704
21.87450809,30.72233391,2.477184057,-14.01672173,33.85951461,1.7422348832919468,21.53874840523756
21.88451786,23.65267372,14.73763561,7.081884384,28.75412951,1.8283930760210194,21.556618987551705
21.89452771,-21.14224625,4.123548508,4.231837273,21.95237289,1.9227918879427952,21.57539338695747
21.90443117,1.316546917,8.507312775,1.624718666,8.76055804,1.9853365026836667,21.594745383553185
21.91451663,-2.275477648,5.660941601,1.79566288,6.359910653,2.056783184073172,21.61512870176119
21.92463332,-10.09849644,-0.8963503242,-1.183586121,10.20705395,2.0808841305352175,21.636058450533703
21.93450563,-7.331917286,-7.871087551,-0.6019277573,10.77373414,2.0376066982303653,21.656387959630564
21.94410371,-0.03613017127,-3.283872128,-5.616968155,6.506569971,1.9840736005324575,21.67568816425154
21.95452524,0.2236788571,-10.08148098,0.04966068268,10.08408435,1.9144298863446594,21.696002349773334
21.9645044,12.33163834,1.942748189,4.491661072,13.26719992,1.8738210279853402,21.714904130770456
21.97451417,11.09344769,2.986042976,-7.812239647,13.89288028,1.898489060955181,21.733784108949944
21.98452401,-18.73371315,-11.04047203,1.394618988,21.78965335,1.8581772878942266,21.75258592349263
21.99450317,7.367876053,1.261287212,4.498179913,8.724108292,1.8093832629100286,21.770885510265714
22.00422194,-2.118967533,5.246920109,-6.001188278,8.248300115,1.8410091479425836,21.788624172391124
22.01462901,-12.55714798,-6.579287529,-0.2708816528,14.17894096,1.8340761274397543,21.80774760724956
22.02450194,-3.31076622,1.340272188,2.884950161,4.591344023,1.8082139115744442,21.825727644547
22.03451171,20.61388016,11.8758564,3.691701889,24.07481429,1.874359115302596,21.84415849905062
22.04464371,-31.94096184,-12.50360584,-1.419636726,34.33046126,1.8711789366395564,21.86313339482176
22.05463763,22.93120575,-5.642681122,-1.665086746,23.6738793,1.780502666541926,21.881380701725593
22.06451055,-28.07444763,26.98734856,14.97512054,41.72224619,1.8858697635629469,21.899479602571915
22.0747034,15.15186024,-12.1669426,11.89807606,22.7854685,1.9614008510076344,21.919086928713778
22.08453017,-8.760988235,5.264007568,7.477561951,12.6640682,1.9274840735654308,21.938194517568903
22.09450932,-2.982907057,1.172384739,7.686601639,8.328028893,1.9595989357106287,21.95758940977491
22.10451909,6.037895679,-9.40014267,-10.92930984,15.62909723,1.918419953458136,21.97699844834303
22.11452894,-4.63785553,1.955869913,-4.334236145,6.642344013,1.88116192662981,21.996015070684226
22.12450809,-2.069512367,-4.482672691,11.34389973,12.37179441,1.8685542546587715,22.01472456079948
22.13408278,-7.331436157,-8.248963356,10.98630428,15.57222638,1.8076035204873406,22.032323596343538
22.14463425,-1.014514804,-7.790215969,4.598734856,9.103025179,1.722985060751167,22.050950046092176
22.15450686,7.272589207,-1.998897672,-25.70593834,26.78957655,1.67466301013952,22.067721873252758
22.16451663,24.62111473,-0.8752256036,-8.568612099,26.08421791,1.6602783536693186,22.084412871260366
22.17463301,18.87371635,13.07094765,-7.563964844,24.17189288,1.7219666329671954,22.10152090902932
22.18458224,-2.147335291,1.215831637,12.21929073,12.46596813,1.793037859509996,22.119006703102663
22.1945154,-7.064896107,-5.806782246,5.760636806,10.8081642,1.7702365360343506,22.136703990450084
22.20455571,10.13484955,9.620897293,-38.17733765,40.65447023,1.7893839847581245,22.154573837205643
22.2146114,14.50370026,-7.337440968,-0.3779668808,16.25848148,1.8008648492244919,22.172625051854336
22.22451424,-14.1830225,-6.031124115,6.453958511,16.70886489,1.7346714687012086,22.190130977089645
22.23461548,12.44636917,2.286034584,8.731060028,15.37431198,1.7157564446141544,22.207557777317188
22.24461048,-2.579654694,-6.477698326,2.877276897,7.542805598,1.6948086050635094,22.22460207615295
22.25451301,-20.59785271,-5.85562849,-6.249668121,22.30735916,1.6337430356658778,22.24108261739239
22.2646754,31.14888382,12.42490196,-12.48232269,35.78322976,1.667122795175279,22.257854960347732
22.27450194,7.605916023,18.38360405,9.799407005,22.17735859,1.8184933034990136,22.274980733356863
22.28451171,-7.278069496,-2.114017725,3.290596008,8.262408161,1.8999207120532104,22.293590967887088
22.29452155,5.903779984,-6.176859379,-9.034666061,12.4351679,1.8584255354178645,22.312401190187977
22.30453117,-44.78052521,-9.748723984,-6.859444618,46.33988603,1.7787210165468748,22.33060441762272
22.31451048,-7.115146637,-16.59596062,10.40276814,20.83911719,1.6472701292891225,22.347698931473495
22.32452032,-3.947770834,-4.025951862,10.94416046,12.31128877,1.544059107069689,22.363671278995135
22.33453017,1.373719454,5.430951595,4.154682159,6.974505302,1.5510910253583736,22.379162273271675
22.34449394,-3.71938324,-1.815899611,-29.4211235,29.7108366,1.5691007986116814,22.394706710116633
22.35410717,21.30967331,-1.535234809,1.641931534,21.42790381,1.5529931856414942,22.409713413892753
22.36452894,-13.2315979,-5.370727539,9.170772552,16.97123939,1.5170070100317339,22.425710831862386
22.37450809,-0.2762385011,-1.818160772,6.519040108,6.773470324,1.4811375126373778,22.440670298819082
22.38416686,8.450773239,5.994991302,-0.4289655685,10.37012539,1.501309035346505,22.45507368144122
22.39449702,-10.99106979,-1.464567423,-18.80473328,21.83040464,1.5247090371154475,22.47070330686693
22.40450686,5.910618305,-5.585508347,2.506913185,8.509872264,1.4894239718926514,22.48578880144638
22.41422678,10.56856632,0.241216436,6.108096123,12.20907932,1.463450926976872,22.500139655339886
22.42449578,-0.08846161515,-10.50850964,-2.730230331,10.85775105,1.410733510020929,22.514897155331653
22.43450563,7.675649166,10.34015274,-20.12361526,23.89130051,1.4098908963631966,22.529014168938772
22.4445154,10.25756741,2.46188283,11.48665905,15.59557284,1.4739636121569555,22.543447529110647
22.45452525,-31.1366291,3.668277979,8.273813248,32.42532839,1.5046446072439381,22.55835523985313
22.4645044,6.225189686,-5.782045364,3.061609745,9.030973893,1.4940978063439272,22.57331769003141
22.47434625,4.08260107,-1.190263271,-24.97122955,25.33074542,1.459787598474237,22.587853538567114
22.48449332,-12.57167339,-3.725233078,-0.2127456665,13.11371778,1.4348486557052167,22.60253957691496
22.49450317,-12.140028,-2.827620745,7.784767151,14.69620082,1.4020521137851287,22.616738052498707
22.50451302,-7.652213097,-8.590756416,4.098492622,12.21290722,1.344903992472614,22.63048636178882
22.51452278,-2.001971245,-5.104352951,1.414374352,5.662399025,1.2763616135039093,22.643605481594857
22.52450194,-1.834156036,-1.607155085,-15.41355228,15.60527699,1.2428740072376434,22.656175409263398
22.53451178,0.002364456654,-2.919800758,-0.5170059204,2.96522127,1.220216955399899,22.66850298248412
22.54452155,0.5962202549,-1.419442892,2.952746391,3.330016211,1.198499539944669,22.68060838039092
22.55463794,3.040467978,1.642035127,5.557758808,6.544418068,1.199625454874785,22.692738564249094
22.56451048,3.11876297,4.362153053,-0.2700386047,5.369169635,1.2292637488620732,22.704728217158824
22.57498269,-6.328856945,-4.174296856,-3.930049896,8.539582932,1.2302473836344658,22.717606475697245
22.58499231,-10.34434128,-3.969553471,-2.483720779,11.35480604,1.189488960079386,22.72971679634763
22.59497169,1.118637085,1.248493552,0.931391716,1.917700604,1.17591171461215,22.741519412440134
22.60466092,10.77679443,3.708620548,0.1745452881,11.39840474,1.19992702393772,22.75302943643049
22.61496062,4.371266842,3.239984274,-4.801838875,7.256936577,1.2357112964802999,22.765572608434898
22.62497046,-20.1123085,-5.380358219,-0.9792470932,20.84255581,1.224998896115492,22.777888266092024
22.63498023,-2.300452948,0.8900439739,3.237121582,4.069793383,1.2025253897049049,22.790037745977262
22.64508154,-6.506570816,-7.438693523,-0.8282661438,9.917441703,1.1694504201164966,22.802017777461014
22.65496923,-2.583553314,-12.18837452,-0.7062864304,12.47918514,1.0724172379074577,22.813101223672795
22.66475008,1.319356203,-0.8291397095,0.6042585373,1.671317393,1.0087560608816417,22.82327904560253
22.67495816,-5.955817699,-1.859060049,0.7436180115,6.283377792,0.9950353817862698,22.833506477277563
22.684968,-1.236479998,3.374810696,-3.15568161,4.782944328,1.0026215925144546,22.843504590621382
22.69497777,-8.501285553,1.980911732,-0.8950424194,8.774791637,1.0294263673585151,22.853674756975032
22.70498762,7.070216179,2.268969059,0.1706295013,7.4273341,1.0506967019764095,22.864085616927824
22.71496677,-9.04159832,-5.812250137,1.902965069,10.91576969,1.0330172352916485,22.874482463896367
22.72497654,-11.62313461,-3.750745296,-4.029016495,12.86072791,0.9851555428939587,22.884583186561315
22.73498639,-3.715347052,-2.492364645,-1.102217674,4.607664163,0.953909245872501,22.89428806039923
22.74496554,-8.081894875,-3.721931219,0.24812603,8.901200104,0.9229025505868849,22.90365255361855
22.75492954,-1.438602448,-2.846026897,-1.254938126,3.426998074,0.8901809832529726,22.91268533578414
22.76498516,16.33847809,5.777882576,3.874542236,17.75786786,0.9049217965544045,22.921710771491483
22.77507131,1.270485282,0.766253531,2.981081963,3.329883931,0.937924365752223,22.93100438290146
22.78497416,-24.17084312,1.071481824,-1.419190407,24.23616785,0.9470237745323535,22.940337562246967
22.79498392,-24.09896278,-6.83677721,-4.643446922,25.47671739,0.9181691629608725,22.949672629075966
22.80510054,6.27273035,3.097015619,-0.5612363815,7.018093621,0.8992522895074984,22.958865710183204
22.81497293,7.294042587,4.864013672,1.41748333,8.880931553,0.9385494824885788,22.96793745810112
22.82498269,0.3850078583,4.92145443,0.8083000183,5.002228871,0.9875245760829121,22.977577227635383
22.83499231,6.515142918,5.284592628,-5.599531174,10.08606741,1.03860390245927,22.987717615706078
22.84497169,-1.458417416,3.499848127,2.016087532,4.294243497,1.0824355386500892,22.998300944994988
22.85498146,-10.14992905,-10.82147408,3.267551422,15.19217737,1.045791642742309,23.008952477291732
22.86499131,0.4418577552,-6.784143448,-0.6384868622,6.828433647,0.9576768474359887,23.018979686824938
22.87497046,11.72232819,-0.7080138922,-9.049531937,14.82593302,0.9202941664752622,23.028349964046672
22.88498023,-0.5134195089,0.6202067137,-3.680750847,3.767782207,0.9198547016446952,23.037559697514492
22.89514269,-13.3544693,-1.480848432,3.824883461,13.9701287,0.9154815831264176,23.04688546330476
22.90496923,-10.62003517,-1.907984138,-3.385158539,11.30861834,0.8988313337252156,23.05579967252974
22.91484185,4.384670734,5.201651096,-2.371724129,7.204692007,0.9150898948666597,23.064753750029652
22.92495816,0.2439474761,-2.685498476,-0.6356697083,2.770467183,0.9278169848222768,23.074075458677687
22.934968,5.929653168,4.250576973,-0.8757371902,7.348136289,0.9356500774934837,23.083401962247216
22.94497777,6.519005775,3.233613729,-1.872598648,7.514008235,0.9731075912750626,23.092955074872272
22.95498762,4.367474556,-3.701081276,3.011820793,6.468686196,0.9707679512623938,23.102684026172007
22.96496677,6.010653019,-3.131420612,-2.149252892,7.110065594,0.9366766706545779,23.11220136417141
22.97497654,-11.79800606,-2.313551664,-0.4806966782,12.03231223,0.9094252105850099,23.121440891785298
22.98498639,-6.494822979,-2.613828182,4.775588512,8.474731201,0.8847640440092698,23.130420674440348
22.99507139,-1.20684588,-0.2197761834,2.884405613,3.134417695,0.8704755939967401,23.139271470314995
23.00497531,-0.4489810765,-4.289350986,-0.3382129669,4.326026341,0.8481465766189598,23.147782018558996
23.01498516,12.80056763,-2.396330118,-3.613827705,13.51505384,0.8146852441195245,23.156104367109403
23.02496431,-2.788258791,-4.721209526,-3.220845222,6.359091949,0.7791717462503024,23.16405703610213
23.03497408,-9.325344086,-3.777786016,1.414466858,10.16043434,0.73663525094708,23.171643475805297
23.04498393,11.86489391,2.402832985,3.552605152,12.61627193,0.7297537141484027,23.178982642596427
23.05499377,-20.39098358,-10.70364571,0.3842926025,23.03275762,0.6882088105248015,23.186079431595413
23.06497293,8.182579994,-0.5504556298,3.950230122,9.102853112,0.6320555715617604,23.192666996350983
23.07475377,1.57870388,-2.426074266,-8.688990593,9.158422343,0.6174990902287403,23.198777843460096
23.08511446,-21.91082764,-14.00018597,0.231098175,26.00274949,0.5324053951464884,23.204734745411386
23.0949717,-16.69996643,-7.09219265,9.39339447,20.43095531,0.428449076032397,23.209470431975127
23.10498146,6.187455654,-5.225516319,11.95899296,14.4432732,0.366800420767612,23.213450560276673
23.11499131,10.13525105,-5.004502296,0.2248544693,11.30570283,0.315599944850936,23.216865922926566
23.12507723,-6.116222858,8.108141899,-18.70717239,21.28634412,0.3312514752232779,23.220127968763943
23.13498023,-3.605656862,1.944278359,-0.5557870865,4.133990691,0.3810260341307716,23.22365481085151
23.14498985,-0.5985556841,-10.71806717,-0.5787744522,10.75035872,0.33711488815158314,23.22724896972076
23.15496923,27.2729435,4.318891048,-6.156171799,28.29071788,0.3051849830474099,23.23045384696508
23.164979,0.02280628681,5.585671425,8.843420029,10.45974776,0.35475617920009006,23.233756776588894
23.17498885,24.19498444,4.185059547,-0.1270151138,24.55459485,0.40365795491012435,23.237552582449055
23.18507477,17.99834633,7.337569237,-3.257452965,19.70764808,0.46176611096269443,23.24191688139629
23.19497777,-11.36291218,-10.09723091,-9.405766487,17.87563393,0.4481016461888331,23.246422091595825
23.20498762,-7.575074673,-6.111391068,5.438822746,11.14951344,0.366978708835596,23.250501507641694
23.21496677,-1.722829223,-2.022502899,1.810088634,3.214821826,0.3263940348452041,23.253961142949244
23.22497662,19.46143341,8.809659958,1.948728561,21.45122472,0.36036324688871774,23.257398311637527
23.23498639,-6.393802166,-9.150272369,-1.233240128,11.23072,0.35865852094209,23.260996932898017
23.24496554,13.09006405,-5.232411861,-6.268065453,15.42778517,0.2868950392751914,23.264217970803237
23.25508246,4.078095436,-0.3619714379,-12.77917767,13.41898906,0.2585960751330334,23.266977315785827
23.26498516,-2.576610565,-3.863800764,0.09561252594,4.645107114,0.23767279794116045,23.269434516670522
23.27508639,-30.89335442,1.269043446,10.46106434,32.64113487,0.22456767770950978,23.271769115350452
23.28497408,-20.43893433,-21.76080513,5.435464859,30.34513066,0.12325958416684518,23.273488719419944
23.29498393,25.13245964,-6.17114687,5.141325474,26.38478366,-0.016537740696746905,23.274022854242375
23.30500154,-15.57961082,-14.89232254,-6.134512901,22.40843128,-0.1220405515948857,23.273328742599052
23.31497285,-26.45073318,-3.992508173,-6.697473526,27.57603233,-0.21619380226331672,23.271642422801566
23.3249827,11.46985626,-1.651521921,7.105428696,13.59309546,-0.24444174958152806,23.269336976412248
23.33499254,-37.73327255,-7.227761269,6.811100006,39.01834791,-0.28888185160481666,23.2666677344542
23.34507846,11.6707468,-7.934027672,3.491125107,14.53764357,-0.3653421467627344,23.263368508999392
23.35498146,19.15963554,7.405288219,-12.52849483,24.06019764,-0.3679602001642643,23.259737562428583
23.36526585,-26.47075272,-8.254532814,-6.434859276,28.46481118,-0.3723271814744498,23.25593086035616
23.37497046,-5.438468933,-7.803890228,8.897192001,13.02450278,-0.45024754789326166,23.251939476883976
23.38498023,-2.59580946,7.495930195,8.130130768,11.35897102,-0.45178885244302286,23.24742488843448
23.39499008,48.03189468,-6.923395634,6.086571693,48.90851326,-0.4489233599053101,23.242916891365095
23.405076,21.4528923,-12.25313091,-21.25404167,32.58987715,-0.5456298162056561,23.237901399480094
23.414979,-23.59262085,1.573395967,-0.08316993713,23.64517394,-0.5985105237759087,23.232236188586675
23.42498885,3.870573282,-22.74986649,12.25222969,26.12766532,-0.7044971705082285,23.22571473280236
23.43499847,-27.42810822,-1.805682659,1.736579895,27.5422824,-0.8273930284446562,23.218047913415738
23.44505408,10.12106705,-10.27318764,17.49059868,22.66926167,-0.8881232329283105,23.209422632179226
23.45495716,0.6929979324,3.724540234,8.500069618,9.306107113,-0.9205491225050185,23.200466918664404
23.46496677,3.521075249,-2.323722363,-8.492486954,9.482615208,-0.9135383022201478,23.1912876687507
23.47497654,-12.1446228,-2.090290308,-31.120121,33.47122806,-0.9356299280270454,23.18203279441266
23.48498639,-5.295329094,-9.088629723,5.924780846,12.07256098,-0.9915795843631948,23.17238725534386
23.49511816,13.14186859,5.032133579,6.421955109,15.46843838,-1.0121293273316443,23.162236696423737
23.50508208,-3.291105747,6.277470589,-4.477053642,8.383437442,-0.9557853317508318,23.152432624308773
23.5147867,10.14310551,-8.727059364,-8.227347374,15.70774966,-0.9676714958596487,23.143099415509592
23.52496431,3.365036488,-15.38079929,-6.182579994,16.91498604,-1.0903516875174541,23.132626536843905
23.53508146,-27.25503731,-3.452282429,8.652772903,28.80322537,-1.1856202438741374,23.121113362131066
23.54498393,5.52985096,0.6654033661,-0.252828598,5.575476265,-1.1994187370311353,23.109304473652443
23.55523777,22.12690163,-11.22439766,1.88357687,24.8824183,-1.253553856056421,23.09672827940549
23.56497293,-10.64584923,7.399847984,7.408482552,14.93243013,-1.2721701575683215,23.084434115711254
23.5749827,-0.1556773186,-7.070942402,-6.828923225,9.831411613,-1.2705240229545536,23.071708223747567
23.58499231,1.940737724,1.80884552,-3.896149635,4.713636283,-1.296859791740074,23.058858968394862
23.5949717,4.206505299,-14.42118263,0.4799623489,15.02982233,-1.359791507156143,23.04560308869202
23.60496616,1.741569042,-4.176865578,-7.016824722,8.349556753,-1.4527302316026207,23.03154827068344
23.61496062,-4.467957497,-0.3599511683,-16.32640076,16.9305514,-1.4754017483517368,23.01691572170925
23.62497046,3.788096189,-15.09593678,6.731453896,16.95728314,-1.5527572310619315,23.001760028270006
23.63498024,-4.77632618,-1.251082659,5.261862278,7.215656188,-1.6345722651819943,22.985807794747547
23.64498985,0.1055006981,-0.1080753207,2.897456646,2.901390303,-1.6413745858345874,22.969412319567844
23.65496924,0.1741095781,-4.670671463,2.350123882,5.231497713,-1.6652190747674767,22.95291342571251
23.664979,1.913074017,-0.5138186216,2.140230656,2.91623885,-1.691166825502087,22.93611511704797
23.67498885,2.503249645,0.09238010645,-6.713422775,7.165531259,-1.693276093662524,22.91917623407077
23.684968,3.588147163,-0.5239565372,-0.8124704361,3.716105317,-1.695429476631984,22.90226803347486
23.69497777,-2.209033728,2.916251183,4.38116312,5.707796532,-1.6834563170436394,22.885357098649383
23.70498762,12.47497082,-4.584897995,-1.274403572,13.3517898,-1.691807769189188,22.868464155042595
23.71496677,-8.67196846,5.185144901,6.568303108,12.05119788,-1.6888127922331833,22.851596295204835
23.72497662,0.3679062426,-3.123087645,-0.5730752945,3.196474109,-1.6784923503211981,22.834743185514238
23.73481847,11.18516922,-4.692834854,-19.72325706,23.15464486,-1.716953918744593,22.818034449082635
23.74496554,3.195640326,-3.584180593,2.740806103,5.529058302,-1.7589476463104823,22.800399340835774
23.75497539,-5.894407272,0.1831266582,6.983822823,9.140642958,-1.77596966617511,22.782707344805583
23.76498516,1.804451704,-1.854635596,2.810626507,3.820384864,-1.7843353761852712,22.76488842750365
23.77496431,-4.042447567,0.790160954,4.027582169,5.760829349,-1.78964665224713,22.747055776124128
23.78497408,-0.4370641708,0.1661584973,1.479258537,1.551399225,-1.7848603833701104,22.729165779479175
23.79498393,2.277043819,-0.4995367527,-2.572068214,3.471311052,-1.7865289165350182,22.71129124388735
23.80499354,1.173543572,0.5813882351,-4.044951439,4.251687775,-1.7861192658266452,22.69341083640102
23.8150797,-2.102082014,1.228252053,-13.48064995,13.6987326,-1.776993105082537,22.675441775665544
23.8249827,4.053210258,-4.231281281,5.473503113,8.018197491,-1.791862604304981,22.657770586620508
23.83499254,1.038595915,0.5946611166,8.109276772,8.197113704,-1.8100635972981873,22.639743234135583
23.8449717,-3.568893433,1.890787959,6.623762131,7.757983256,-1.7976622502995547,22.621742197400927
23.85498147,1.699775934,-1.069955587,-5.316895485,5.683609837,-1.7935540786734177,22.603768572664297
23.86499131,4.751959801,-3.057077646,-9.356190681,10.93001143,-1.8142095498419284,22.585712004324662
23.87497047,-5.651686192,3.336534023,-3.235350609,7.317206411,-1.8128151798923766,22.567614674273674
23.88498024,-0.4974421263,0.4318222404,6.905531883,6.93687896,-1.79395499015503,22.549563204351156
23.89499008,3.560268402,-2.518707752,5.561428547,7.067452675,-1.8043996851897457,22.531553727069433
23.90496924,0.2835701108,-1.690403938,1.750500679,2.449924511,-1.8254013846959365,22.51344254424715
23.91497901,-2.886338949,2.038319826,-11.60208988,12.12823936,-1.8236601056868236,22.495179411129858
23.92498885,3.523883343,-1.210829973,-1.567715645,4.042473918,-1.8195185851717475,22.476945593236408
23.934968,-1.463550448,-0.5605860949,4.796533108,5.046084278,-1.8283571984987423,22.458744243423094
23.94497777,2.218176365,-0.1718528867,1.036452293,2.454398736,-1.8320229713711673,22.440424461616615
23.95498762,-0.9638237357,0.3939492702,-0.9012298584,1.377086591,-1.8309113956289786,22.422091749829857
23.96496677,3.73476696,-2.540244818,-2.944861412,5.391988197,-1.8416204982368922,22.40376737650552
23.97497654,0.01580971479,0.5475113988,2.744283676,2.798412331,-1.851593899835645,22.385283263162822
23.98498639,1.404456139,-0.7649669647,0.7257480621,1.756240801,-1.8526822486338068,22.366743638860445
23.99496554,0.7991725206,2.080893278,-1.23464489,2.54816435,-1.8461163355991232,22.34828820591452
24.00497531,4.6164608,-3.16261363,-0.8916101456,5.66646309,-1.8515302215630427,22.329781910125277
24.01498516,-0.03453850746,0.04692602158,-1.163151741,1.164610206,-1.8671240043666133,22.311170324623568
24.02496431,2.660810232,-1.340857744,0.03099155426,2.979726675,-1.8735801737405091,22.292505800574084
24.03497416,-0.979206562,1.571317911,3.756263256,4.187767797,-1.8724267378891868,22.273757316931896
24.04498393,1.842441797,-0.8535929918,-2.607653618,3.305006832,-1.8688346072069566,22.255032734144745
24.05499377,-6.837276936,2.685128689,-7.030106544,10.16762853,-1.8596679175653277,22.236371877288466
24.06497293,1.695590258,0.5869563818,5.789474487,6.06115162,-1.843341587337765,22.217895415122992
24.0749827,3.120108366,-0.3903803527,6.261851311,7.007014691,-1.8423577469183627,22.199448913810464
24.08499231,0.09138017893,-0.1984953284,0.8400173187,0.8679745551,-1.8453049548715106,22.18099288108223
24.0949717,-5.347105026,2.6693964,-20.30916595,21.17024872,-1.8329759121490559,22.162639381431465
24.10498147,3.012909651,-0.9236132503,3.882749081,5.000642601,-1.8242384682498696,22.14433544403722
24.11499131,1.986353636,-1.012737036,6.875542164,7.228023043,-1.8339297465247804,22.126026604775728
24.12497047,9.642999649,-4.587221622,-3.258682251,11.16463409,-1.861871188245565,22.107586110347615
24.13498024,-8.003100395,5.386367321,-8.501231194,12.85820752,-1.8578715559238255,22.088969225683464
24.14498985,2.787989616,-0.4171543121,5.532237053,6.209070029,-1.8330016138108154,22.07049712518921
24.15496924,3.739523411,-2.587597847,5.055317879,6.79970123,-1.847994410635313,22.052130077731015
24.16497901,0.4879744351,0.4589157701,2.085251808,2.190204976,-1.8586482196317586,22.03357875763043
24.17498885,0.8815867305,0.70629251,-6.214625359,6.316455701,-1.8528164454065215,22.01500317389909
24.184968,0.05254280567,1.865668416,-1.279946327,2.263126595,-1.839983453469171,21.99657767184365
24.19497777,1.908198953,-0.1365484297,1.124528885,2.219106561,-1.831329406786538,21.97820317317905
24.20498762,-0.454556644,0.02061289549,1.50995636,1.577027217,-1.831909655440094,21.959868936415536
24.21496678,3.218689442,-0.8404940367,0.2211418152,3.333960955,-1.8360005179846528,21.94156760517242
24.22497662,-0.3872400522,1.149452686,2.769241333,3.023225744,-1.8344542046615984,21.923197272921957
24.23498639,3.33185935,-0.2198751271,-0.9733352661,3.478076098,-1.8298017758807232,21.90485809312878
24.24496554,-0.3905252814,0.2229295969,-4.17937851,4.203500009,-1.8297865353745708,21.886598302780648
24.25497539,2.702823162,-0.7421913147,2.950139046,4.069326895,-1.832385401327531,21.86826940690035
24.26498516,1.042152405,-0.2786183357,1.590561867,1.921873269,-1.837494436234673,21.849902080349533
24.27496431,1.804528713,0.1380024254,-0.07781219482,1.811469924,-1.8381960498653083,21.831561946992345
24.28497408,1.630596876,0.3337792158,1.159187317,2.028292379,-1.835834837005991,21.813173844917106
24.29498393,-0.5875158906,1.158121228,0.3050260544,1.33396424,-1.8283679871773055,21.79483478459728
24.30499378,1.092029214,0.2759106755,-1.929718018,2.234382718,-1.8211907650526813,21.77656901675928
24.31497285,1.622035503,-1.090349555,0.4787054062,2.01221773,-1.8252544363473073,21.75837495080131
24.3249827,-0.2099360228,0.2826426029,-1.111902237,1.166313234,-1.829296949064546,21.74008419520868
24.33499254,1.210915327,-0.1178383231,3.058036327,3.291168179,-1.8284721168284896,21.721777353655416
24.3449717,1.161527872,0.1372877359,-0.3380775452,1.217493879,-1.828375072427371,21.70353122205685
24.35498147,1.528624296,-0.001476615667,-2.72755909,3.126703217,-1.8276953533888838,21.685233010023737
24.36499131,1.051895022,-0.4456934929,-0.3748760223,1.202355131,-1.8299334040086535,21.666926870703257
24.37497047,0.1703804731,0.0497919023,0.0710849762,0.1912114353,-1.8319087866670796,21.648655816145506
24.38498024,0.7469717264,0.1790767461,1.592321396,1.76791478,-1.8307633254017321,21.630324563431895
24.39498985,1.00592351,0.1940666884,0.8429803848,1.326710185,-1.8288958152750292,21.61200868306634
24.40496924,1.219626665,0.01231050491,-1.198664665,1.710098749,-1.8278660560254565,21.593762556640925
24.41497901,1.607465863,0.03311434388,-0.3410415649,1.643579146,-1.8276387098811202,21.57546717567061
24.42498885,2.018305779,-0.7119517922,1.227923393,2.467433774,-1.8310362370029654,21.557155800255455
24.43496801,0.3311632872,-0.06696817279,-0.9480342865,1.006440692,-1.8349227204818803,21.538864204760365
24.44497778,0.7243868113,-0.06885221601,0.09068012238,0.7332801406,-1.8356024859084796,21.52049364821278
24.45498762,1.045623302,-0.1638669968,0.4558105469,1.152364412,-1.8367672269510569,21.502113731589493
24.46496678,0.6815723777,0.04918584228,-0.08794784546,0.6889811149,-1.8373394377460268,21.483781482457452
24.47497662,0.05370134115,0.1763248742,0.9942054749,1.01114728,-1.836210774650902,21.465395657528425
24.48498639,0.7564309239,-0.3745408654,-0.9454784393,1.267437605,-1.837202822892019,21.447010644915288
24.49496554,0.5053422451,-0.1225157082,0.1509151459,0.5414390683,-1.839682923945239,21.428664547715012
24.50497539,-0.1550480723,-0.003671705723,0.725317955,0.7417139085,-1.8403144824878677,21.410246436695623
24.51498516,0.8223066926,-0.5477167368,-0.2419757843,1.017218856,-1.8430741182330244,21.391811500338704
24.52496431,0.7388081551,-0.08298897743,0.5836629868,0.9451915903,-1.8462210716971044,21.3734034852914
24.53497416,0.208983779,0.4401296377,0.4616117477,0.671173393,-1.8444336094780027,21.35493203541122
24.54498393,0.1203894839,0.5832712054,0.2103967667,0.6316373377,-1.8393116059493841,21.336495314238707
24.55499355,0.2713650465,0.6394635439,0.9529085159,1.179231636,-1.8331920508487412,21.31811513121213
24.56497285,0.1569271684,0.005240350962,-3.083731651,3.087726428,-1.8299752040597426,21.299837208718674
24.5749827,1.364789248,-1.570962548,-0.7114448547,2.199255965,-1.8378115262267525,21.281480211217595
24.58499231,-0.6533657908,-0.1860707998,0.8643217087,1.099345812,-1.8466051355109894,21.263040424286846
24.5949717,-0.09316903353,-0.03944885731,3.002678394,3.004382502,-1.8477304098164726,21.244606816688005
24.60498147,0.08979336917,0.1808954775,-1.138912201,1.156679309,-1.847022485748783,21.226115003342283
24.61499131,0.491245091,0.3521727324,-0.9553003311,1.130462779,-1.8443545220036897,21.207639956728638
24.62497047,0.1917262226,0.5578469038,1.311786652,1.438310235,-1.8398139062272987,21.189257503622503
24.63498024,-0.02975837328,0.4768317342,1.094143867,1.193903206,-1.834635458632152,21.17086730711306
24.64499008,0.2925027609,0.307030499,-1.757487297,1.807923447,-1.8307122908639653,21.152522534854654
24.65496924,0.9079440236,0.3134872019,-0.1177845001,0.9677343459,-1.8276161681539085,21.134269012342106
24.66497901,-0.4924304187,0.5926619768,1.946190834,2.093178134,-1.8230809957216705,21.115997692867083
24.67498885,-0.202038765,-0.07955244184,-5.231421471,5.235925788,-1.820512923547959,21.097761796788653
24.68496801,-0.4300663471,-0.3888846934,0.5499868393,0.7991707521,-1.8228502281092098,21.079582944874407
24.69497778,0.5722394586,-0.003720551729,2.566688538,2.629707567,-1.8248151722114772,21.061326799027324
24.70498762,0.6434243321,-0.3599282503,-0.5598869324,0.9257519072,-1.8266352053737285,21.043051582003535
24.71496678,1.591176867,-0.3141131103,-1.956367493,2.541236832,-1.8299983886657512,21.024806516155387
24.72497654,0.04082196951,-0.3184885085,-0.3574171066,0.4804668056,-1.8331644838556507,21.006472825557964
24.73498639,0.4078786075,-0.2865731418,1.586997986,1.66344574,-1.8361927720357782,20.988107967694024
24.74496555,-0.07670416683,0.2243823707,0.9602422714,0.989088569,-1.8365030778634435,20.969782757935285
24.75497531,0.09345816076,0.4695563018,-0.6270675659,0.7889431416,-1.833029998080222,20.951417185234156
24.76498516,0.281837523,0.4894955754,0.1556816101,0.5858968096,-1.8282300153637272,20.93309285346137
24.77496431,-0.1581922472,0.2703108191,0.3520755768,0.4712217501,-1.8244389043728888,20.914867587936172
24.78497416,0.2793229222,-0.1129958332,-1.04133606,1.084052647,-1.8236515546670833,20.89660916879546
24.79498393,0.5413723588,0.05367073417,0.4190664291,0.6867177372,-1.823948469965342,20.878353350146178
24.80499355,0.2269383669,0.1911539435,1.230904579,1.266162286,-1.8227231689702927,20.860102451460918
24.81497293,0.2534481883,-0.08650636673,-1.292469978,1.319923475,-1.8222010100029593,20.841915409734334
24.8249827,0.179685846,0.03798925877,-0.3398294449,0.3862825891,-1.8224438325488317,20.82367438143152
24.83499231,0.3669284284,-0.05657717586,1.376982689,1.426155242,-1.8225368614492232,20.805431963829292
24.8449717,0.255650878,0.03636053205,0.3309679031,0.4197847217,-1.8226377363357587,20.7872436543646
24.85498147,0.4821631908,-0.6815590858,-1.318777084,1.560825784,-1.8258668808994436,20.76898330833337
24.86499132,-0.08629805595,-0.3576847315,-0.8281583786,0.9062185286,-1.8310682182617453,20.750680622432196
24.87497047,-0.1397927701,-0.1770404577,1.721597672,1.736313303,-1.8337362696976478,20.732394805579187
24.88498024,0.03681574762,-0.1527184248,0.28540802,0.3257852889,-1.8353866749822887,20.7140312671902
24.89499008,0.3894563019,-0.4069954455,-1.472250938,1.576338901,-1.8381879981260303,20.69564531983727
24.90496924,0.05273479223,-0.2567495704,-0.4788665771,0.5459070424,-1.8414998069824646,20.677285223158655
24.91497901,0.2429343015,-0.2899401784,1.254768372,1.31054418,-1.8442359263058874,20.658838539673155
24.92498885,0.5871913433,-0.351001054,0.4169940948,0.8011738193,-1.8474437858987505,20.640361978047952
24.93496801,0.2136723399,-0.1559457183,-1.046033859,1.078963285,-1.8499732373748832,20.621913420016966
24.94497778,0.1233648807,-0.02366808057,0.3807497025,0.4009356653,-1.8508721837826407,20.603391114281298
24.95498762,0.09449151158,0.03050756454,0.8741178513,0.8797393791,-1.8508379527125296,20.584864351184947
24.96496678,0.2504483163,0.06171301007,-0.2656183243,0.3702511971,-1.850377810777867,20.56639683903575
24.97497662,0.2805736959,0.03427967429,-0.4167366028,0.5035534639,-1.84989737507206,20.54787725775259
24.98498639,0.1442947984,-0.1380146146,0.2174978256,0.2952529878,-1.8504165565187933,20.52935761206108
24.99496555,0.1411812752,-0.2510555387,0.3371191025,0.4434076287,-1.852357853174296,20.51088232292196
25.00497532,0.2080985606,-0.2040136456,-0.1826162338,0.3439117145,-1.854635422108761,20.492329247883397
25.01498516,0.1312108338,-0.1459220648,-0.08233451843,0.2128109603,-1.856386822344456,20.473755878431692
25.02496432,0.106099844,-0.1609759331,0.2670059204,0.3293365899,-1.857918114456818,20.455223056805128
25.03497408,0.09142163396,-0.1597557664,0.1542825699,0.2401727117,-1.859523338125012,20.436617708427924
25.04498393,0.5850848556,-0.2418761849,-0.03042793274,0.6338408603,-1.861533475918872,20.417994098152896
25.05499378,0.2922689319,-0.09204751253,0.1368083954,0.335574746,-1.8632047389802318,20.399352062742693
25.06497285,-0.1264222562,-0.05961841345,0.03363609314,0.1437648387,-1.8639614814262164,20.380755236435157
25.0749827,0.05036564544,-0.06928944588,-0.004797935486,0.08579478851,-1.8646066555940737,20.36209403255198
25.08499255,0.3015864789,-0.04950642586,0.1266965866,0.3308433399,-1.865201220022442,20.343426623870112
25.0949717,0.1321797967,-0.0324177742,-0.0003757476807,0.1360975824,-1.8656099869629563,20.32481146154202
25.10498147,0.07447262108,-0.0282921195,-0.007671356201,0.0800341491,-1.865913832999287,20.30613561394835
25.11499132,0.1726855636,-0.02233463526,0.1550579071,0.2331568021,-1.8661672161098544,20.28745682820363
25.12497047,0.1708931029,-0.01396936178,0.03765106201,0.1755482787,-1.8663483576258852,20.26883316180981
25.13498024,0.09152954072,0.01825869083,0.00645160675,0.09355565106,-1.866326890027263,20.25015155145296
25.14498985,0.1298617423,0.0334944129,0.02554130554,0.1365221817,-1.8660678758349494,20.231471643466797
25.15496924,0.1202512309,0.02424061298,0.0877571106,0.1508286323,-1.865779795664991,20.212850861799556
25.16497901,0.1088251844,0.05777317286,0.02309513092,0.1253556753,-1.8653693260984472,20.194176889527277
25.17498885,0.1406134516,0.06266075373,-0.0008640289307,0.1539456377,-1.8647665639305784,20.175507857808554
25.18496801,0.124625966,0.06704005599,0.04222393036,0.147678234,-1.8641194113644157,20.15690228292394
25.19497778,0.1255148053,0.06611040235,0.03985118866,0.1473521934,-1.8634530086327268,20.138246211632683
25.20498762,0.1170400605,0.09358564019,0.03988742828,0.1550730626,-1.8626537427154972,20.119597345430723
25.21496678,0.07082156092,0.08492228389,0.06148910522,0.1265242975,-1.861763063147666,20.101014069824522
25.22497655,0.0848634392,0.08317133784,0.04959392548,0.1287588141,-1.860921773901674,20.082382460323846
25.23498639,0.1060714722,0.08850285411,0.01854038239,0.1393831345,-1.8600625583048995,20.0637592314199
25.24496555,0.09860575944,0.09363919497,0.02341270447,0.1379838735,-1.859153745979651,20.04520190413237
25.25497539,0.1007483751,0.08907991648,0.06899642944,0.1511488467,-1.8582392514443729,20.026596649571704
25.26498516,0.1529054642,0.06748083234,0.02600479126,0.1691448872,-1.857455682901015,20.008000023730222
25.27496432,0.05967631191,0.02742570639,-0.02899169922,0.07179101753,-1.8569821391334984,19.989466539062153
25.28497416,-0.04631667212,0.07838383317,0.08362197876,0.123619961,-1.8564525708527637,19.970881095413446
25.29498393,0.05156486481,0.1260366738,0.04784107208,0.1443362276,-1.8554294697237372,19.952303552666795
25.30499355,0.1448608786,0.2400408685,0.002501487732,0.2803757303,-1.8535973211792591,19.93374057829342
25.31497293,0.07667221874,0.3447407484,-0.05949687958,0.3581406029,-1.850679442193229,19.915257385569987
25.3249827,0.001970402896,0.3792737126,0.04147148132,0.3815394021,-1.8470558330775873,19.896750645756814
25.33499232,0.05390253663,0.3794360757,0.05161190033,0.3867053235,-1.8432586347420048,19.878281323005123
25.3449717,0.08764336258,0.3516723514,0.001937866211,0.3624342106,-1.8396106303343893,19.859904947061867
25.35498147,0.04535071552,0.3229638338,0.02651977539,0.3272088383,-1.8362341538106246,19.84150776663937
25.36499132,0.02531500161,0.2845939994,0.01518154144,0.2861207315,-1.8331933724222953,19.823142557077635
25.37497047,0.04860913754,0.268168509,0.0445098877,0.2761491039,-1.8304353224294454,19.80486260693252
25.38498024,0.05288042128,0.2193493992,0.06897735596,0.2359414621,-1.827995351363464,19.786552582129715
25.39499008,0.05000957847,0.2029879093,-0.00479221344,0.2091124448,-1.8258815869214065,19.76826522036376
25.40496924,0.0662342608,0.1643445045,-0.01160812378,0.1775692597,-1.8240487524561582,19.75005360094101
25.41497901,-0.007392957807,0.1365070641,0.1275854111,0.1869943087,-1.8225430249532455,19.73180282845313
25.42498885,0.02457101643,0.1101332307,0.05363082886,0.1249373009,-1.8213086100089952,19.713565642528277
25.43496801,0.07527863979,0.1022121906,-0.06110572815,0.1408833402,-1.8202490955417852,19.695395799031814
25.44497778,0.03753761947,0.08108153939,0.04198455811,0.09872179103,-1.8193317315019641,19.677180115544257
25.45498762,0.0266765058,0.05558076501,0.03732872009,0.07207142807,-1.8186477476014264,19.6589723192897
25.46496678,0.03500193357,0.04772570729,0.03024291992,0.06646437163,-1.8181322916933678,19.640826314341233
25.47497662,0.009975835681,0.007396966219,0.05424499512,0.0556484672,-1.8178564071222691,19.62262848178276
25.48498639,0.06447444856,-0.001257747412,0.008800506592,0.06508444793,-1.8178256810381503,19.604432311034955
25.49496555,0.03982056677,0.00288194418,0.02557182312,0.04741203727,-1.8178175769784406,19.58629197814762
25.50497532,-0.2044988573,0.01457688212,-0.07257843018,0.2174853941,-1.8177301975605742,19.568096479624046
25.51498516,0.02545782924,-0.02632114291,0.1285429001,0.1336569519,-1.8177889766462874,19.549900996998677
25.52496432,-0.07242877036,-0.04608273506,0.2434549332,0.2581469537,-1.8181502415877289,19.53175918739416
25.53497408,0.0271396786,-0.09897866845,-0.2042303085,0.2285680596,-1.8188762565049281,19.513556306214383
25.54498393,0.1123272181,-0.298558712,-0.09895992279,0.3339876865,-1.8208659012787767,19.495339669695337
25.55499378,-0.4134442806,-0.4166041911,-0.5875005722,0.8304529773,-1.8244452379715743,19.477095160841724
25.56497286,0.5738842487,-0.5665632486,0.1880321503,0.8280659003,-1.8293507912386555,19.458864399402138
25.5749827,0.2266772389,-0.1230372488,-0.1499509811,0.2983387873,-1.8328021865601023,19.440535616720496
25.58499255,-0.04619269073,0.02809849381,-1.23494339,1.236126396,-1.8332773479084206,19.42218716360645
25.5949717,-0.9796460867,0.564201057,-0.6556816101,1.306884716,-1.8303220248771879,19.403907359765984
25.60498147,-1.556514144,0.8824843764,-2.133177757,2.784234598,-1.8230815306518457,19.38562249511197
25.61499132,-1.398375511,0.7827050686,-2.531161308,2.99580688,-1.8147473823688267,19.367415434239465
25.62497047,-2.007446289,0.5385048985,-2.414209366,3.18562945,-1.808155106147234,19.349338690555328
25.63498024,-2.385512829,0.9548177719,-2.644618034,3.687323281,-1.8006811979139892,19.331276879869677
25.64498986,-2.539154291,0.2516716719,-4.795460701,5.43204257,-1.7946429474807657,19.313282965633565
25.65496924,-1.497514009,-0.2177610993,-2.698030472,3.093434423,-1.7944737442357692,19.295374385968074
25.66497901,-0.9059200883,-0.3330572844,-1.424586296,1.720774383,-1.7972305269020736,19.27739831913702
25.67498886,-0.528899312,-0.4779563844,-1.193658829,1.390323051,-1.8012895894883922,19.259387995843497
25.68496801,-0.4445543289,-0.2834966779,-0.5802316666,0.7840074646,-1.8050889166517177,19.241393699808725
25.69497778,0.05874490738,-0.3004356027,-0.5002908707,0.5865180907,-1.8080114305639083,19.22331054807745
25.70498762,0.4631289244,0.02149903774,-1.001795769,1.103877426,-1.8094074857566083,19.205205655794774
25.71496678,0.5143543482,0.4617050588,-0.748167038,1.018570505,-1.806996500260594,19.18716131879422
25.72497655,0.4830085039,0.8106521368,0.01832962036,0.9438167601,-1.8006284988176937,19.16910557055071
25.73498639,0.3366521597,1.077951193,0.007085800171,1.129319999,-1.7911761902403125,19.151128875426352
25.74496555,0.01179838181,1.252275229,-0.2342882156,1.274057855,-1.7795493390896293,19.133312454739716
25.75497539,-0.239262104,1.298588514,-0.2330131531,1.340848095,-1.7667824701250154,19.115563347741144
25.76498516,-0.2474675179,1.370064259,0.5773696899,1.507206689,-1.7534261698912195,19.097945108321856
25.77496432,-0.3440625668,1.433869004,0.3418483734,1.513677536,-1.7394357205608195,19.080517194490493
25.78497416,0.2016000748,0.7112994194,0.2638435364,0.7849859017,-1.728699324215174,19.06315945604219
25.79498393,0.090508461,0.5696356297,1.400257587,1.514396858,-1.7222883916019591,19.04588765938811
25.80499355,0.1983428001,0.3387797475,1.304344177,1.362139977,-1.7177419452379956,19.028670961157992
25.81497293,0.4272091389,-0.09070457518,2.209938049,2.252678661,-1.716504127031422,19.01153513787365
25.8249827,0.4398581982,-0.6942027211,2.105146885,2.259875231,-1.7204324977849643,18.994333665314155
25.83499232,0.9402112961,-0.7742755413,1.18646574,1.700353154,-1.7277819524774076,18.977076007151336
25.8449717,-0.2064352036,-0.3725438118,2.487237453,2.523441011,-1.7335042255353756,18.959805262121773
25.85498147,0.3460826874,-0.1255955696,2.005395412,2.038911041,-1.7359973558532538,18.942440805699604
25.86499132,0.7377023697,-0.08529700339,0.6450519562,0.9836525765,-1.737052857364126,18.92505844986121
25.87497047,0.2851967812,0.1225868464,1.733686924,1.761259518,-1.7368667968956892,18.90772506720231
25.88498024,0.4068198204,0.234929353,1.506414413,1.577966588,-1.7350774694320552,18.890348385422932
25.89499009,0.7654042244,0.2174643129,0.6503872871,1.027685739,-1.7328132730637509,18.872991852348548
25.90496924,0.9181470871,-0.1956422627,0.3963985443,1.019020007,-1.7327043903076242,18.855700392053333
25.91497901,-0.134221077,-0.2294481099,0.4778790474,0.5468364624,-1.7348319187370944,18.83834577159324
25.92498886,-0.3719682693,-0.1769272238,0.3112478256,0.5162740017,-1.7368657968041128,18.820970184904287
25.93496801,0.4201879501,-0.2199044526,-0.9040899277,1.020928244,-1.7388458182158861,18.803627861122774
25.94497778,0.4766340256,-0.226462692,-0.221824646,0.5724259942,-1.7410798344423875,18.78621123342267
25.95498762,0.7919244766,-0.4578284621,-0.3251504898,0.9708110622,-1.7445046569253664,18.76876616189013
25.96496678,0.8330588341,-0.5069773793,-0.3069863319,1.022376492,-1.749318632855499,18.751333451079905
25.97497662,0.3578939438,-0.3790331185,0.3562216759,0.6313858268,-1.7537530445161476,18.733800857580395
25.98498639,0.5081467628,-0.1477529407,-0.276330471,0.5969946342,-1.7563895481620466,18.71623299757044
25.99496555,0.8318638802,-0.05686722323,-0.6297931671,1.044926232,-1.7574105168395886,18.69870061104211
26.00497532,0.4416174889,0.1708018631,0.1611094475,0.5001555128,-1.7568402870695228,18.681112189907388
26.01498516,0.7399134636,0.3205307126,0.4251151085,0.9115562115,-1.7543812068347506,18.663538807228118
26.02496432,1.882682323,0.4684928358,0.4702777863,1.996281409,-1.750444310718125,18.646051199922248
26.03497409,1.507651329,0.1888688207,1.872581482,2.411481986,-1.7471542912239328,18.628546121143366
26.04498393,0.4293193817,0.3090858161,2.854966402,2.903563729,-1.7446620681031193,18.61106985961024
26.05499378,1.323747635,0.3406416774,1.868214607,2.314858607,-1.741410230727714,18.593622329210014
26.06497286,1.889180183,0.2146606445,1.130191326,2.211880058,-1.7386395275805009,18.576258481738943
26.0749827,-0.006318092346,0.4127409458,1.80427742,1.850894923,-1.735499432813177,18.558870694173294
26.08499255,1.925810814,0.4680236578,0.7129850388,2.106214875,-1.7310912720295044,18.54152066768986
26.0949717,0.8123545647,-0.4877314568,1.624543667,1.880676484,-1.7311896055707,18.524245357580007
26.10498147,-0.8222651482,-0.03646963835,3.274557352,3.376414646,-1.7338131717687997,18.506903417154742
26.11499132,1.036107063,-0.07067877054,2.34707737,2.566570769,-1.7343494415191636,18.489545523387427
26.12497047,1.933731079,0.2103403807,1.289804935,2.333914252,-1.7336525894406496,18.472241667153803
26.13498024,1.277107239,0.1594983935,1.812798738,2.223214318,-1.7318015889072376,18.454897467518403
26.14498986,0.7090883255,0.2190377116,2.201064348,2.32281468,-1.7299070876230724,18.43757227331702
26.15496924,1.921357155,0.1645128131,1.966207743,2.75402445,-1.727993289405482,18.420318422384764
26.16497901,2.335374832,0.356585443,2.28535533,3.286940487,-1.7253852525600009,18.40303465992076
26.17498886,1.336483955,0.5655686855,2.642499924,3.014774145,-1.7207699403084182,18.385786911642093
26.18496801,1.469995499,0.6630582809,2.430893421,2.917152014,-1.7146396139125433,18.368645678015593
26.19497778,1.239356995,0.7264022827,1.604842424,2.153876794,-1.7076855235796902,18.351517334269836
26.20498762,1.359597206,0.6169177294,1.721864939,2.279015339,-1.7009623143847292,18.334457324532647
26.21496678,1.187737465,0.5115654469,1.901130676,2.299286268,-1.695331657297926,18.317511244057417
26.22497662,1.628158569,0.5184746981,2.276075125,2.846091058,-1.6901763887754133,18.300567047127466
26.2349864,1.447003365,0.5050750971,2.688434124,3.094607831,-1.6850536346409144,18.28367439213557
26.24496555,1.284930229,0.5852322578,2.677697897,3.027145275,-1.6796134643205896,18.26688613329527
26.2549754,1.59962368,0.7024185658,2.192774773,2.803649223,-1.6731688685222836,18.250105709178065
26.26498516,1.872778893,0.774402976,1.634850383,2.603792719,-1.6657775539241604,18.233394683007294
26.27496432,1.721538544,0.6786167622,1.443224907,2.346724057,-1.6585275956988321,18.216807796518836
26.28497416,1.668985367,0.4975138903,1.496975064,2.296511826,-1.6526411558735206,18.200235661810712
26.29498393,1.987350464,0.289013505,1.633700728,2.588835403,-1.6487046767106945,18.1837128055734
26.30499355,2.292438507,0.1418741941,1.67216444,2.841044968,-1.6465481656453622,18.16722069119545
26.31497286,2.441971779,0.110581398,1.506395817,2.871355563,-1.6452884993379622,18.15079556192083
26.3249827,2.772634506,0.1275473833,1.292579532,3.0617858,-1.6440966838378583,18.134332452229852
26.33499232,2.99138546,0.1871153116,1.1232692,3.2008019,-1.6425218568357955,18.1178835508913
26.3449717,2.921628952,0.2379596233,1.206407666,3.169851727,-1.640400864683875,18.101502784216965
26.35498155,2.937823296,0.2187370062,1.397001505,3.260408686,-1.6381151323054741,18.08509405754073
26.36499132,3.284238815,0.2470407486,1.369598508,3.566938996,-1.635783968207142,18.06870856904106
26.37497047,3.492510796,0.2295739651,1.515825987,3.814192481,-1.6334058633470325,18.052396701187284
26.38498024,3.386693954,0.2275208235,1.834151983,3.858182884,-1.6311181564959902,18.036058133888233
26.39499009,3.343704224,0.196845293,2.136779547,3.973025653,-1.6289942359103666,18.01974151587267
26.40496924,3.336662292,0.146504283,2.245872259,4.024763467,-1.6272810674496965,18.00349408602591
26.41497901,2.84973526,0.01905065775,2.054529667,3.513181768,-1.626452484010061,17.987209523780212
26.42498886,2.45536232,-0.147146821,1.661044002,2.968084144,-1.6270935956999149,17.97092576966722
26.43496801,2.280592918,-0.2306361198,1.400281906,2.686091304,-1.6289785720167569,17.95467935338099
26.44497778,1.988204956,-0.1791151762,1.439723015,2.461268688,-1.631029330131838,17.938363388731645
26.45498763,1.973823547,-0.2704137564,1.644440651,2.583270805,-1.6332791887248317,17.9220257694179
26.46496678,1.720685959,-0.3838848472,3.878629923,4.26050441,-1.636543860679889,17.905710742076167
26.47497655,1.784600258,-0.3171463013,1.759930611,2.526407649,-1.6400524409595494,17.889311754395035
26.4849864,1.7681427,-0.2817983031,1.668077707,2.447084414,-1.643050113783726,17.872880072341236
26.49496555,1.527537346,-0.1906840056,3.108537674,3.468823605,-1.6454075996991575,17.856472065945486
26.50497532,1.438093185,-0.1726059616,2.369153738,2.776831695,-1.6472258242066473,17.83999281431168
26.51498517,0.9797592163,-0.3090689182,2.714355946,2.90227151,-1.6496365708544303,17.823492265289083
26.52496432,0.6071910858,-0.4230791926,2.756817579,2.854421164,-1.653289678764375,17.807012067047143
26.53497416,0.4038000107,-0.4709568918,2.571002722,2.644789186,-1.6577642578439111,17.79044050697873
26.54498393,0.1620388031,-0.4423538148,2.584985971,2.627562738,-1.6623352728997127,17.773823790638804
26.55499378,0.357831955,-0.3929774165,2.691124201,2.743104887,-1.6665160430625265,17.757163139466265
26.56497293,0.3354597092,-0.3532965779,2.662704706,2.706907468,-1.6702396331281348,17.740514146763235
26.5749827,0.1391296387,-0.3847067952,2.734214067,2.764648792,-1.6739332551401125,17.723776946037336
26.58499232,0.1210031509,-0.5656394958,2.791349649,2.850653025,-1.678689557760773,17.7069977058571
26.5949717,0.1630249023,-0.6216849089,2.886036634,2.956734127,-1.6846139384696588,17.690215864034997
26.60498147,0.2272596359,-0.5838207006,2.920464277,2.986905614,-1.6906473554120611,17.673323069414167
26.61499132,0.4423494339,-0.58191365,2.769002199,2.86385574,-1.6964817684067395,17.656370742184134
26.62497047,0.4419441223,-0.608474195,3.39355588,3.475885062,-1.702421297838455,17.639411660417373
26.63498024,0.303355217,-0.5141106248,2.95887661,3.018490503,-1.7080397057642998,17.622342695297355
26.64498986,0.1500396729,-0.4329198003,2.69118309,2.729908035,-1.7127794131061436,17.605222145563044
26.65496924,-0.05037879944,-0.3265618086,2.640817881,2.661409348,-1.7165689908952562,17.58811076012508
26.66497901,-0.2149152756,-0.2237087488,2.679031372,2.696932196,-1.719323031753929,17.570914515679302
26.67498886,0.02006530762,-0.1491236091,2.980523109,2.984318762,-1.7211890297427914,17.553695010849918
26.68496801,0.167432785,-0.1315283775,3.176746845,3.183874051,-1.722589363878831,17.536512020271562
26.69497778,0.2587823868,-0.1274764538,3.266812325,3.279524559,-1.723885653273932,17.51926280915534
26.70498763,0.1878528595,-0.1342977285,3.164347172,3.172761825,-1.72519581342328,17.502000415095626
26.71496678,-0.1175279617,-0.1511985064,2.8005867,2.807126587,-1.7266203182995312,17.484777319620186
26.72497663,-0.4992451668,-0.1304461956,2.60421896,2.654848082,-1.7280299289096885,17.467487054231672
26.7349864,-0.6874961853,-0.1002533436,2.584141254,2.675908773,-1.7291845535729375,17.450184093326513
26.74496555,-0.7109384537,0.00949549675,2.507041931,2.605913063,-1.729637396656634,17.432926041794197
26.7549754,-0.8233180046,0.08041036129,2.180565834,2.332206191,-1.7291874245800833,17.41561488297577
26.76498517,-0.7474999428,0.002342224121,2.182727814,2.307176274,-1.7287732574066486,17.398308187427904
26.77496432,-1.314295292,0.1677788496,1.984303474,2.385997095,-1.727924425550237,17.381060735086464
26.78497409,-1.461079121,0.2826801538,2.475525379,2.888405472,-1.7256699300410054,17.36377589250008
26.79498394,-1.41642952,0.1934207678,2.083763599,2.527005128,-1.723287080635966,17.346514121333414
26.80499355,-1.235274792,0.1703301668,1.78496933,2.177391027,-1.7214665781397256,17.32927380099821
26.81497286,-1.32715559,0.2112736702,1.329538822,1.890410538,-1.7195625066464189,17.312104253020156
26.8249827,-1.711282253,0.2616488934,2.180137157,2.783872324,-1.7171955670494063,17.294903553801955
26.83499255,-2.140254021,0.260743618,2.063817501,2.984630159,-1.7145810317092878,17.277727769308413
26.8449717,-2.574951649,0.3501454592,1.916532516,3.228943283,-1.7115329548419178,17.260632916613968
26.85498147,-2.436297894,0.355874896,1.521112919,2.894128345,-1.7079994041564828,17.2435185504034
26.86499132,-2.272271633,0.2983797789,0.641143322,2.379771759,-1.7047249085777079,17.226438121172485
26.87497047,-2.015089035,0.2614152431,-0.06538629532,2.03302659,-1.7019317693308122,17.20944035217881
26.88498024,-1.860714436,0.2694687843,-0.3543024063,1.913217664,-1.6992747558253385,17.192417704659153
26.89499009,-1.675345898,0.3124961853,-0.5633382797,1.794933915,-1.6963620647998634,17.175422797044686
26.90496924,-1.54460907,0.374646306,-0.6498184204,1.717102505,-1.6929335158038354,17.158511652548096
26.91497901,-1.523411751,0.4475752115,-0.6251688004,1.706441608,-1.6888183916642225,17.141586373152688
26.92498886,-1.462809086,0.4233922958,-0.5418634415,1.616380972,-1.6844592646127494,17.124703371478848
26.93496801,-1.525187969,0.4275921583,-0.6518983841,1.712893721,-1.6802132138551835,17.107915085797096
26.94497778,-1.583781719,0.4621701837,-0.6032710075,1.756673482,-1.675760055656143,17.091118825520116
26.95498763,-1.532599449,0.5062397718,-0.6955490112,1.757534695,-1.6709132364596107,17.07436897669357
26.96496678,-1.409743786,0.5976166725,-1.029447079,1.845070328,-1.6654054619415428,17.057722164323994
26.97497655,-1.864367485,0.7367731333,-1.360386848,2.422674792,-1.6587269944183416,17.041085263655145
26.9849864,-1.88779068,0.7037570477,-1.215533733,2.352987439,-1.6515172489022005,17.024517739485646
26.99496555,-2.02287364,0.8185706139,-1.183138371,2.482315858,-1.643921480860073,17.008074900785594
27.00497532,-2.003524303,0.8313468099,-1.043667793,2.407174613,-1.6356638338944578,16.99166095343756
27.01498517,-2.034125805,0.8557744026,-1.07475996,2.454613328,-1.6272199187599867,16.975330464971808
27.02496432,-2.156178713,0.9065436721,-1.058871746,2.567515812,-1.618426700552416,16.95913606774125
27.03497417,-2.077475786,0.8501850367,-0.8251628876,2.391571456,-1.6096344051195226,16.942979864011942
27.04498394,-2.064737797,0.7308155298,-0.8658690453,2.355199081,-1.6017216790992552,16.926907396116377
27.05499378,-1.896717787,0.6536981463,-0.91370821,2.204477789,-1.5947922989114698,16.910909099377555
27.06497294,-1.64178443,0.6145595908,-1.065185547,2.05128249,-1.5884642254715902,16.895025986288623
27.0749827,-1.545732737,0.5843802691,-1.301785946,2.10367218,-1.5824636753455743,16.879155872656384
27.08499232,-1.533257723,0.594681263,-1.293725014,2.092426692,-1.576562696399104,16.863345545880808
27.0949717,-1.457080126,0.4176867604,-1.518166065,2.145314178,-1.5715112937964266,16.847637632572674
27.10498147,-1.274480581,0.4528071284,-1.127272606,1.760704,-1.56715457198978,16.83192897086099
27.11499132,-1.144827843,0.4061183929,-1.143627167,1.668366277,-1.5628557141750863,16.816263504129502
27.12497047,-1.107637644,0.3652462363,-1.358369827,1.790372741,-1.559006932505346,16.80068673631419
27.13498024,-1.102734327,0.5234435201,-1.288968563,1.775234089,-1.554559142473886,16.785103696169017
27.14498986,-1.210268259,0.5196029544,-1.19801712,1.780444189,-1.5493388930478447,16.76956927624186
27.15496924,-1.188682318,0.5664902329,-1.390788078,1.915246281,-1.5439196247321054,16.754134875148278
27.16497901,-1.336927176,0.5604629517,-1.496549606,2.083543548,-1.5382793536427988,16.738708823714394
27.17498886,-1.407051444,0.598023653,-1.560739994,2.184796417,-1.532481215072771,16.723339897375016
27.18496801,-1.671509981,0.5763671994,-1.649819374,2.418273916,-1.5266215038354074,16.70807627492632
27.19497778,-1.850749493,0.5230208635,-1.471873283,2.421824822,-1.5211191930102201,16.692822683228787
27.20498763,-1.878738999,0.5824171305,-1.538147926,2.496951939,-1.5155865587580981,16.67762419869411
27.21496678,-2.016006947,0.611977458,-1.465981007,2.566690618,-1.5096270373791836,16.662529668565167
27.22497663,-1.961415172,0.6143056154,-1.573640823,2.588603157,-1.5034895825680474,16.647449245866078
27.2349864,-1.995356321,0.6343255043,-1.690509319,2.69102907,-1.4972403274065278,16.632430937750595
27.24496555,-1.957507133,0.6029535532,-1.795075893,2.723542661,-1.4910668307532025,16.61752055506192
27.2549754,-1.947179437,0.5383458138,-1.731050491,2.660424736,-1.4853547130188203,16.602623788466957
27.26498517,-1.958339453,0.4629781246,-1.615451813,2.580528379,-1.4803432018593812,16.587780811458252
27.27496432,-1.863721728,0.4093842506,-1.443342686,2.392549321,-1.4759904843611429,16.57302996280583
27.28497409,-1.619585752,0.3146995306,-1.408521175,2.169337619,-1.4723665283058718,16.55827377501849
27.29498394,-1.568238497,0.3792829514,-1.52994585,2.223502158,-1.468893198032147,16.54355299068264
27.30499355,-1.497014165,0.3972170353,-1.668734074,2.276731471,-1.4650069670162118,16.52886939246711
27.31497286,-1.391256094,0.4230866432,-1.904148579,2.39590852,-1.460913934665265,16.514270056610428
27.3249827,-1.197596192,0.3564525843,-2.055039883,2.405095425,-1.4570124031947664,16.49966606872355
27.33499255,-1.067212582,0.297809124,-2.045957565,2.32670912,-1.4537378724143533,16.485097981900395
27.34497171,-0.9900971651,0.2476670742,-1.925375938,2.179152101,-1.4510161752853383,16.470604479199075
27.35498147,-0.9974491596,0.2033360004,-1.628694057,1.920649548,-1.4487589590173344,16.456091452624907
27.36499132,-0.9502513409,0.2372100353,-1.52210331,1.809984723,-1.446554059149608,16.441600628117452
27.37497047,-0.9915616512,0.2935335636,-1.377876759,1.722759653,-1.4439058741571267,16.427178461495725
27.38498024,-1.092357516,0.3465635777,-1.468299866,1.862593824,-1.4407022615760914,16.412741329506314
27.39499009,-1.244344592,0.4439918995,-1.570473671,2.052293795,-1.4367455907043665,16.39833991881424
27.40496924,-1.377703428,0.49528265,-1.593409061,2.163867851,-1.4320590098940453,16.38402580309921
27.41497901,-1.457254052,0.521471262,-1.585519314,2.215715041,-1.4269702734911853,16.369716690324235
27.42498886,-1.370842934,0.4227182865,-1.460858345,2.047439426,-1.4222446756151592,16.355456583195082
27.43496801,-1.522778869,0.4145565033,-1.197379112,1.981017243,-1.4180670302558431,16.34128463491526
27.44497778,-1.905489445,0.3731095791,-0.927529335,2.151839085,-1.4141248520950307,16.327109840246163
27.45498763,-2.20364809,0.4202158451,-0.4387054443,2.285849673,-1.4101543178463154,16.31297453482154
27.46496678,-2.008667469,0.4546816349,-0.4426221848,2.106512471,-1.4057889512525445,16.298924174684625
27.47497655,-2.084467888,0.4750363827,-0.03743362427,2.13823928,-1.4011358194920287,16.284875839003398
27.4849864,-2.208952188,0.4478032589,-0.3102426529,2.275136926,-1.3965170762987942,16.270873796083933
27.49496555,-2.2939744,0.4425017834,-0.3672609329,2.364953904,-1.3920748325173604,16.2569599076105
27.50497532,-2.265559435,0.4124212265,-0.4451494217,2.345422953,-1.3877960411689572,16.243046973572852
27.51498517,-2.184423923,0.4068369865,-0.4808301926,2.273416347,-1.3836957152572584,16.22917586519382
27.52496432,-2.347045422,0.4020226002,-0.4795503616,2.429035391,-1.37965984968495,16.215387895350876
27.53497417,-2.426484585,0.4166750908,-0.3698482513,2.489625133,-1.3755623291438206,16.2015982149875
27.54498394,-2.182296276,0.3781540394,-0.2535333633,2.229281651,-1.3715843007525197,16.18784906202673
27.55499378,-2.067904472,0.2983961105,-0.2069015503,2.099542187,-1.3681982213762827,16.174136669686078
27.56497294,-1.969084859,0.1920931339,-0.01644134521,1.978500764,-1.3657508860522092,16.160495411898633
27.57498271,-1.87633872,0.1068470478,0.1671676636,1.886798429,-1.3642547248209216,16.14683204776686
27.58499232,-1.725420356,0.03806066513,0.3203763962,1.755324772,-1.3635294899747108,16.13318001968973
27.59497171,-1.550677061,-0.002337932587,0.4798192978,1.623216366,-1.3633512444347546,16.11957371652365
27.60498148,-1.462376118,0.02623105049,0.5095186234,1.548819294,-1.3632316621273586,16.10592748263334
27.61499132,-1.403979659,0.07566928864,0.481751442,1.486260131,-1.36272165908204,16.09228430433695
27.62497048,-1.3814466,0.1680674553,0.3729104996,1.440730238,-1.3615055150992117,16.0786915549132
27.63498024,-1.39289546,0.241489172,0.2312488556,1.432463199,-1.3594557333263706,16.06507347038018
27.64498986,-1.426582813,0.3055410385,0.1640548706,1.468130733,-1.3567179510585585,16.051479537162837
27.65496924,-1.533937573,0.3077838421,0.327003479,1.598319945,-1.3536576500350772,16.037955603129816
27.66497901,-1.455780387,0.1931557655,0.8906259537,1.717504083,-1.3511505049070942,16.02441834936727
27.67498886,-1.107130647,0.01329016685,1.658016205,1.993723309,-1.3501172584991274,16.010898706806504
27.68496801,-0.8917318583,-0.07723045349,2.24710083,2.418803917,-1.3504362933548393,15.997424092318013
27.69497778,-0.748853147,-0.0470354557,2.369818687,2.485766276,-1.3510582299397558,15.983903422900795
27.70498763,-0.5082762241,0.008267641068,2.179390907,2.237891374,-1.3512522599444028,15.970378561572208
27.71496678,-0.1666319221,0.02400302887,1.931745529,1.939067594,-1.351091243016447,15.956895015988422
27.72497663,0.1963958442,0.1343796253,1.569228172,1.587169263,-1.3502985497110254,15.943374762680056
27.7349864,0.4560851157,0.2578473091,1.297436714,1.399228679,-1.3483354990104508,15.92986840960912
27.74496555,0.5518986583,0.4014675617,1.19034481,1.372111184,-1.3450457980139792,15.91642958162402
27.7549754,0.6066587567,0.5365180969,1.317228317,1.546278421,-1.3403512501416108,15.902989370802782
27.76498517,0.5124211311,0.6917030811,1.541577339,1.765641317,-1.3342041443911563,15.889603528627015
27.77496432,0.3552623689,0.8333644867,1.796375275,2.011882662,-1.326594705381551,15.876327273206162
27.78497409,0.2164978385,0.9253695011,2.007471085,2.22106285,-1.3177924440270206,15.863092419627893
27.79498394,0.06098550558,0.9689490795,1.961546898,2.18866347,-1.3083115216050083,15.849948966237699
27.80499355,-0.1591492295,1.022529364,1.778726578,2.057853983,-1.29834456033359,15.836903160845536
27.81497286,-0.3104685247,1.093465328,1.456660271,1.847678617,-1.2877864768386764,15.823999259185252
27.82498271,-0.4564584792,1.201037526,1.117464066,1.702812797,-1.2763026621421212,15.81116618535134
27.83499255,-0.5302586555,1.271164417,0.7779312134,1.581837599,-1.2639294891935633,15.79845252665248
27.84497171,-0.577162981,1.308840394,0.5267305374,1.524344234,-1.2510563487886934,15.785903803615
27.85498148,-0.6079830527,1.324894667,0.3346796036,1.495660291,-1.2378748076879205,15.773446989403917
27.86499132,-0.6251261234,1.221092463,0.2059736252,1.387182254,-1.2251323457812382,15.761119835641374
27.87497048,-0.6521983147,1.073916674,0.1015062332,1.260540828,-1.2136812140914455,15.748951180279304
27.88498024,-0.6126622558,0.9054955244,0.04433345795,1.094185834,-1.2037744935679182,15.736852104557155
27.89499009,-0.5660461187,0.7473763227,-0.06682014465,0.9399172879,-1.1955019939385718,15.724843905682922
27.90496924,-0.4730740786,0.7639374733,-0.08038520813,0.9021426321,-1.1879611804048955,15.712951437414798
27.91497901,-0.2409101725,0.8514014482,-0.1391429901,0.8957024668,-1.179876594866764,15.701100681650908
27.92498886,-0.4478070736,0.5791896582,-0.3170986176,0.7978366804,-1.1727165936735653,15.689326129186753
27.93496801,-0.4255396724,0.4057770967,-0.4567241669,0.7445374602,-1.1678020281774855,15.677647935984131
27.94497778,-0.293682456,0.3225197792,-0.5487356186,0.7009844307,-1.1641569860677468,15.66597674929312
27.95498763,-0.002659678459,0.202716589,-0.6344280243,0.6660330377,-1.1615282174376327,15.654336869275962
27.96496678,0.091553092,0.1399753094,-0.5919876099,0.6151620812,-1.1598183305086736,15.642754336573994
27.97497655,0.1431216002,0.1093646288,-0.625919342,0.6513213011,-1.1585704127920755,15.63115106752848
27.9849864,0.140527308,0.1251446009,-0.7051944733,0.7298687146,-1.1573967116856192,15.619559825768004
27.99496555,0.08864921331,0.1276341677,-0.7575531006,0.7733277856,-1.156135453061282,15.608016283517088
28.00497532,0.03701484203,0.1889101267,-0.8475456238,0.8691321642,-1.1545511852704038,15.596451562621201
28.01498517,0.02218830585,0.1808269024,-0.7557945251,0.7774419938,-1.1527006791700356,15.584903940083567
28.02496432,1.835823059e-05,0.1695039272,-0.8094673157,0.8270241332,-1.1509526772209342,15.573409688887853
28.03497417,-0.05941808224,0.1523066759,-0.8627157211,0.8780696143,-1.1493420392882134,15.561896886353825
28.04498394,-0.0275182724,0.1490648985,-1.032887459,1.043951197,-1.1478337092160724,15.550399785907771
28.05499378,0.2019193172,0.1616170406,-1.071320534,1.10209762,-1.1462787709654323,15.538917936473464
28.06497294,-0.0004386901855,0.1349009275,-1.255760193,1.262985398,-1.14479927084216,15.52748641929762
28.07498271,-0.1849319935,0.1031757593,-1.105356216,1.125458771,-1.143607724403545,15.51603320545322
28.08499232,-0.2657219172,0.05417001247,-1.194535255,1.224931428,-1.1428202394982616,15.504590079347345
28.09497171,-0.2828376293,-0.01758229733,-1.066040039,1.103062839,-1.1426376779589662,15.4931863414039
28.10498148,0.05204904079,-0.0001759529114,-1.045057297,1.046352659,-1.1427265559592257,15.481748356230026
28.11499132,0.04655957222,-0.07175350189,-0.9083347321,0.9123531905,-1.1430865571261504,15.470308044464081
28.12497048,0.08361625671,-0.2047994137,-0.7115697861,0.7451617534,-1.14446644002272,15.458894115780566
28.13498024,0.1037182808,-0.3358751535,-0.5439805984,0.6476762247,-1.1471724513506076,15.44742473812591
28.14498986,0.1758785248,-0.445768714,-0.3573875427,0.5978033602,-1.1510844303951095,15.435922399101583
28.15496924,0.2659370899,-0.5477002859,-0.1470146179,0.6263476965,-1.156041532729221,15.42441055575464
28.16497902,0.3015172482,-0.653208375,-0.01393508911,0.7195748875,-1.1620519484770733,15.412808752871484
28.17498886,0.3067052364,-0.7340011597,0.09205913544,0.8008125179,-1.1689948212214831,15.401142050272886
28.18496802,0.2933821678,-0.7852908373,0.08277606964,0.8423815485,-1.1765754501838745,15.389438639758087
28.19497778,0.07647383213,-0.772089839,-0.02722930908,0.7763455427,-1.1843699535830743,15.377622391325682
28.20498763,-0.09642696381,-0.5887668133,0.01619243622,0.5968305578,-1.1911809390635888,15.365732937274299
28.21496678,-0.09586799145,-0.3231329918,0.279917717,0.4381318642,-1.1957309315336204,15.353823261477563
28.22497663,0.1248605251,-0.04877722263,0.8374271393,0.8480881922,-1.1975923142635765,15.341844858131592
28.2349864,0.4103807211,0.05293214321,1.254444122,1.32092551,-1.1975715193638894,15.329857338588129
28.24496555,0.6002162695,-0.02965807915,1.34365654,1.471921217,-1.1974553916757071,15.317907172188479
28.2549754,0.7230181694,-0.2122017145,1.059043884,1.299753357,-1.1986658818034408,15.305914764923811
28.26498517,0.6722118855,-0.3618068695,0.6048707962,0.9739823971,-1.2015387287553736,15.293902016871494
28.27496432,0.6887216568,-0.5514144897,0.1101751328,0.8891198007,-1.2060953152187037,15.281888946236533
28.28497409,0.827043891,-0.7729171515,-0.3953323364,1.199037187,-1.2127234427847708,15.269783036516882
28.29498394,0.9584069252,-0.8548419476,-0.8095026016,1.518088618,-1.2208702549938364,15.257603082579024
28.30499355,1.139110565,-0.9539392591,-1.068937302,1.830355142,-1.2299228522210321,15.245337340982072
28.31497286,1.269660592,-0.9899155498,-1.103410721,1.951790469,-1.239622017087536,15.2330151640772
28.32498271,1.314771652,-1.012742281,-1.078063011,1.979012704,-1.2496451693313522,15.220556568504213
28.33499255,1.212166786,-1.000883818,-0.9713878632,1.847893697,-1.2597232068667579,15.207997380530813
28.34497171,0.9874612689,-0.9779074192,-0.8173780441,1.612293257,-1.2695965440480665,15.195377137288043
28.35498148,0.6666288376,-0.9572860599,-0.4751329422,1.259580057,-1.279281964863712,15.182620293471969
28.36499132,0.444822669,-0.9152171612,-0.2134103775,1.03972768,-1.2886536936850617,15.169767980935783
28.37497048,0.2019155025,-0.8615779281,-0.04469585419,0.8860497253,-1.2975191549267315,15.156864064613806
28.38498025,0.1349029541,-0.8562902212,0.1643247604,0.8822892818,-1.306116887459141,15.14383316563981
28.39499009,0.09503293037,-0.8174545765,0.2834348679,0.8704013826,-1.3144938462720444,15.130717218566346
28.40496925,0.1307803392,-0.7679957151,0.2215929031,0.809953289,-1.3224045773380062,15.11756020292987
28.41497902,0.1849406958,-0.6432486773,0.1316194534,0.6821257965,-1.329467693228863,15.104287887180993
28.42498886,0.3026171923,-0.556594491,-0.01535129547,0.6337272716,-1.33547281229875,15.09095007314607
28.43496802,0.4049077034,-0.5049037933,-0.2067909241,0.6794413699,-1.3407692429081277,15.077596749312251
28.44497779,0.5270446539,-0.4223169684,-0.4152488708,0.7928173269,-1.3454098761900486,15.064152731731763
28.45498763,0.5999011993,-0.3806121349,-0.5684108734,0.9098560146,-1.3494284721177376,15.050665281385548
28.46496678,0.6462860107,-0.3653388023,-0.673242569,1.002204373,-1.3531504502652172,15.0371805611589
28.47497655,0.6463917494,-0.4190794826,-0.8156137466,1.121907166,-1.357076373573039,15.023616187581675
28.4849864,0.5810453892,-0.4888268709,-0.8949651718,1.173681436,-1.3616203767793296,15.01000931424842
28.49496555,0.4184398651,-0.4979042411,-0.8990516663,1.109637081,-1.3665437456674867,14.996396934747162
28.50497532,0.213778615,-0.3823699355,-0.9621343613,1.057171033,-1.3709494166898393,14.982696096281277
28.51498517,0.03614330292,-0.3096051216,-0.9330015182,0.9836938054,-1.3744126999524953,14.96895576478964
28.52496432,-0.04359281063,-0.3434756398,-1.013899803,1.071386326,-1.3776712953925574,14.955224035288568
28.53497417,-0.07393467426,-0.3768568039,-1.07774353,1.144123465,-1.3812765052483438,14.94141570846744
28.54498394,-0.1332679987,-0.4111366868,-1.124712944,1.204895407,-1.3852203220500459,14.927569709993946
28.55499378,-0.2190407515,-0.4133762717,-1.075834274,1.173148831,-1.389346943446301,14.91368322279552
28.56497294,-0.2427504063,-0.3870828152,-1.087909698,1.179961176,-1.3933408980971156,14.89979877919511
28.57498271,-0.2469171286,-0.3046944141,-0.9202766418,1.000357862,-1.3968031635753806,14.885834429033007
28.58499232,-0.1868902445,-0.2532236576,-0.9055747986,0.9587053249,-1.3995954347302153,14.871838999346213
28.59497171,-0.03891861439,-0.1770877838,-1.349523544,1.361649198,-1.4017425575778113,14.857861177172687
28.60498148,-0.3163050413,-0.185281992,0.7283325195,0.8153812327,-1.4035561766331661,14.843820979617316
28.61499132,-0.2055494785,-0.1318925619,-1.321933746,1.344304677,-1.4051436099014716,14.82976366188169
28.62497048,-0.2319957018,-0.1963281631,-1.000388145,1.045534885,-1.4067812934665171,14.815733337622344
28.63498025,-0.2516299486,-0.2410042286,-0.6765441895,0.7609945529,-1.4089700917937507,14.801640825750527
28.64498986,-0.3977165222,-0.1998543739,-0.3621053696,0.5737948253,-1.411176503131835,14.787526541971515
28.65496925,-0.5879282951,-0.1316941977,-0.2874412537,0.6675518828,-1.412830829381805,14.773435606704506
28.66497902,-0.713804841,-0.06729638577,-0.1104125977,0.7254220126,-1.4138267543681553,14.75928851056346
28.67498886,-0.7884560823,-0.0387339592,-0.07783126831,0.7932345301,-1.4143574277623026,14.745133674986633
28.68496802,-0.7797802687,-0.07029378414,-0.07909011841,0.786926763,-1.414901430409917,14.731016861573073
28.69497779,-0.7560981512,-0.1687344313,0.005751609802,0.7747185318,-1.4160977391399494,14.71684803629438
28.70498763,-0.6579017639,-0.2702945471,0.02403068542,0.7116680033,-1.4182950440545237,14.702662127165912
28.71496678,-0.6124694347,-0.3075386286,-0.08894538879,0.6910934081,-1.4211781860221668,14.688494362523953
28.72497663,-0.2628287077,-0.2367646694,0.3730916977,0.5141340809,-1.4239023832059092,14.67425494765601
28.7349864,-0.003522992134,-0.1159694195,0.05410861969,0.1280197659,-1.4256677767564334,14.659993176705967
28.74496556,0.1039901972,-0.1061120033,0.2634677887,0.3024714764,-1.4267758697820079,14.645760680936071
28.7549754,-0.2152023315,-0.03422880173,-0.2978334427,0.3690371444,-1.4274782642839186,14.631475367335405
28.76498517,-0.2236535549,-0.08705210686,-0.1461677551,0.2810053284,-1.428085261284107,14.617183600279743
28.77496432,-0.4148536921,-0.01419687271,0.04480552673,0.4175076912,-1.428590450661345,14.602930002564314
28.78497417,-0.4404097795,0.1348787546,0.02662181854,0.4613694545,-1.4279864468936265,14.588633049435314
